# F2B_VS_F1: C:\Users\BAIJUN~1\AppData\Local\Temp\drc-probe-e-p5o4nbxs\probe_e_F2b.brd vs C:\Users\BAIJUN~1\AppData\Local\Temp\drc-probe-e-p5o4nbxs\probe_e_F1.brd
# size_a=5494892 size_b=5494892 diff_bytes=50509 ranges=33993
[36, 39]
[64, 64]
[96, 96]
[120, 120]
[144, 145]
[152, 153]
[244, 244]
[262, 263]
[265, 269]
[271, 275]
[279, 286]
[288, 293]
[295, 299]
[301, 306]
[312, 312]
[320, 320]
[328, 328]
[1592, 1594]
[1600, 1601]
[1604, 1605]
[1688, 1688]
[21220, 21220]
[21400, 21400]
[21460, 21460]
[21516, 21516]
[21520, 21520]
[21576, 21576]
[21580, 21580]
[21760, 21760]
[21816, 21816]
[21820, 21820]
[21880, 21880]
[21940, 21940]
[22000, 22000]
[22120, 22120]
[22240, 22240]
[22536, 22536]
[22540, 22540]
[22596, 22596]
[22600, 22600]
[22660, 22660]
[22720, 22720]
[23016, 23016]
[23020, 23020]
[23196, 23196]
[23200, 23200]
[24456, 24456]
[24460, 24460]
[24516, 24516]
[24520, 24520]
[24576, 24576]
[24580, 24580]
[24640, 24640]
[24696, 24696]
[24700, 24700]
[24760, 24760]
[24820, 24820]
[24876, 24876]
[24880, 24880]
[24936, 24936]
[24940, 24940]
[301462, 301465]
[301472, 301472]
[301476, 301477]
[301488, 301488]
[301490, 301492]
[301496, 301497]
[301500, 301500]
[301504, 301505]
[301516, 301516]
[301518, 301520]
[301524, 301525]
[301536, 301537]
[301540, 301543]
[301568, 301568]
[301572, 301572]
[301584, 301585]
[301588, 301591]
[301616, 301623]
[301648, 301649]
[301652, 301656]
[301668, 301668]
[301670, 301670]
[301672, 301672]
[301676, 301676]
[301680, 301688]
[301712, 301712]
[301714, 301716]
[301720, 301721]
[301728, 301730]
[301736, 301738]
[301744, 301746]
[301752, 301753]
[301756, 301757]
[301760, 301760]
[301764, 301764]
[301768, 301768]
[301776, 301777]
[301780, 301780]
[301784, 301785]
[301788, 301789]
[301792, 301793]
[301796, 301796]
[301800, 301801]
[301804, 301805]
[301808, 301809]
[301812, 301812]
[301816, 301818]
[301828, 301828]
[301830, 301833]
[301836, 301837]
[301840, 301840]
[301844, 301848]
[301850, 301850]
[301852, 301860]
[301864, 301864]
[301868, 301868]
[301872, 301874]
[301884, 301884]
[301888, 301889]
[301892, 301892]
[301896, 301897]
[301900, 301900]
[301904, 301905]
[301908, 301908]
[301912, 301914]
[301932, 301932]
[301936, 301936]
[301940, 301940]
[301944, 301944]
[301948, 301948]
[301956, 301957]
[301960, 301961]
[301968, 301969]
[301972, 301977]
[301980, 301981]
[301988, 302004]
[302012, 302045]
[302048, 302049]
[302052, 302053]
[302056, 302057]
[302060, 302061]
[302064, 302065]
[302068, 302069]
[302072, 302073]
[302076, 302077]
[302080, 302081]
[302084, 302085]
[302088, 302089]
[302092, 302093]
[302096, 302097]
[302100, 302101]
[302104, 302105]
[302112, 302141]
[302144, 302207]
[302212, 302299]
[302524, 302551]
[302580, 302580]
[302584, 302584]
[302587, 302589]
[302592, 302593]
[302596, 302597]
[302600, 302601]
[302604, 302604]
[302608, 302608]
[302612, 302612]
[302616, 302617]
[302620, 302620]
[302622, 302624]
[302644, 302645]
[302648, 302676]
[302684, 302684]
[302686, 302686]
[302688, 302688]
[302692, 302692]
[302694, 302695]
[302698, 302698]
[302704, 302704]
[302706, 302706]
[302708, 302708]
[302710, 302710]
[302712, 302712]
[302716, 302716]
[302718, 302718]
[302720, 302720]
[302722, 302722]
[302724, 302724]
[302726, 302726]
[302728, 302728]
[302732, 302732]
[302734, 302734]
[302736, 302736]
[302738, 302738]
[302750, 302750]
[302756, 302756]
[302762, 302762]
[302764, 302764]
[302784, 302784]
[302786, 302787]
[302789, 302789]
[302792, 302792]
[302794, 302795]
[302797, 302798]
[302801, 302801]
[302812, 302812]
[302815, 302815]
[302824, 302824]
[302826, 302828]
[302832, 302833]
[302836, 302836]
[302844, 302851]
[302872, 302872]
[302874, 302876]
[302880, 302881]
[302884, 302884]
[302888, 302888]
[302892, 302893]
[302896, 302896]
[302900, 302900]
[302902, 302905]
[302908, 302909]
[302912, 302912]
[302920, 302920]
[302924, 302924]
[302928, 302929]
[302952, 302952]
[302956, 302957]
[302980, 302980]
[302984, 302985]
[303008, 303008]
[303012, 303013]
[303036, 303036]
[303040, 303041]
[303064, 303064]
[303068, 303069]
[303092, 303092]
[303096, 303097]
[303120, 303120]
[303124, 303125]
[303148, 303148]
[303152, 303153]
[303176, 303176]
[303180, 303181]
[303204, 303204]
[303208, 303209]
[303232, 303232]
[303236, 303237]
[303260, 303260]
[303264, 303265]
[303292, 303293]
[303320, 303321]
[303348, 303349]
[303376, 303377]
[303404, 303405]
[303432, 303433]
[303460, 303461]
[303484, 303484]
[303488, 303489]
[303512, 303512]
[303516, 303517]
[303540, 303540]
[303544, 303545]
[303568, 303568]
[303572, 303573]
[303596, 303596]
[303600, 303601]
[303624, 303624]
[303628, 303629]
[303652, 303652]
[303656, 303657]
[303680, 303680]
[303684, 303685]
[303708, 303708]
[303712, 303713]
[303736, 303736]
[303740, 303741]
[303764, 303764]
[303766, 303768]
[303772, 303773]
[303776, 303776]
[303780, 303781]
[303784, 303786]
[303788, 303798]
[303800, 303803]
[303808, 303808]
[303810, 303810]
[303816, 303816]
[303818, 303820]
[303824, 303825]
[303828, 303828]
[303832, 303833]
[303836, 303837]
[303848, 303848]
[303850, 303852]
[303856, 303857]
[303860, 303860]
[303866, 303866]
[303868, 303875]
[303880, 303884]
[303896, 303896]
[303898, 303900]
[303904, 303905]
[303908, 303908]
[303912, 303916]
[303920, 303924]
[303926, 303928]
[303932, 303933]
[303936, 303936]
[303940, 303940]
[303942, 303942]
[303944, 303954]
[303960, 303960]
[303966, 303966]
[303976, 303976]
[303978, 303980]
[303984, 303985]
[303988, 303988]
[303992, 303992]
[304044, 304044]
[304048, 304048]
[304056, 304056]
[304058, 304058]
[304060, 304060]
[304062, 304062]
[304064, 304064]
[304066, 304066]
[304072, 304072]
[304076, 304076]
[304078, 304079]
[304084, 304086]
[304094, 304096]
[304104, 304104]
[304108, 304108]
[304112, 304112]
[304128, 304128]
[304160, 304160]
[304172, 304172]
[304174, 304176]
[304180, 304181]
[304188, 304189]
[304192, 304192]
[304196, 304231]
[304233, 304283]
[304286, 304287]
[304289, 304291]
[304294, 304299]
[304302, 304303]
[304306, 304307]
[304310, 304311]
[304314, 304315]
[304318, 304319]
[304322, 304323]
[304326, 304327]
[304329, 304331]
[304334, 304335]
[304338, 304339]
[304342, 304363]
[304366, 304367]
[304370, 304371]
[304374, 304375]
[304378, 304395]
[304398, 304399]
[304402, 304403]
[304406, 304407]
[304410, 304419]
[304422, 304431]
[304433, 304435]
[304438, 304439]
[304442, 304443]
[304446, 304447]
[304450, 304451]
[304454, 304455]
[304458, 304531]
[304548, 304555]
[304560, 304563]
[304592, 304595]
[304624, 304627]
[304656, 304683]
[304688, 304691]
[304720, 304721]
[304723, 304723]
[304752, 304753]
[304755, 304767]
[304784, 304785]
[304787, 304787]
[304816, 304819]
[304822, 304822]
[304824, 304827]
[304856, 304857]
[304859, 304859]
[304888, 304889]
[304891, 304891]
[304920, 305320]
[305456, 305456]
[305460, 305461]
[305464, 305492]
[305512, 305516]
[305641, 305642]
[305648, 305648]
[305650, 305650]
[305652, 305653]
[305656, 305656]
[305658, 305661]
[305664, 305665]
[305668, 305668]
[305672, 305672]
[305676, 305676]
[305688, 305688]
[305696, 305705]
[305708, 305708]
[305712, 305712]
[305716, 305716]
[305718, 305718]
[305724, 305730]
[305736, 305736]
[305740, 305740]
[305744, 305744]
[305752, 305758]
[305764, 305764]
[305768, 305768]
[305772, 305772]
[305774, 305774]
[305776, 305776]
[305778, 305778]
[305780, 305786]
[305792, 305792]
[305796, 305796]
[305800, 305800]
[305802, 305802]
[305804, 305804]
[305806, 305806]
[305808, 305814]
[305820, 305820]
[305824, 305824]
[305828, 305828]
[305830, 305830]
[305832, 305832]
[305834, 305834]
[305836, 305842]
[305848, 305848]
[305852, 305852]
[305856, 305856]
[305858, 305858]
[305860, 305860]
[305862, 305862]
[305864, 305870]
[305876, 305876]
[305880, 305880]
[305884, 305884]
[305886, 305886]
[305888, 305888]
[305890, 305890]
[305892, 305898]
[305904, 305904]
[305908, 305908]
[305912, 305912]
[305914, 305914]
[305916, 305916]
[305918, 305918]
[305920, 305926]
[305932, 305932]
[305936, 305936]
[305940, 305940]
[305944, 305944]
[305948, 305954]
[305960, 305960]
[305964, 305964]
[305968, 305968]
[305972, 305972]
[305974, 305974]
[305976, 305983]
[305988, 305988]
[305992, 305992]
[305996, 305996]
[306000, 306000]
[306002, 306002]
[306004, 306011]
[306016, 306016]
[306020, 306020]
[306024, 306024]
[306028, 306028]
[306030, 306030]
[306032, 306039]
[306044, 306044]
[306048, 306048]
[306052, 306052]
[306058, 306058]
[306060, 306067]
[306072, 306072]
[306076, 306076]
[306080, 306080]
[306082, 306082]
[306086, 306086]
[306088, 306095]
[306100, 306100]
[306104, 306104]
[306108, 306108]
[306110, 306110]
[306114, 306114]
[306116, 306123]
[306128, 306128]
[306132, 306132]
[306136, 306136]
[306138, 306138]
[306142, 306142]
[306144, 306151]
[306156, 306156]
[306160, 306160]
[306164, 306164]
[306166, 306166]
[306168, 306168]
[306172, 306179]
[306184, 306184]
[306188, 306188]
[306192, 306192]
[306194, 306194]
[306196, 306196]
[306198, 306198]
[306200, 306207]
[306212, 306212]
[306216, 306216]
[306220, 306220]
[306222, 306222]
[306224, 306224]
[306226, 306226]
[306228, 306235]
[306240, 306240]
[306244, 306244]
[306248, 306248]
[306250, 306250]
[306252, 306252]
[306254, 306254]
[306256, 306263]
[306268, 306268]
[306272, 306272]
[306276, 306276]
[306278, 306278]
[306280, 306280]
[306282, 306282]
[306284, 306291]
[306296, 306296]
[306300, 306300]
[306304, 306304]
[306306, 306306]
[306308, 306308]
[306310, 306310]
[306312, 306319]
[306324, 306324]
[306328, 306328]
[306332, 306332]
[306334, 306334]
[306336, 306336]
[306340, 306347]
[306352, 306352]
[306356, 306356]
[306360, 306360]
[306362, 306362]
[306364, 306364]
[306366, 306366]
[306368, 306375]
[306380, 306380]
[306384, 306384]
[306388, 306388]
[306392, 306392]
[306396, 306403]
[306408, 306408]
[306412, 306412]
[306416, 306416]
[306420, 306420]
[306422, 306422]
[306424, 306431]
[306436, 306436]
[306440, 306440]
[306444, 306444]
[306448, 306448]
[306450, 306450]
[306452, 306459]
[306464, 306464]
[306468, 306468]
[306472, 306472]
[306476, 306476]
[306478, 306478]
[306480, 306487]
[306492, 306492]
[306496, 306496]
[306500, 306500]
[306506, 306506]
[306508, 306515]
[306520, 306520]
[306524, 306524]
[306528, 306528]
[306530, 306530]
[306534, 306534]
[306536, 306543]
[306548, 306548]
[306552, 306552]
[306556, 306556]
[306558, 306558]
[306562, 306562]
[306564, 306571]
[306576, 306576]
[306580, 306580]
[306584, 306584]
[306586, 306586]
[306590, 306590]
[306592, 306599]
[306604, 306604]
[306608, 306608]
[306612, 306612]
[306616, 306616]
[306620, 306627]
[306632, 306632]
[306636, 306636]
[306640, 306640]
[306642, 306642]
[306644, 306644]
[306646, 306646]
[306648, 306655]
[306660, 306660]
[306664, 306664]
[306668, 306668]
[306670, 306670]
[306672, 306672]
[306674, 306674]
[306676, 306683]
[306688, 306688]
[306692, 306692]
[306696, 306696]
[306698, 306698]
[306700, 306700]
[306702, 306702]
[306704, 306711]
[306716, 306716]
[306720, 306720]
[306724, 306724]
[306726, 306726]
[306728, 306728]
[306730, 306730]
[306732, 306739]
[306744, 306744]
[306748, 306748]
[306752, 306752]
[306754, 306754]
[306756, 306756]
[306758, 306758]
[306760, 306767]
[306772, 306772]
[306776, 306776]
[306780, 306780]
[306782, 306782]
[306784, 306784]
[306788, 306795]
[306800, 306800]
[306804, 306804]
[306808, 306808]
[306810, 306810]
[306812, 306812]
[306814, 306814]
[306816, 306823]
[306828, 306828]
[306832, 306832]
[306836, 306836]
[306840, 306840]
[306844, 306851]
[306856, 306856]
[306860, 306860]
[306864, 306864]
[306868, 306868]
[306870, 306870]
[306872, 306879]
[306884, 306884]
[306888, 306888]
[306892, 306892]
[306894, 306894]
[306896, 306896]
[306898, 306898]
[306900, 306907]
[306912, 306912]
[306916, 306916]
[306920, 306920]
[306922, 306922]
[306924, 306924]
[306926, 306926]
[306928, 306935]
[306940, 306940]
[306944, 306944]
[306948, 306948]
[306950, 306950]
[306952, 306952]
[306954, 306954]
[306956, 306963]
[306968, 306968]
[306972, 306972]
[306976, 306976]
[306978, 306978]
[306980, 306980]
[306982, 306982]
[306984, 306991]
[306996, 306996]
[307000, 307000]
[307004, 307004]
[307006, 307006]
[307010, 307010]
[307012, 307019]
[307024, 307024]
[307028, 307028]
[307032, 307032]
[307034, 307034]
[307036, 307036]
[307038, 307038]
[307040, 307047]
[307052, 307052]
[307056, 307056]
[307060, 307060]
[307066, 307066]
[307068, 307075]
[307080, 307080]
[307084, 307084]
[307088, 307088]
[307090, 307090]
[307092, 307092]
[307094, 307094]
[307096, 307103]
[307108, 307108]
[307112, 307112]
[307116, 307116]
[307118, 307118]
[307120, 307120]
[307122, 307122]
[307124, 307131]
[307136, 307136]
[307140, 307140]
[307144, 307144]
[307146, 307146]
[307148, 307148]
[307150, 307150]
[307152, 307159]
[307164, 307164]
[307168, 307168]
[307172, 307172]
[307174, 307174]
[307176, 307176]
[307178, 307178]
[307180, 307187]
[307192, 307192]
[307196, 307196]
[307200, 307200]
[307202, 307202]
[307204, 307204]
[307206, 307206]
[307208, 307215]
[307220, 307220]
[307224, 307224]
[307228, 307228]
[307230, 307230]
[307232, 307232]
[307236, 307243]
[307248, 307248]
[307252, 307252]
[307256, 307256]
[307258, 307258]
[307260, 307260]
[307262, 307262]
[307264, 307271]
[307276, 307276]
[307280, 307280]
[307284, 307284]
[307286, 307286]
[307288, 307288]
[307290, 307290]
[307292, 307299]
[307304, 307304]
[307308, 307308]
[307312, 307312]
[307316, 307316]
[307318, 307318]
[307320, 307327]
[307332, 307332]
[307336, 307336]
[307340, 307340]
[307342, 307342]
[307344, 307344]
[307346, 307346]
[307348, 307355]
[307360, 307360]
[307364, 307364]
[307368, 307368]
[307370, 307370]
[307372, 307372]
[307374, 307374]
[307376, 307383]
[307388, 307388]
[307392, 307392]
[307396, 307396]
[307398, 307398]
[307400, 307400]
[307402, 307402]
[307404, 307411]
[307416, 307416]
[307420, 307420]
[307424, 307424]
[307426, 307426]
[307428, 307428]
[307430, 307430]
[307432, 307439]
[307444, 307444]
[307448, 307448]
[307452, 307452]
[307454, 307454]
[307456, 307456]
[307458, 307458]
[307460, 307467]
[307472, 307472]
[307476, 307476]
[307480, 307480]
[307482, 307482]
[307484, 307484]
[307486, 307486]
[307488, 307495]
[307500, 307500]
[307504, 307504]
[307508, 307508]
[307510, 307510]
[307514, 307514]
[307516, 307523]
[307528, 307528]
[307532, 307532]
[307536, 307536]
[307538, 307538]
[307540, 307540]
[307542, 307542]
[307544, 307551]
[307556, 307556]
[307560, 307560]
[307564, 307564]
[307566, 307566]
[307568, 307568]
[307570, 307570]
[307572, 307579]
[307584, 307584]
[307588, 307588]
[307592, 307592]
[307594, 307594]
[307596, 307596]
[307598, 307598]
[307600, 307607]
[307612, 307612]
[307616, 307616]
[307620, 307620]
[307622, 307622]
[307624, 307624]
[307626, 307626]
[307628, 307635]
[307640, 307640]
[307644, 307644]
[307648, 307648]
[307650, 307650]
[307652, 307652]
[307654, 307654]
[307656, 307663]
[307668, 307668]
[307672, 307672]
[307676, 307676]
[307678, 307678]
[307680, 307680]
[307682, 307682]
[307684, 307691]
[307696, 307696]
[307700, 307700]
[307704, 307704]
[307706, 307706]
[307708, 307708]
[307710, 307710]
[307712, 307719]
[307724, 307724]
[307728, 307728]
[307732, 307732]
[307734, 307734]
[307736, 307736]
[307738, 307738]
[307740, 307747]
[307752, 307752]
[307756, 307756]
[307760, 307760]
[307762, 307762]
[307764, 307764]
[307766, 307766]
[307768, 307775]
[307780, 307780]
[307784, 307784]
[307788, 307788]
[307790, 307790]
[307792, 307792]
[307794, 307794]
[307796, 307803]
[307808, 307808]
[307812, 307812]
[307816, 307816]
[307818, 307818]
[307820, 307820]
[307822, 307822]
[307824, 307831]
[307836, 307836]
[307840, 307840]
[307844, 307844]
[307846, 307846]
[307848, 307848]
[307850, 307850]
[307852, 307859]
[307864, 307864]
[307868, 307868]
[307872, 307872]
[307874, 307874]
[307876, 307876]
[307878, 307878]
[307880, 307887]
[307892, 307892]
[307896, 307896]
[307900, 307900]
[307902, 307902]
[307904, 307904]
[307906, 307906]
[307908, 307915]
[307920, 307920]
[307924, 307924]
[307928, 307928]
[307930, 307930]
[307932, 307932]
[307934, 307934]
[307936, 307943]
[307948, 307948]
[307952, 307952]
[307956, 307956]
[307960, 307960]
[307962, 307962]
[307964, 307971]
[307976, 307976]
[307980, 307980]
[307984, 307984]
[307986, 307986]
[307988, 307988]
[307990, 307990]
[307992, 307999]
[308004, 308004]
[308008, 308008]
[308012, 308012]
[308014, 308014]
[308016, 308016]
[308018, 308018]
[308020, 308027]
[308032, 308032]
[308036, 308036]
[308040, 308040]
[308042, 308042]
[308044, 308044]
[308046, 308046]
[308048, 308055]
[308060, 308060]
[308064, 308064]
[308068, 308068]
[308070, 308070]
[308072, 308072]
[308074, 308074]
[308076, 308083]
[308088, 308088]
[308092, 308092]
[308096, 308096]
[308098, 308098]
[308100, 308100]
[308102, 308102]
[308104, 308111]
[308116, 308116]
[308120, 308120]
[308124, 308124]
[308126, 308126]
[308128, 308128]
[308130, 308130]
[308132, 308139]
[308144, 308144]
[308148, 308148]
[308152, 308152]
[308154, 308154]
[308156, 308156]
[308158, 308158]
[308160, 308167]
[308172, 308172]
[308176, 308176]
[308180, 308180]
[308182, 308182]
[308184, 308184]
[308186, 308186]
[308188, 308195]
[308200, 308200]
[308204, 308204]
[308208, 308208]
[308210, 308210]
[308212, 308212]
[308214, 308214]
[308216, 308223]
[308228, 308228]
[308232, 308232]
[308236, 308236]
[308238, 308238]
[308240, 308240]
[308242, 308242]
[308244, 308251]
[308256, 308256]
[308260, 308260]
[308264, 308264]
[308266, 308266]
[308268, 308268]
[308270, 308270]
[308272, 308279]
[308284, 308284]
[308288, 308288]
[308292, 308292]
[308294, 308294]
[308296, 308296]
[308298, 308298]
[308300, 308307]
[308312, 308312]
[308316, 308316]
[308320, 308320]
[308322, 308322]
[308324, 308324]
[308326, 308326]
[308328, 308335]
[308340, 308340]
[308344, 308344]
[308348, 308348]
[308350, 308350]
[308352, 308352]
[308354, 308354]
[308356, 308363]
[308368, 308368]
[308372, 308372]
[308376, 308376]
[308378, 308378]
[308380, 308380]
[308382, 308382]
[308384, 308391]
[308396, 308396]
[308400, 308400]
[308404, 308404]
[308406, 308406]
[308412, 308419]
[308424, 308424]
[308428, 308428]
[308432, 308432]
[308434, 308434]
[308436, 308436]
[308438, 308438]
[308440, 308447]
[308452, 308452]
[308456, 308456]
[308460, 308460]
[308462, 308462]
[308464, 308464]
[308468, 308475]
[308480, 308480]
[308484, 308484]
[308488, 308488]
[308490, 308490]
[308492, 308492]
[308496, 308504]
[308508, 308508]
[308512, 308512]
[308516, 308516]
[308518, 308518]
[308520, 308520]
[308524, 308532]
[308536, 308536]
[308540, 308540]
[308544, 308544]
[308546, 308546]
[308548, 308548]
[308550, 308550]
[308552, 308560]
[308564, 308564]
[308568, 308568]
[308572, 308572]
[308574, 308574]
[308576, 308576]
[308580, 308588]
[308592, 308592]
[308596, 308596]
[308600, 308600]
[308604, 308604]
[308608, 308616]
[308620, 308620]
[308624, 308624]
[308628, 308628]
[308632, 308632]
[308636, 308644]
[308648, 308648]
[308652, 308652]
[308656, 308656]
[308660, 308660]
[308662, 308662]
[308664, 308672]
[308676, 308676]
[308680, 308680]
[308684, 308684]
[308688, 308688]
[308690, 308690]
[308692, 308700]
[308704, 308704]
[308708, 308708]
[308712, 308712]
[308718, 308718]
[308720, 308728]
[308732, 308732]
[308736, 308736]
[308740, 308740]
[308742, 308742]
[308744, 308744]
[308746, 308746]
[308748, 308756]
[308760, 308760]
[308764, 308764]
[308768, 308768]
[308770, 308770]
[308772, 308772]
[308774, 308774]
[308776, 308784]
[308788, 308788]
[308792, 308792]
[308796, 308796]
[308798, 308798]
[308802, 308802]
[308804, 308812]
[308816, 308816]
[308820, 308820]
[308824, 308824]
[308826, 308826]
[308830, 308830]
[308832, 308840]
[308844, 308844]
[308848, 308848]
[308852, 308852]
[308854, 308854]
[308860, 308868]
[308872, 308872]
[308876, 308876]
[308880, 308880]
[308882, 308882]
[308884, 308884]
[308886, 308886]
[308888, 308896]
[308900, 308900]
[308904, 308904]
[308908, 308908]
[308910, 308910]
[308912, 308912]
[308916, 308924]
[308928, 308928]
[308932, 308932]
[308936, 308936]
[308938, 308938]
[308940, 308940]
[308944, 308952]
[308956, 308956]
[308960, 308960]
[308964, 308964]
[308966, 308966]
[308968, 308968]
[308972, 308980]
[308984, 308984]
[308988, 308988]
[308992, 308992]
[308994, 308994]
[308996, 308996]
[308998, 308998]
[309000, 309008]
[309012, 309012]
[309016, 309016]
[309020, 309020]
[309022, 309022]
[309024, 309024]
[309028, 309036]
[309040, 309040]
[309044, 309044]
[309048, 309048]
[309052, 309052]
[309056, 309064]
[309068, 309068]
[309072, 309072]
[309076, 309076]
[309080, 309080]
[309084, 309092]
[309096, 309096]
[309100, 309100]
[309104, 309104]
[309108, 309108]
[309110, 309110]
[309112, 309120]
[309124, 309124]
[309128, 309128]
[309132, 309132]
[309136, 309136]
[309138, 309138]
[309140, 309148]
[309152, 309152]
[309156, 309156]
[309160, 309160]
[309166, 309166]
[309168, 309176]
[309180, 309180]
[309184, 309184]
[309188, 309188]
[309190, 309190]
[309192, 309192]
[309194, 309194]
[309196, 309204]
[309208, 309208]
[309212, 309212]
[309216, 309216]
[309218, 309218]
[309220, 309220]
[309222, 309222]
[309224, 309232]
[309236, 309236]
[309240, 309240]
[309244, 309244]
[309246, 309246]
[309250, 309250]
[309252, 309260]
[309264, 309264]
[309268, 309268]
[309272, 309272]
[309274, 309274]
[309278, 309278]
[309280, 309288]
[309292, 309292]
[309296, 309296]
[309300, 309300]
[309302, 309302]
[309308, 309316]
[309320, 309320]
[309324, 309324]
[309328, 309328]
[309330, 309330]
[309332, 309332]
[309334, 309334]
[309336, 309344]
[309348, 309348]
[309352, 309352]
[309356, 309356]
[309358, 309358]
[309360, 309360]
[309364, 309372]
[309376, 309376]
[309380, 309380]
[309384, 309384]
[309386, 309386]
[309388, 309388]
[309392, 309400]
[309404, 309404]
[309408, 309408]
[309412, 309412]
[309414, 309414]
[309416, 309416]
[309420, 309428]
[309432, 309432]
[309436, 309436]
[309440, 309440]
[309442, 309442]
[309444, 309444]
[309446, 309446]
[309448, 309456]
[309460, 309460]
[309464, 309464]
[309468, 309468]
[309470, 309470]
[309472, 309472]
[309476, 309484]
[309488, 309488]
[309492, 309492]
[309496, 309496]
[309500, 309500]
[309504, 309512]
[309516, 309516]
[309520, 309520]
[309524, 309524]
[309528, 309528]
[309532, 309540]
[309544, 309544]
[309548, 309548]
[309552, 309552]
[309556, 309556]
[309558, 309558]
[309560, 309568]
[309572, 309572]
[309576, 309576]
[309580, 309580]
[309584, 309584]
[309586, 309586]
[309588, 309596]
[309600, 309600]
[309604, 309604]
[309608, 309608]
[309614, 309614]
[309616, 309624]
[309628, 309628]
[309632, 309632]
[309636, 309636]
[309638, 309638]
[309640, 309640]
[309642, 309642]
[309644, 309652]
[309656, 309656]
[309660, 309660]
[309664, 309664]
[309666, 309666]
[309668, 309668]
[309670, 309670]
[309672, 309680]
[309684, 309684]
[309688, 309688]
[309692, 309692]
[309694, 309694]
[309698, 309698]
[309700, 309708]
[309712, 309712]
[309716, 309716]
[309720, 309720]
[309722, 309722]
[309726, 309726]
[309728, 309736]
[309740, 309740]
[309744, 309744]
[309748, 309748]
[309750, 309750]
[309756, 309764]
[309768, 309768]
[309772, 309772]
[309776, 309776]
[309778, 309778]
[309780, 309780]
[309782, 309782]
[309784, 309792]
[309796, 309796]
[309800, 309800]
[309804, 309804]
[309806, 309806]
[309808, 309808]
[309812, 309820]
[309824, 309824]
[309828, 309828]
[309832, 309832]
[309834, 309834]
[309836, 309836]
[309840, 309848]
[309852, 309852]
[309856, 309856]
[309860, 309860]
[309862, 309862]
[309864, 309864]
[309868, 309876]
[309880, 309880]
[309884, 309884]
[309888, 309888]
[309890, 309890]
[309892, 309892]
[309894, 309894]
[309896, 309904]
[309908, 309908]
[309912, 309912]
[309916, 309916]
[309918, 309918]
[309920, 309920]
[309924, 309932]
[309936, 309936]
[309940, 309940]
[309944, 309944]
[309948, 309948]
[309952, 309960]
[309964, 309964]
[309968, 309968]
[309972, 309972]
[309976, 309976]
[309980, 309988]
[309992, 309992]
[309996, 309996]
[310000, 310000]
[310004, 310004]
[310006, 310006]
[310008, 310016]
[310020, 310020]
[310024, 310024]
[310028, 310028]
[310032, 310032]
[310034, 310034]
[310036, 310044]
[310048, 310048]
[310052, 310052]
[310056, 310056]
[310062, 310062]
[310064, 310072]
[310076, 310076]
[310080, 310080]
[310084, 310084]
[310086, 310086]
[310088, 310088]
[310090, 310090]
[310092, 310100]
[310104, 310104]
[310108, 310108]
[310112, 310112]
[310114, 310114]
[310116, 310116]
[310118, 310118]
[310120, 310128]
[310132, 310132]
[310136, 310136]
[310140, 310140]
[310142, 310142]
[310146, 310146]
[310148, 310156]
[310160, 310160]
[310164, 310164]
[310168, 310168]
[310170, 310170]
[310174, 310174]
[310176, 310184]
[310188, 310188]
[310192, 310192]
[310196, 310196]
[310198, 310198]
[310204, 310212]
[310216, 310216]
[310220, 310220]
[310224, 310224]
[310226, 310226]
[310228, 310228]
[310230, 310230]
[310232, 310240]
[310244, 310244]
[310248, 310248]
[310252, 310252]
[310254, 310254]
[310256, 310256]
[310260, 310268]
[310272, 310272]
[310276, 310276]
[310280, 310280]
[310282, 310282]
[310284, 310284]
[310288, 310296]
[310300, 310300]
[310304, 310304]
[310308, 310308]
[310310, 310310]
[310312, 310312]
[310316, 310324]
[310328, 310328]
[310332, 310332]
[310336, 310336]
[310338, 310338]
[310340, 310340]
[310342, 310342]
[310344, 310352]
[310356, 310356]
[310360, 310360]
[310364, 310364]
[310366, 310366]
[310368, 310368]
[310372, 310380]
[310384, 310384]
[310388, 310388]
[310392, 310392]
[310396, 310396]
[310400, 310408]
[310412, 310412]
[310416, 310416]
[310420, 310420]
[310424, 310424]
[310428, 310436]
[310440, 310440]
[310444, 310444]
[310448, 310448]
[310452, 310452]
[310454, 310454]
[310456, 310464]
[310468, 310468]
[310472, 310472]
[310476, 310476]
[310480, 310480]
[310482, 310482]
[310484, 310492]
[310496, 310496]
[310500, 310500]
[310504, 310504]
[310510, 310510]
[310512, 310520]
[310524, 310524]
[310528, 310528]
[310532, 310532]
[310534, 310534]
[310536, 310536]
[310538, 310538]
[310540, 310548]
[310552, 310552]
[310556, 310556]
[310560, 310560]
[310562, 310562]
[310564, 310564]
[310566, 310566]
[310568, 310576]
[310580, 310580]
[310584, 310584]
[310588, 310588]
[310590, 310590]
[310594, 310594]
[310596, 310604]
[310608, 310608]
[310612, 310612]
[310616, 310616]
[310618, 310618]
[310622, 310622]
[310624, 310632]
[310636, 310636]
[310640, 310640]
[310644, 310644]
[310646, 310646]
[310652, 310660]
[310664, 310664]
[310668, 310668]
[310672, 310672]
[310674, 310674]
[310676, 310676]
[310678, 310678]
[310680, 310688]
[310692, 310692]
[310696, 310696]
[310700, 310700]
[310702, 310702]
[310704, 310704]
[310708, 310716]
[310720, 310720]
[310724, 310724]
[310728, 310728]
[310730, 310730]
[310732, 310732]
[310736, 310744]
[310748, 310748]
[310752, 310752]
[310756, 310756]
[310758, 310758]
[310760, 310760]
[310764, 310772]
[310776, 310776]
[310780, 310780]
[310784, 310784]
[310786, 310786]
[310788, 310788]
[310790, 310790]
[310792, 310800]
[310804, 310804]
[310808, 310808]
[310812, 310812]
[310814, 310814]
[310816, 310816]
[310820, 310828]
[310832, 310832]
[310836, 310836]
[310840, 310840]
[310844, 310844]
[310848, 310856]
[310860, 310860]
[310864, 310864]
[310868, 310868]
[310872, 310872]
[310876, 310884]
[310888, 310888]
[310892, 310892]
[310896, 310896]
[310900, 310900]
[310902, 310902]
[310904, 310912]
[310916, 310916]
[310920, 310920]
[310924, 310924]
[310928, 310928]
[310930, 310930]
[310932, 310940]
[310944, 310944]
[310948, 310948]
[310952, 310952]
[310958, 310958]
[310960, 310968]
[310972, 310972]
[310976, 310976]
[310980, 310980]
[310982, 310982]
[310984, 310984]
[310986, 310986]
[310988, 310996]
[311000, 311000]
[311004, 311004]
[311008, 311008]
[311010, 311010]
[311012, 311012]
[311014, 311014]
[311016, 311024]
[311028, 311028]
[311032, 311032]
[311036, 311036]
[311038, 311038]
[311042, 311042]
[311044, 311052]
[311056, 311056]
[311060, 311060]
[311064, 311064]
[311066, 311066]
[311070, 311070]
[311072, 311080]
[311084, 311084]
[311088, 311088]
[311092, 311092]
[311094, 311094]
[311096, 311096]
[311098, 311098]
[311100, 311104]
[311112, 311112]
[311116, 311116]
[311120, 311120]
[311122, 311122]
[311124, 311124]
[311126, 311126]
[311128, 311133]
[311140, 311140]
[311144, 311144]
[311148, 311148]
[311150, 311150]
[311152, 311152]
[311154, 311154]
[311156, 311159]
[311168, 311168]
[311172, 311172]
[311176, 311176]
[311180, 311180]
[311184, 311188]
[311196, 311196]
[311200, 311200]
[311204, 311204]
[311206, 311206]
[311208, 311208]
[311210, 311210]
[311212, 311217]
[311224, 311224]
[311228, 311228]
[311232, 311232]
[311234, 311234]
[311236, 311236]
[311238, 311238]
[311240, 311243]
[311252, 311252]
[311256, 311256]
[311260, 311260]
[311262, 311262]
[311268, 311270]
[311280, 311280]
[311284, 311284]
[311288, 311288]
[311290, 311290]
[311292, 311292]
[311296, 311301]
[311308, 311308]
[311312, 311312]
[311316, 311316]
[311322, 311322]
[311324, 311327]
[311336, 311336]
[311340, 311340]
[311344, 311344]
[311346, 311346]
[311348, 311348]
[311350, 311350]
[311352, 311355]
[311364, 311364]
[311368, 311368]
[311372, 311372]
[311374, 311374]
[311376, 311376]
[311378, 311378]
[311380, 311383]
[311392, 311392]
[311396, 311396]
[311400, 311400]
[311402, 311402]
[311404, 311404]
[311406, 311406]
[311408, 311412]
[311420, 311420]
[311424, 311424]
[311428, 311428]
[311430, 311430]
[311432, 311432]
[311434, 311434]
[311436, 311441]
[311448, 311448]
[311452, 311452]
[311456, 311456]
[311458, 311458]
[311460, 311460]
[311462, 311462]
[311464, 311467]
[311476, 311476]
[311480, 311480]
[311484, 311484]
[311486, 311486]
[311488, 311488]
[311490, 311490]
[311492, 311496]
[311504, 311504]
[311508, 311508]
[311512, 311512]
[311514, 311514]
[311516, 311516]
[311518, 311518]
[311520, 311523]
[311532, 311532]
[311536, 311536]
[311540, 311540]
[311542, 311542]
[311546, 311546]
[311548, 311553]
[311560, 311560]
[311564, 311564]
[311568, 311568]
[311570, 311570]
[311572, 311572]
[311574, 311586]
[311588, 311590]
[311592, 311594]
[311596, 311598]
[311600, 311602]
[311604, 311609]
[311612, 311613]
[311616, 311616]
[311620, 311620]
[311624, 311626]
[311628, 311630]
[311632, 311635]
[311640, 311641]
[311644, 311646]
[311648, 311648]
[311652, 311666]
[311672, 311672]
[311676, 311676]
[311680, 311680]
[311682, 311682]
[311684, 311684]
[311686, 311691]
[311693, 311693]
[311696, 311696]
[311700, 311700]
[311704, 311704]
[311708, 311708]
[311710, 311710]
[311712, 311712]
[311714, 311714]
[311716, 311720]
[311724, 311724]
[311728, 311728]
[311732, 311732]
[311736, 311736]
[311738, 311738]
[311742, 311742]
[311744, 311754]
[311756, 311756]
[311760, 311760]
[311764, 311764]
[311768, 311768]
[311770, 311770]
[311772, 311775]
[311784, 311784]
[311788, 311788]
[311792, 311792]
[311794, 311794]
[311796, 311796]
[311798, 311798]
[311800, 311805]
[311812, 311812]
[311816, 311816]
[311820, 311820]
[311822, 311822]
[311824, 311824]
[311826, 311826]
[311828, 311832]
[311836, 311836]
[311838, 311841]
[311844, 311845]
[311848, 311848]
[311850, 311850]
[311852, 311853]
[311855, 311862]
[311868, 311868]
[311872, 311872]
[311876, 311876]
[311878, 311878]
[311880, 311880]
[311882, 311882]
[311884, 311892]
[311896, 311896]
[311900, 311900]
[311904, 311904]
[311912, 311919]
[311924, 311924]
[311928, 311928]
[311932, 311932]
[311934, 311934]
[311936, 311936]
[311938, 311938]
[311940, 311944]
[311976, 311977]
[311980, 311983]
[312048, 312048]
[312076, 312077]
[312080, 312081]
[312084, 312085]
[312088, 312089]
[312092, 312093]
[312096, 312097]
[312100, 312101]
[312104, 312105]
[312108, 312109]
[312112, 312113]
[312116, 312117]
[312120, 312121]
[312124, 312125]
[312128, 312129]
[312132, 312133]
[312136, 312137]
[312140, 312143]
[312200, 312201]
[312204, 312207]
[312268, 312271]
[312328, 312328]
[312336, 312343]
[312400, 312407]
[312464, 312471]
[312528, 312539]
[312592, 312592]
[312594, 312597]
[312600, 312601]
[312604, 312604]
[312608, 312608]
[312612, 312612]
[312616, 312616]
[312624, 312752]
[312756, 312756]
[312768, 312864]
[312872, 312872]
[312876, 312877]
[312880, 312880]
[312884, 312884]
[312888, 312888]
[312892, 312892]
[312896, 312959]
[312961, 313160]
[313168, 313168]
[313176, 313176]
[313192, 313192]
[313200, 313200]
[313208, 313209]
[313212, 313213]
[313216, 313217]
[313220, 313221]
[313224, 313225]
[313228, 313229]
[313232, 313233]
[313236, 313237]
[313240, 313241]
[313244, 313245]
[313248, 313249]
[313252, 313253]
[313256, 313257]
[313260, 313261]
[313264, 313265]
[313268, 313269]
[313272, 313273]
[313276, 313277]
[313280, 313281]
[313284, 313285]
[313288, 313289]
[313292, 313293]
[313296, 313297]
[313300, 313301]
[313304, 313305]
[313308, 313309]
[313312, 313313]
[313316, 313317]
[313320, 313321]
[313324, 313325]
[313328, 313329]
[313332, 313333]
[313336, 313337]
[313340, 313341]
[313344, 313345]
[313348, 313349]
[313352, 313357]
[313360, 313361]
[313364, 313365]
[313368, 313446]
[313448, 313449]
[313452, 313453]
[313456, 313457]
[313460, 313461]
[313464, 313465]
[313468, 313469]
[313472, 313473]
[313476, 313477]
[313480, 313481]
[313484, 313485]
[313488, 313489]
[313492, 313493]
[313496, 313497]
[313500, 313501]
[313504, 313505]
[313508, 313509]
[313512, 313513]
[313516, 313517]
[313520, 313521]
[313524, 313525]
[313528, 313529]
[313532, 313533]
[313536, 313537]
[313540, 313541]
[313544, 313545]
[313548, 313549]
[313552, 313553]
[313556, 313557]
[313560, 313561]
[313564, 313565]
[313568, 313569]
[313572, 313573]
[313576, 313577]
[313580, 313581]
[313584, 313585]
[313588, 313589]
[313592, 313593]
[313596, 313597]
[313600, 313601]
[313604, 313605]
[313608, 313609]
[313612, 313613]
[313616, 313617]
[313620, 313621]
[313624, 313625]
[313628, 313629]
[313632, 313633]
[313636, 313637]
[313640, 313641]
[313644, 313645]
[313648, 313649]
[313652, 313653]
[313656, 313657]
[313660, 313661]
[313664, 313665]
[313668, 313669]
[313672, 313673]
[313676, 313677]
[313680, 313681]
[313684, 313685]
[313688, 313689]
[313692, 313693]
[313696, 313697]
[313700, 313701]
[313704, 313705]
[313708, 313709]
[313712, 313713]
[313716, 313717]
[313720, 313721]
[313724, 313725]
[313728, 313729]
[313732, 313733]
[313736, 313737]
[313740, 313741]
[313744, 313745]
[313748, 313749]
[313752, 313753]
[313756, 313757]
[313760, 313761]
[313764, 313765]
[313768, 313769]
[313772, 313773]
[313776, 313777]
[313780, 313781]
[313784, 313785]
[313788, 313789]
[313792, 313793]
[313796, 313797]
[313800, 313801]
[313804, 313805]
[313808, 313809]
[313812, 313813]
[313816, 313817]
[313820, 313821]
[313824, 313825]
[313828, 313829]
[313832, 313833]
[313836, 313837]
[313840, 313841]
[313844, 313845]
[313848, 313849]
[313852, 313853]
[313856, 313857]
[313860, 313861]
[313864, 313865]
[313868, 313869]
[313872, 313873]
[313876, 313877]
[313880, 313881]
[313884, 313885]
[313888, 313889]
[313892, 313893]
[313896, 313897]
[313900, 313901]
[313904, 313905]
[313908, 313909]
[313912, 313913]
[313916, 313917]
[313920, 313921]
[313924, 313925]
[313928, 313929]
[313932, 313933]
[313936, 313937]
[313940, 313941]
[313944, 313945]
[313948, 313949]
[313952, 313953]
[313956, 313957]
[313960, 313961]
[313964, 313965]
[313968, 313969]
[313972, 313973]
[313976, 313977]
[313980, 313981]
[313984, 313985]
[313988, 313989]
[313992, 313993]
[313996, 313997]
[314000, 314001]
[314004, 314005]
[314019, 314049]
[314264, 314264]
[314266, 314268]
[314272, 314273]
[314276, 314277]
[314280, 314281]
[314284, 314285]
[314288, 314289]
[314292, 314293]
[314296, 314296]
[314300, 314301]
[314304, 314304]
[314308, 314314]
[314316, 314316]
[314318, 314318]
[314320, 314320]
[314322, 314324]
[314328, 314328]
[314330, 314330]
[314332, 314332]
[314336, 314336]
[314338, 314338]
[314342, 314342]
[314344, 314345]
[314348, 314349]
[314352, 314353]
[314356, 314357]
[314360, 314361]
[314364, 314365]
[314368, 314369]
[314372, 314373]
[314376, 314377]
[314380, 314381]
[314384, 314385]
[314388, 314389]
[314392, 314392]
[314394, 314397]
[314400, 314406]
[314408, 314409]
[314412, 314414]
[314420, 314420]
[314972, 314973]
[314980, 314981]
[315028, 315028]
[315036, 315036]
[315048, 315048]
[315056, 315056]
[315068, 315068]
[315070, 315073]
[315076, 315081]
[315084, 315162]
[315164, 315165]
[315168, 315169]
[315172, 315173]
[315176, 315177]
[315180, 315181]
[315184, 315185]
[315188, 315189]
[315192, 315193]
[315196, 315197]
[315200, 315201]
[315204, 315204]
[315206, 315209]
[315212, 315213]
[315216, 315216]
[315220, 315220]
[315224, 315224]
[315228, 315228]
[315236, 315364]
[315368, 315368]
[315380, 315476]
[315484, 315484]
[315488, 315488]
[315492, 315492]
[315496, 315496]
[315500, 315500]
[315504, 315504]
[315508, 315508]
[315516, 315516]
[315532, 315532]
[315536, 315536]
[315540, 315636]
[315644, 315771]
[315780, 315780]
[315804, 315804]
[315812, 315812]
[315820, 315821]
[315824, 315825]
[315828, 315829]
[315832, 315833]
[315836, 315837]
[315840, 315841]
[315844, 315845]
[315848, 315849]
[315852, 315853]
[315856, 315857]
[315860, 315861]
[315864, 315865]
[315868, 315869]
[315872, 315873]
[315876, 315877]
[315880, 315881]
[315884, 315885]
[315888, 315889]
[315892, 315893]
[315896, 315897]
[315900, 315901]
[315904, 315905]
[315908, 315909]
[315912, 315913]
[315916, 315917]
[315920, 315921]
[315924, 315925]
[315928, 315929]
[315932, 315933]
[315936, 315937]
[315940, 315941]
[315944, 315945]
[315948, 315949]
[315952, 315953]
[315956, 315957]
[315960, 315961]
[315964, 315965]
[315968, 315969]
[315972, 315973]
[315976, 315977]
[315980, 315981]
[315984, 315985]
[315988, 315989]
[315992, 315993]
[315996, 315997]
[316000, 316001]
[316004, 316005]
[316008, 316009]
[316012, 316013]
[316016, 316017]
[316020, 316021]
[316024, 316025]
[316028, 316029]
[316032, 316033]
[316036, 316037]
[316040, 316041]
[316044, 316045]
[316048, 316049]
[316052, 316053]
[316056, 316057]
[316060, 316061]
[316064, 316065]
[316068, 316069]
[316072, 316073]
[316076, 316077]
[316080, 316081]
[316084, 316085]
[316088, 316089]
[316092, 316093]
[316096, 316097]
[316100, 316101]
[316104, 316105]
[316108, 316109]
[316112, 316113]
[316116, 316121]
[316124, 316125]
[316128, 316129]
[316132, 316133]
[316136, 316137]
[316140, 316141]
[316144, 316145]
[316149, 316149]
[316152, 316153]
[316156, 316165]
[316169, 316169]
[316173, 316173]
[316177, 316178]
[316180, 316181]
[316184, 316190]
[316192, 316193]
[316196, 316197]
[316200, 316201]
[316205, 316205]
[316208, 316209]
[316212, 316218]
[316220, 316221]
[316224, 316225]
[316228, 316229]
[316233, 316234]
[316236, 316238]
[316240, 316246]
[316248, 316249]
[316252, 316253]
[316256, 316257]
[316261, 316262]
[316264, 316266]
[316268, 316274]
[316276, 316277]
[316280, 316281]
[316284, 316285]
[316289, 316290]
[316292, 316294]
[316296, 316302]
[316304, 316305]
[316308, 316309]
[316312, 316313]
[316317, 316318]
[316320, 316322]
[316324, 316330]
[316332, 316333]
[316336, 316337]
[316340, 316341]
[316345, 316346]
[316348, 316350]
[316352, 316358]
[316360, 316361]
[316364, 316365]
[316368, 316369]
[316373, 316374]
[316376, 316378]
[316380, 316386]
[316388, 316389]
[316392, 316393]
[316396, 316397]
[316401, 316401]
[316404, 316405]
[316408, 316414]
[316416, 316417]
[316420, 316421]
[316424, 316425]
[316429, 316429]
[316432, 316434]
[316436, 316445]
[316448, 316449]
[316452, 316453]
[316457, 316457]
[316460, 316462]
[316464, 316473]
[316476, 316477]
[316480, 316481]
[316485, 316485]
[316488, 316490]
[316492, 316501]
[316504, 316505]
[316508, 316509]
[316513, 316513]
[316516, 316518]
[316520, 316529]
[316532, 316533]
[316536, 316537]
[316541, 316542]
[316544, 316546]
[316548, 316557]
[316560, 316561]
[316564, 316565]
[316569, 316570]
[316572, 316574]
[316576, 316585]
[316588, 316589]
[316592, 316593]
[316597, 316598]
[316600, 316602]
[316604, 316613]
[316616, 316617]
[316620, 316620]
[316624, 316624]
[316626, 316626]
[316628, 316628]
[316631, 316667]
[316672, 316672]
[316676, 316676]
[316680, 316680]
[316682, 316682]
[316684, 316684]
[316686, 316686]
[316688, 316695]
[316700, 316700]
[316704, 316704]
[316708, 316708]
[316710, 316710]
[316712, 316712]
[316714, 316714]
[316716, 316723]
[316728, 316728]
[316732, 316732]
[316736, 316736]
[316738, 316738]
[316740, 316740]
[316742, 316742]
[316744, 316751]
[316756, 316756]
[316760, 316760]
[316764, 316764]
[316766, 316766]
[316768, 316768]
[316770, 316770]
[316772, 316779]
[316784, 316784]
[316788, 316788]
[316792, 316792]
[316794, 316794]
[316796, 316796]
[316800, 316807]
[316812, 316812]
[316816, 316816]
[316820, 316820]
[316822, 316822]
[316824, 316824]
[316826, 316826]
[316828, 316835]
[316840, 316840]
[316844, 316844]
[316848, 316848]
[316852, 316852]
[316856, 316863]
[316868, 316868]
[316872, 316872]
[316876, 316876]
[316878, 316882]
[316884, 316896]
[316900, 316900]
[316904, 316904]
[316908, 316908]
[316910, 316910]
[316912, 316919]
[316924, 316924]
[316928, 316928]
[316932, 316932]
[316936, 316936]
[316938, 316938]
[316940, 316947]
[316952, 316953]
[316956, 316960]
[316966, 316966]
[316968, 316975]
[316980, 316980]
[316984, 316984]
[316988, 316988]
[316990, 316990]
[316994, 316994]
[316996, 317003]
[317008, 317008]
[317012, 317012]
[317016, 317018]
[317020, 317031]
[317036, 317036]
[317040, 317040]
[317044, 317044]
[317046, 317046]
[317050, 317050]
[317052, 317059]
[317064, 317064]
[317068, 317068]
[317072, 317072]
[317076, 317076]
[317080, 317088]
[317092, 317092]
[317096, 317096]
[317100, 317100]
[317102, 317102]
[317104, 317104]
[317106, 317106]
[317108, 317117]
[317120, 317121]
[317124, 317125]
[317128, 317130]
[317132, 317134]
[317136, 317145]
[317148, 317149]
[317152, 317153]
[317156, 317158]
[317160, 317162]
[317164, 317173]
[317176, 317177]
[317180, 317184]
[317186, 317186]
[317188, 317188]
[317190, 317190]
[317192, 317199]
[317204, 317204]
[317208, 317208]
[317212, 317212]
[317214, 317214]
[317216, 317216]
[317218, 317218]
[317220, 317227]
[317232, 317232]
[317236, 317236]
[317240, 317242]
[317244, 317255]
[317260, 317260]
[317264, 317264]
[317268, 317268]
[317270, 317270]
[317272, 317272]
[317274, 317274]
[317276, 317283]
[317288, 317288]
[317292, 317292]
[317296, 317296]
[317300, 317300]
[317304, 317311]
[317316, 317316]
[317320, 317320]
[317324, 317324]
[317328, 317328]
[317330, 317330]
[317332, 317339]
[317344, 317344]
[317348, 317348]
[317352, 317352]
[317354, 317354]
[317356, 317356]
[317358, 317358]
[317360, 317368]
[317372, 317372]
[317376, 317384]
[317386, 317386]
[317388, 317395]
[317400, 317400]
[317404, 317404]
[317408, 317408]
[317410, 317410]
[317412, 317412]
[317414, 317414]
[317416, 317423]
[317428, 317428]
[317432, 317432]
[317436, 317436]
[317438, 317438]
[317440, 317441]
[317443, 317451]
[317456, 317456]
[317460, 317460]
[317464, 317464]
[317466, 317466]
[317470, 317470]
[317472, 317479]
[317484, 317484]
[317488, 317488]
[317492, 317492]
[317494, 317494]
[317496, 317496]
[317498, 317498]
[317500, 317512]
[317516, 317516]
[317520, 317520]
[317526, 317526]
[317528, 317535]
[317540, 317540]
[317544, 317544]
[317548, 317548]
[317550, 317550]
[317552, 317552]
[317554, 317554]
[317556, 317563]
[317568, 317580]
[317582, 317582]
[317584, 317591]
[317596, 317596]
[317600, 317600]
[317604, 317604]
[317606, 317606]
[317608, 317608]
[317610, 317610]
[317612, 317619]
[317624, 317624]
[317628, 317628]
[317632, 317632]
[317634, 317636]
[317638, 317638]
[317640, 317648]
[317652, 317652]
[317656, 317656]
[317660, 317660]
[317662, 317662]
[317664, 317664]
[317666, 317666]
[317668, 317676]
[317680, 317680]
[317684, 317684]
[317688, 317688]
[317690, 317690]
[317692, 317692]
[317696, 317703]
[317708, 317708]
[317712, 317712]
[317716, 317716]
[317718, 317718]
[317720, 317720]
[317722, 317722]
[317724, 317731]
[317736, 317736]
[317740, 317740]
[317744, 317744]
[317746, 317746]
[317748, 317748]
[317750, 317750]
[317752, 317759]
[317764, 317764]
[317768, 317768]
[317772, 317772]
[317776, 317776]
[317778, 317778]
[317780, 317788]
[317792, 317793]
[317796, 317798]
[317800, 317802]
[317804, 317806]
[317808, 317817]
[317820, 317821]
[317824, 317825]
[317828, 317828]
[317830, 317830]
[317832, 317832]
[317834, 317834]
[317836, 317843]
[317848, 317848]
[317852, 317853]
[317856, 317858]
[317860, 317860]
[317862, 317862]
[317864, 317871]
[317873, 317874]
[317876, 317878]
[317880, 317880]
[317884, 317884]
[317886, 317886]
[317888, 317888]
[317890, 317890]
[317892, 317901]
[317904, 317905]
[317908, 317908]
[317912, 317912]
[317914, 317914]
[317916, 317916]
[317918, 317918]
[317920, 317941]
[317943, 317969]
[317971, 317973]
[317975, 317989]
[317992, 317992]
[317996, 317998]
[318000, 318002]
[318004, 318022]
[318024, 318026]
[318028, 318030]
[318032, 318052]
[318054, 318054]
[318056, 318056]
[318058, 318058]
[318060, 318137]
[318139, 318139]
[318141, 318188]
[318194, 318194]
[318197, 318223]
[318225, 318253]
[318255, 318281]
[318283, 318309]
[318311, 318324]
[318328, 318328]
[318332, 318337]
[318339, 318361]
[318363, 318365]
[318367, 318389]
[318391, 318406]
[318408, 318419]
[318421, 318421]
[318423, 318445]
[318447, 318447]
[318449, 318449]
[318451, 318459]
[318464, 318464]
[318468, 318585]
[318587, 318587]
[318589, 318600]
[318604, 318643]
[318645, 318668]
[318670, 318670]
[318672, 318674]
[318676, 318701]
[318703, 318729]
[318731, 318739]
[318744, 318744]
[318748, 318748]
[318752, 318752]
[318754, 318754]
[318756, 318756]
[318758, 318758]
[318760, 318767]
[318772, 318772]
[318776, 318776]
[318780, 318780]
[318782, 318782]
[318784, 318784]
[318786, 318786]
[318788, 318795]
[318800, 318800]
[318804, 318804]
[318808, 318808]
[318810, 318810]
[318812, 318812]
[318814, 318814]
[318816, 318823]
[318828, 318828]
[318832, 318832]
[318836, 318836]
[318838, 318838]
[318840, 318840]
[318842, 318842]
[318844, 318851]
[318856, 318856]
[318860, 318860]
[318864, 318864]
[318866, 318866]
[318872, 318879]
[318884, 318884]
[318888, 318888]
[318892, 318892]
[318894, 318894]
[318896, 318896]
[318898, 318898]
[318900, 318907]
[318912, 318912]
[318916, 318916]
[318920, 318920]
[318922, 318922]
[318924, 318924]
[318928, 318935]
[318940, 318940]
[318944, 318944]
[318948, 318948]
[318950, 318950]
[318952, 318952]
[318956, 318964]
[318968, 318968]
[318972, 318972]
[318976, 318976]
[318978, 318978]
[318980, 318980]
[318984, 318992]
[318996, 318996]
[319000, 319000]
[319004, 319004]
[319006, 319006]
[319008, 319008]
[319010, 319010]
[319012, 319020]
[319024, 319024]
[319028, 319028]
[319032, 319032]
[319034, 319034]
[319036, 319036]
[319040, 319048]
[319052, 319052]
[319056, 319056]
[319060, 319060]
[319064, 319064]
[319068, 319076]
[319080, 319080]
[319084, 319084]
[319088, 319088]
[319092, 319092]
[319096, 319104]
[319108, 319108]
[319112, 319112]
[319116, 319116]
[319120, 319120]
[319122, 319122]
[319124, 319132]
[319136, 319136]
[319140, 319140]
[319144, 319144]
[319148, 319148]
[319150, 319150]
[319152, 319160]
[319164, 319164]
[319168, 319168]
[319172, 319172]
[319178, 319178]
[319180, 319188]
[319192, 319192]
[319196, 319196]
[319200, 319200]
[319202, 319202]
[319204, 319204]
[319206, 319206]
[319208, 319216]
[319220, 319220]
[319224, 319224]
[319228, 319228]
[319230, 319230]
[319232, 319232]
[319234, 319234]
[319236, 319244]
[319248, 319248]
[319252, 319252]
[319256, 319256]
[319258, 319258]
[319262, 319262]
[319264, 319272]
[319276, 319276]
[319280, 319280]
[319284, 319284]
[319286, 319286]
[319290, 319290]
[319292, 319300]
[319304, 319304]
[319308, 319308]
[319312, 319312]
[319314, 319314]
[319320, 319328]
[319332, 319332]
[319336, 319336]
[319340, 319340]
[319342, 319342]
[319344, 319344]
[319346, 319346]
[319348, 319356]
[319360, 319360]
[319364, 319364]
[319368, 319368]
[319370, 319370]
[319372, 319372]
[319376, 319384]
[319388, 319388]
[319392, 319392]
[319396, 319396]
[319398, 319398]
[319400, 319400]
[319404, 319412]
[319416, 319416]
[319420, 319420]
[319424, 319424]
[319426, 319426]
[319428, 319428]
[319432, 319440]
[319444, 319444]
[319448, 319448]
[319452, 319452]
[319454, 319454]
[319456, 319456]
[319458, 319458]
[319460, 319468]
[319472, 319472]
[319476, 319476]
[319480, 319480]
[319482, 319482]
[319484, 319484]
[319488, 319496]
[319500, 319500]
[319504, 319504]
[319508, 319508]
[319512, 319512]
[319516, 319524]
[319528, 319528]
[319532, 319532]
[319536, 319536]
[319540, 319540]
[319544, 319552]
[319556, 319556]
[319560, 319560]
[319564, 319564]
[319568, 319568]
[319570, 319570]
[319572, 319580]
[319584, 319584]
[319588, 319588]
[319592, 319592]
[319596, 319596]
[319598, 319598]
[319600, 319608]
[319612, 319612]
[319616, 319616]
[319620, 319620]
[319626, 319626]
[319628, 319636]
[319640, 319640]
[319644, 319644]
[319648, 319648]
[319650, 319650]
[319652, 319652]
[319654, 319654]
[319656, 319664]
[319668, 319668]
[319672, 319672]
[319676, 319676]
[319678, 319678]
[319680, 319680]
[319682, 319682]
[319684, 319692]
[319696, 319696]
[319700, 319700]
[319704, 319704]
[319706, 319706]
[319710, 319710]
[319712, 319720]
[319724, 319724]
[319728, 319728]
[319732, 319732]
[319734, 319734]
[319738, 319738]
[319740, 319748]
[319752, 319752]
[319756, 319756]
[319760, 319760]
[319762, 319762]
[319768, 319776]
[319780, 319780]
[319784, 319784]
[319788, 319788]
[319790, 319790]
[319792, 319792]
[319794, 319794]
[319796, 319804]
[319808, 319808]
[319812, 319812]
[319816, 319816]
[319818, 319818]
[319820, 319820]
[319824, 319832]
[319836, 319836]
[319840, 319840]
[319844, 319844]
[319846, 319846]
[319848, 319848]
[319852, 319860]
[319864, 319864]
[319868, 319868]
[319872, 319872]
[319874, 319874]
[319876, 319876]
[319880, 319888]
[319892, 319892]
[319896, 319896]
[319900, 319900]
[319902, 319902]
[319904, 319904]
[319906, 319906]
[319908, 319916]
[319920, 319920]
[319924, 319924]
[319928, 319928]
[319930, 319930]
[319932, 319932]
[319936, 319944]
[319948, 319948]
[319952, 319952]
[319956, 319956]
[319960, 319960]
[319964, 319972]
[319976, 319976]
[319980, 319980]
[319984, 319984]
[319988, 319988]
[319992, 320000]
[320004, 320004]
[320008, 320008]
[320012, 320012]
[320016, 320016]
[320018, 320018]
[320020, 320028]
[320032, 320032]
[320036, 320036]
[320040, 320040]
[320044, 320044]
[320046, 320046]
[320048, 320056]
[320060, 320060]
[320064, 320064]
[320068, 320068]
[320074, 320074]
[320076, 320084]
[320088, 320088]
[320092, 320092]
[320096, 320096]
[320098, 320098]
[320100, 320100]
[320102, 320102]
[320104, 320112]
[320116, 320116]
[320120, 320120]
[320124, 320124]
[320126, 320126]
[320128, 320128]
[320130, 320130]
[320132, 320140]
[320144, 320144]
[320148, 320148]
[320152, 320152]
[320154, 320154]
[320158, 320158]
[320160, 320168]
[320172, 320172]
[320176, 320176]
[320180, 320180]
[320182, 320182]
[320186, 320186]
[320188, 320196]
[320200, 320200]
[320204, 320204]
[320208, 320208]
[320210, 320210]
[320216, 320224]
[320228, 320228]
[320232, 320232]
[320236, 320236]
[320238, 320238]
[320240, 320240]
[320242, 320242]
[320244, 320252]
[320256, 320256]
[320260, 320260]
[320264, 320264]
[320266, 320266]
[320268, 320268]
[320272, 320280]
[320284, 320284]
[320288, 320288]
[320292, 320292]
[320294, 320294]
[320296, 320296]
[320300, 320308]
[320312, 320312]
[320316, 320316]
[320320, 320320]
[320322, 320322]
[320324, 320324]
[320328, 320336]
[320340, 320340]
[320344, 320344]
[320348, 320348]
[320350, 320350]
[320352, 320352]
[320354, 320354]
[320356, 320364]
[320368, 320368]
[320372, 320372]
[320376, 320376]
[320378, 320378]
[320380, 320380]
[320384, 320392]
[320396, 320396]
[320400, 320400]
[320404, 320404]
[320408, 320408]
[320412, 320420]
[320424, 320424]
[320428, 320428]
[320432, 320432]
[320436, 320436]
[320440, 320448]
[320452, 320452]
[320456, 320456]
[320460, 320460]
[320464, 320464]
[320466, 320466]
[320468, 320476]
[320480, 320480]
[320484, 320484]
[320488, 320488]
[320492, 320492]
[320494, 320494]
[320496, 320504]
[320508, 320508]
[320512, 320512]
[320516, 320516]
[320522, 320522]
[320524, 320532]
[320536, 320536]
[320540, 320540]
[320544, 320544]
[320546, 320546]
[320548, 320548]
[320550, 320550]
[320552, 320560]
[320564, 320564]
[320568, 320568]
[320572, 320572]
[320574, 320574]
[320576, 320576]
[320578, 320578]
[320580, 320588]
[320592, 320592]
[320596, 320596]
[320600, 320600]
[320602, 320602]
[320606, 320606]
[320608, 320616]
[320620, 320620]
[320624, 320624]
[320628, 320628]
[320630, 320630]
[320634, 320634]
[320636, 320644]
[320648, 320648]
[320652, 320652]
[320656, 320656]
[320658, 320658]
[320664, 320672]
[320676, 320676]
[320680, 320680]
[320684, 320684]
[320686, 320686]
[320688, 320688]
[320690, 320690]
[320692, 320700]
[320704, 320704]
[320708, 320708]
[320712, 320712]
[320714, 320714]
[320716, 320716]
[320720, 320728]
[320732, 320732]
[320736, 320736]
[320740, 320740]
[320742, 320742]
[320744, 320744]
[320748, 320756]
[320760, 320760]
[320764, 320764]
[320768, 320768]
[320770, 320770]
[320772, 320772]
[320776, 320784]
[320788, 320788]
[320792, 320792]
[320796, 320796]
[320798, 320798]
[320800, 320800]
[320802, 320802]
[320804, 320812]
[320816, 320816]
[320820, 320820]
[320824, 320824]
[320826, 320826]
[320828, 320828]
[320832, 320840]
[320844, 320844]
[320848, 320848]
[320852, 320852]
[320856, 320856]
[320860, 320868]
[320872, 320872]
[320876, 320876]
[320880, 320880]
[320884, 320884]
[320888, 320896]
[320900, 320900]
[320904, 320904]
[320908, 320908]
[320912, 320912]
[320914, 320914]
[320916, 320924]
[320928, 320928]
[320932, 320932]
[320936, 320936]
[320940, 320940]
[320942, 320942]
[320944, 320952]
[320956, 320956]
[320960, 320960]
[320964, 320964]
[320970, 320970]
[320972, 320980]
[320984, 320984]
[320988, 320988]
[320992, 320992]
[320994, 320994]
[320996, 320996]
[320998, 320998]
[321000, 321008]
[321012, 321012]
[321016, 321016]
[321020, 321020]
[321022, 321022]
[321024, 321024]
[321026, 321026]
[321028, 321036]
[321040, 321040]
[321044, 321044]
[321048, 321048]
[321050, 321050]
[321054, 321054]
[321056, 321064]
[321068, 321068]
[321072, 321072]
[321076, 321076]
[321078, 321078]
[321082, 321082]
[321084, 321092]
[321096, 321096]
[321100, 321100]
[321104, 321104]
[321106, 321106]
[321112, 321120]
[321124, 321124]
[321128, 321128]
[321132, 321132]
[321134, 321134]
[321136, 321136]
[321138, 321138]
[321140, 321148]
[321152, 321152]
[321156, 321156]
[321160, 321160]
[321162, 321162]
[321164, 321164]
[321168, 321176]
[321180, 321180]
[321184, 321184]
[321188, 321188]
[321190, 321190]
[321192, 321192]
[321196, 321204]
[321208, 321208]
[321212, 321212]
[321216, 321216]
[321218, 321218]
[321220, 321220]
[321224, 321232]
[321236, 321236]
[321240, 321240]
[321244, 321244]
[321246, 321246]
[321248, 321248]
[321250, 321250]
[321252, 321260]
[321264, 321264]
[321268, 321268]
[321272, 321272]
[321274, 321274]
[321276, 321276]
[321280, 321288]
[321292, 321292]
[321296, 321296]
[321300, 321300]
[321304, 321304]
[321308, 321316]
[321320, 321320]
[321324, 321324]
[321328, 321328]
[321332, 321332]
[321336, 321344]
[321348, 321348]
[321352, 321352]
[321356, 321356]
[321360, 321360]
[321362, 321362]
[321364, 321372]
[321376, 321376]
[321380, 321380]
[321384, 321384]
[321388, 321388]
[321390, 321390]
[321392, 321400]
[321404, 321404]
[321408, 321408]
[321412, 321412]
[321418, 321418]
[321420, 321428]
[321432, 321432]
[321436, 321436]
[321440, 321440]
[321442, 321442]
[321444, 321444]
[321446, 321446]
[321448, 321456]
[321460, 321460]
[321464, 321464]
[321468, 321468]
[321470, 321470]
[321472, 321472]
[321474, 321474]
[321476, 321484]
[321488, 321488]
[321492, 321492]
[321496, 321496]
[321498, 321498]
[321502, 321502]
[321504, 321512]
[321516, 321516]
[321520, 321520]
[321524, 321524]
[321526, 321526]
[321530, 321530]
[321532, 321540]
[321544, 321544]
[321548, 321548]
[321552, 321552]
[321554, 321554]
[321556, 321556]
[321558, 321558]
[321560, 321564]
[321572, 321572]
[321576, 321576]
[321580, 321580]
[321582, 321582]
[321584, 321584]
[321586, 321586]
[321588, 321593]
[321600, 321600]
[321604, 321604]
[321608, 321608]
[321610, 321610]
[321612, 321612]
[321614, 321614]
[321616, 321619]
[321628, 321628]
[321632, 321632]
[321636, 321636]
[321640, 321640]
[321644, 321648]
[321656, 321656]
[321660, 321660]
[321664, 321664]
[321666, 321666]
[321668, 321668]
[321670, 321670]
[321672, 321677]
[321684, 321684]
[321688, 321688]
[321692, 321692]
[321694, 321694]
[321696, 321696]
[321698, 321698]
[321700, 321703]
[321712, 321712]
[321716, 321716]
[321720, 321720]
[321722, 321722]
[321728, 321730]
[321740, 321740]
[321744, 321744]
[321748, 321748]
[321750, 321750]
[321752, 321752]
[321756, 321761]
[321768, 321768]
[321772, 321772]
[321776, 321776]
[321782, 321782]
[321784, 321787]
[321796, 321796]
[321800, 321800]
[321804, 321804]
[321806, 321806]
[321808, 321808]
[321810, 321810]
[321812, 321815]
[321824, 321824]
[321828, 321828]
[321832, 321832]
[321834, 321834]
[321836, 321836]
[321838, 321838]
[321840, 321843]
[321852, 321852]
[321856, 321856]
[321860, 321860]
[321862, 321862]
[321864, 321864]
[321866, 321866]
[321868, 321872]
[321880, 321880]
[321884, 321884]
[321888, 321888]
[321890, 321890]
[321892, 321892]
[321894, 321894]
[321896, 321901]
[321908, 321908]
[321912, 321912]
[321916, 321916]
[321918, 321918]
[321920, 321920]
[321922, 321922]
[321924, 321927]
[321936, 321936]
[321940, 321940]
[321944, 321944]
[321946, 321946]
[321948, 321948]
[321950, 321950]
[321952, 321956]
[321964, 321964]
[321968, 321968]
[321972, 321972]
[321974, 321974]
[321976, 321976]
[321978, 321978]
[321980, 321983]
[321992, 321992]
[321996, 321996]
[322000, 322000]
[322002, 322002]
[322006, 322006]
[322008, 322013]
[322020, 322020]
[322024, 322024]
[322028, 322028]
[322030, 322030]
[322032, 322032]
[322034, 322034]
[322036, 322043]
[322048, 322048]
[322052, 322052]
[322056, 322056]
[322058, 322058]
[322060, 322060]
[322062, 322062]
[322064, 322069]
[322076, 322076]
[322080, 322080]
[322084, 322084]
[322086, 322086]
[322088, 322088]
[322090, 322090]
[322092, 322095]
[322104, 322104]
[322108, 322108]
[322112, 322112]
[322114, 322114]
[322116, 322116]
[322118, 322118]
[322120, 322123]
[322132, 322132]
[322136, 322136]
[322140, 322140]
[322142, 322142]
[322144, 322144]
[322146, 322146]
[322148, 322152]
[322160, 322160]
[322164, 322164]
[322168, 322168]
[322170, 322170]
[322172, 322172]
[322174, 322174]
[322176, 322180]
[322188, 322188]
[322192, 322192]
[322196, 322196]
[322198, 322198]
[322202, 322202]
[322204, 322214]
[322216, 322216]
[322220, 322220]
[322224, 322224]
[322228, 322228]
[322230, 322230]
[322232, 322235]
[322244, 322244]
[322248, 322248]
[322252, 322252]
[322254, 322254]
[322256, 322256]
[322258, 322258]
[322260, 322265]
[322272, 322272]
[322276, 322276]
[322280, 322280]
[322282, 322282]
[322284, 322284]
[322286, 322286]
[322288, 322292]
[322300, 322300]
[322304, 322304]
[322308, 322308]
[322310, 322310]
[322314, 322314]
[322316, 322322]
[322328, 322328]
[322332, 322332]
[322336, 322336]
[322338, 322338]
[322340, 322340]
[322342, 322342]
[322344, 322352]
[322356, 322356]
[322360, 322360]
[322364, 322364]
[322372, 322376]
[322384, 322384]
[322388, 322388]
[322392, 322392]
[322394, 322394]
[322396, 322396]
[322398, 322398]
[322400, 322404]
[323336, 323337]
[323356, 323547]
[323549, 323579]
[323612, 323612]
[323614, 323614]
[323616, 323616]
[323619, 323620]
[323636, 323636]
[323652, 323652]
[323668, 323668]
[323812, 323812]
[323814, 323817]
[323820, 323821]
[323824, 323825]
[323836, 323836]
[323839, 323868]
[323871, 323900]
[323903, 323932]
[323935, 323963]
[323981, 323982]
[323988, 323988]
[323996, 324124]
[324130, 324130]
[324132, 324228]
[324230, 324628]
[324764, 324764]
[324768, 324769]
[324772, 324800]
[324820, 324824]
[324949, 324950]
[324956, 324956]
[324958, 324958]
[324960, 324961]
[324964, 324964]
[324966, 324968]
[324972, 324973]
[324976, 324976]
[324979, 324979]
[324984, 324985]
[324988, 324990]
[324996, 324997]
[325008, 325008]
[325010, 325013]
[325016, 325017]
[325020, 325020]
[325024, 325027]
[325032, 325039]
[325048, 325048]
[325052, 325054]
[325064, 325064]
[325068, 325069]
[325072, 325072]
[325076, 325077]
[325080, 325080]
[325084, 325085]
[325088, 325088]
[325092, 325094]
[325136, 325137]
[325140, 325141]
[325148, 325149]
[325152, 325157]
[325160, 325161]
[325168, 325184]
[325192, 325225]
[325228, 325229]
[325232, 325233]
[325236, 325266]
[325268, 325270]
[325272, 325273]
[325276, 325277]
[325280, 325281]
[325284, 325285]
[325292, 325321]
[325324, 325387]
[325392, 325479]
[325492, 325492]
[325494, 325496]
[325500, 325501]
[325504, 325504]
[325508, 325508]
[325510, 325510]
[325512, 325522]
[325528, 325528]
[325534, 325534]
[325544, 325544]
[325546, 325548]
[325552, 325553]
[325556, 325556]
[325560, 325564]
[325568, 325572]
[325574, 325576]
[325580, 325581]
[325584, 325584]
[325590, 325590]
[325592, 325599]
[325604, 325608]
[325620, 325620]
[325622, 325624]
[325628, 325629]
[325632, 325632]
[325636, 325637]
[325640, 325641]
[325652, 325652]
[325654, 325656]
[325660, 325661]
[325664, 325664]
[325668, 325669]
[325672, 325674]
[325676, 325686]
[325688, 325691]
[325696, 325696]
[325698, 325698]
[325704, 325733]
[325756, 325756]
[325760, 325761]
[325764, 325764]
[325767, 325769]
[325772, 325773]
[325776, 325777]
[325780, 325781]
[325784, 325784]
[325788, 325789]
[325792, 325792]
[325796, 325797]
[325800, 325800]
[325802, 325804]
[325812, 325812]
[325816, 325817]
[325824, 325825]
[325828, 325856]
[325864, 325864]
[325866, 325866]
[325868, 325868]
[325872, 325875]
[325878, 325878]
[325884, 325884]
[325886, 325886]
[325888, 325888]
[325890, 325890]
[325892, 325892]
[325896, 325896]
[325898, 325898]
[325900, 325902]
[325904, 325904]
[325906, 325906]
[325908, 325908]
[325912, 325912]
[325914, 325914]
[325916, 325916]
[325918, 325918]
[325924, 325924]
[325928, 325930]
[325936, 325936]
[325942, 325942]
[325944, 325944]
[325952, 325952]
[325956, 325957]
[325964, 325964]
[325966, 325967]
[325969, 325969]
[325972, 325972]
[325974, 325975]
[325977, 325978]
[325980, 325981]
[325984, 325985]
[325992, 325992]
[325995, 325995]
[326008, 326008]
[326012, 326013]
[326036, 326036]
[326040, 326041]
[326064, 326064]
[326068, 326069]
[326096, 326097]
[326124, 326125]
[326152, 326153]
[326180, 326181]
[326208, 326209]
[326236, 326237]
[326264, 326265]
[326288, 326288]
[326292, 326293]
[326316, 326316]
[326320, 326321]
[326344, 326344]
[326348, 326349]
[326372, 326372]
[326376, 326377]
[326400, 326400]
[326404, 326405]
[326428, 326428]
[326432, 326433]
[326456, 326456]
[326460, 326461]
[326484, 326484]
[326488, 326489]
[326512, 326512]
[326516, 326517]
[326540, 326540]
[326544, 326545]
[326568, 326568]
[326570, 326572]
[326576, 326577]
[326580, 326580]
[326584, 326584]
[326588, 326589]
[326592, 326592]
[326596, 326596]
[326598, 326600]
[326604, 326605]
[326608, 326608]
[326616, 326623]
[326644, 326644]
[326646, 326649]
[326652, 326653]
[326656, 326657]
[326660, 326660]
[327276, 327276]
[327308, 327308]
[327340, 327340]
[327372, 327372]
[327404, 327411]
[327413, 327475]
[327477, 327640]
[327642, 327644]
[327646, 327646]
[327648, 327649]
[327652, 327652]
[327656, 327658]
[327660, 327660]
[327664, 327666]
[327672, 327674]
[327680, 327681]
[327684, 327685]
[327704, 327705]
[327708, 327708]
[327712, 327713]
[327716, 327717]
[327720, 327721]
[327724, 327724]
[327728, 327729]
[327732, 327733]
[327736, 327737]
[327740, 327740]
[327744, 327746]
[327756, 327756]
[327758, 327760]
[327764, 327765]
[327776, 327777]
[327780, 327783]
[327808, 327808]
[327812, 327812]
[327824, 327826]
[327828, 327832]
[327836, 327836]
[327840, 327840]
[327844, 327844]
[327856, 327863]
[327888, 327889]
[327892, 327895]
[327908, 327908]
[327912, 327912]
[327916, 327916]
[327920, 327927]
[327952, 327952]
[327954, 327956]
[327960, 327961]
[327964, 327964]
[327968, 327969]
[327980, 327980]
[327982, 327984]
[327988, 327988]
[327996, 327997]
[328004, 328005]
[461996, 461996]
[462376, 462376]
[462632, 462632]
[462760, 462760]
[463016, 463016]
[463104, 463104]
[463148, 463148]
[463236, 463236]
[463280, 463280]
[463324, 463324]
[463368, 463368]
[475200, 475200]
[476304, 476304]
[476332, 476332]
[477176, 477176]
[477204, 477204]
[482248, 482248]
[482280, 482280]
[482332, 482332]
[482364, 482364]
[482412, 482412]
[482416, 482416]
[482496, 482496]
[482500, 482500]
[482532, 482532]
[483056, 483056]
[483108, 483108]
[483560, 483560]
[483752, 483752]
[484172, 484172]
[484224, 484224]
[484664, 484664]
[484696, 484696]
[485120, 485121]
[485124, 485124]
[485144, 485145]
[485664, 485664]
[485668, 485668]
[485688, 485688]
[486248, 486248]
[486252, 486252]
[486272, 486272]
[486368, 486368]
[486416, 486416]
[486420, 486420]
[486440, 486440]
[523156, 523156]
[523188, 523188]
[523272, 523272]
[523356, 523356]
[523404, 523404]
[523408, 523408]
[523440, 523440]
[523492, 523492]
[523524, 523524]
[523692, 523692]
[524500, 524500]
[524532, 524532]
[524700, 524700]
[524752, 524752]
[524772, 524772]
[524784, 524784]
[525256, 525256]
[525276, 525276]
[525288, 525288]
[525760, 525760]
[525780, 525781]
[525792, 525792]
[526176, 526176]
[526180, 526180]
[526600, 526600]
[526632, 526632]
[526716, 526716]
[527136, 527136]
[527220, 527220]
[547612, 547612]
[548608, 548608]
[559520, 559520]
[559644, 559644]
[560044, 560044]
[560216, 560216]
[560256, 560256]
[560260, 560260]
[560372, 560372]
[560572, 560572]
[560576, 560576]
[561184, 561184]
[561188, 561188]
[561752, 561752]
[561884, 561884]
[561928, 561928]
[563492, 563492]
[563616, 563616]
[563644, 563644]
[563900, 563900]
[563972, 563972]
[564024, 564024]
[564052, 564052]
[564492, 564492]
[564580, 564580]
[564932, 564932]
[564976, 564976]
[565020, 565020]
[565328, 565328]
[565416, 565416]
[565504, 565504]
[565548, 565548]
[565636, 565636]
[565896, 565896]
[565900, 565900]
[566156, 566156]
[588328, 588328]
[588824, 588824]
[588868, 588868]
[588912, 588912]
[589088, 589088]
[589988, 589988]
[590836, 590836]
[590880, 590880]
[590924, 590924]
[590968, 590968]
[592276, 592276]
[592404, 592404]
[592408, 592408]
[592540, 592540]
[592624, 592624]
[592628, 592628]
[592668, 592668]
[592672, 592672]
[592716, 592716]
[592760, 592760]
[594624, 594625]
[594628, 594629]
[594980, 594980]
[595396, 595396]
[595400, 595400]
[595488, 595488]
[596008, 596008]
[596156, 596156]
[600944, 600944]
[601340, 601340]
[601420, 601420]
[601552, 601552]
[601704, 601704]
[601872, 601872]
[601916, 601916]
[602100, 602100]
[602444, 602444]
[602472, 602472]
[602884, 602884]
[603104, 603104]
[603320, 603320]
[603324, 603324]
[603368, 603368]
[603408, 603408]
[603412, 603412]
[603456, 603456]
[604264, 604264]
[604396, 604396]
[604780, 604780]
[604824, 604824]
[605000, 605000]
[605044, 605044]
[605088, 605088]
[605132, 605132]
[605220, 605220]
[605476, 605477]
[605520, 605520]
[605564, 605564]
[605608, 605608]
[605648, 605648]
[605652, 605652]
[605740, 605740]
[605828, 605828]
[605912, 605912]
[605916, 605916]
[605996, 605996]
[606080, 606080]
[606084, 606084]
[606160, 606160]
[606164, 606164]
[606252, 606252]
[606296, 606296]
[606912, 606912]
[607000, 607000]
[607044, 607045]
[607132, 607132]
[607528, 607528]
[607572, 607572]
[607616, 607616]
[607660, 607660]
[607704, 607704]
[607748, 607748]
[607792, 607792]
[607916, 607916]
[608004, 608004]
[608092, 608092]
[608728, 608728]
[608752, 608752]
[608948, 608948]
[609116, 609116]
[609160, 609160]
[609204, 609204]
[609336, 609336]
[609636, 609636]
[609640, 609640]
[609800, 609800]
[609844, 609844]
[609920, 609920]
[609924, 609924]
[610492, 610492]
[610768, 610768]
[610796, 610796]
[611156, 611156]
[611200, 611200]
[611332, 611332]
[611568, 611568]
[611604, 611604]
[611608, 611608]
[612988, 612988]
[613116, 613116]
[613120, 613120]
[613736, 613736]
[613780, 613780]
[613824, 613824]
[614332, 614332]
[614464, 614464]
[614596, 614596]
[615208, 615208]
[615212, 615212]
[615868, 615868]
[615872, 615872]
[616000, 616000]
[616004, 616004]
[616260, 616260]
[617080, 617080]
[617124, 617124]
[617168, 617168]
[617244, 617244]
[617404, 617404]
[617572, 617572]
[617652, 617652]
[617828, 617829]
[618080, 618080]
[618168, 618168]
[618256, 618256]
[618424, 618424]
[618500, 618500]
[618504, 618504]
[618584, 618584]
[618664, 618664]
[619256, 619257]
[619432, 619432]
[619800, 619800]
[619844, 619844]
[619888, 619888]
[620108, 620108]
[620368, 620368]
[620652, 620652]
[620788, 620788]
[621224, 621225]
[621268, 621269]
[621312, 621313]
[621356, 621357]
[621400, 621401]
[621444, 621445]
[621488, 621489]
[621572, 621572]
[621764, 621764]
[621808, 621808]
[621852, 621852]
[622676, 622676]
[622896, 622896]
[622940, 622940]
[623024, 623024]
[623028, 623028]
[623228, 623228]
[623448, 623448]
[623712, 623712]
[623800, 623800]
[623840, 623840]
[623884, 623884]
[624020, 624020]
[624280, 624280]
[624284, 624284]
[624372, 624372]
[624504, 624504]
[624548, 624548]
[624720, 624720]
[624724, 624724]
[624768, 624768]
[625144, 625145]
[625188, 625189]
[625232, 625233]
[625304, 625304]
[625356, 625357]
[625444, 625445]
[625488, 625489]
[625532, 625533]
[625576, 625577]
[625620, 625621]
[625664, 625665]
[625708, 625709]
[625752, 625753]
[625796, 625797]
[625840, 625841]
[626132, 626133]
[626176, 626177]
[629060, 629060]
[629064, 629064]
[629140, 629140]
[629144, 629144]
[629220, 629220]
[629224, 629224]
[631992, 631992]
[632028, 632028]
[632040, 632040]
[632088, 632088]
[632092, 632092]
[632112, 632112]
[632124, 632124]
[632180, 632180]
[632216, 632216]
[632228, 632228]
[632284, 632284]
[632320, 632320]
[632332, 632332]
[632484, 632484]
[632488, 632488]
[632520, 632520]
[632568, 632569]
[632572, 632573]
[632604, 632604]
[632652, 632653]
[632656, 632657]
[632688, 632688]
[632740, 632740]
[632772, 632772]
[632824, 632824]
[632856, 632856]
[632908, 632908]
[632940, 632940]
[632992, 632992]
[633024, 633024]
[633108, 633108]
[633140, 633140]
[633192, 633192]
[633224, 633224]
[633276, 633276]
[633308, 633308]
[633360, 633360]
[633392, 633392]
[633444, 633444]
[633476, 633476]
[633636, 633636]
[633684, 633684]
[633756, 633756]
[633768, 633768]
[633852, 633852]
[633964, 633964]
[634020, 634020]
[634068, 634068]
[634120, 634120]
[634152, 634152]
[634236, 634236]
[634292, 634292]
[634340, 634340]
[634396, 634396]
[634444, 634444]
[634500, 634500]
[634548, 634548]
[634596, 634596]
[634600, 634600]
[634632, 634632]
[634716, 634716]
[634764, 634764]
[634768, 634768]
[634800, 634800]
[634884, 634884]
[634968, 634968]
[635076, 635076]
[635128, 635128]
[635160, 635160]
[635244, 635244]
[635296, 635296]
[635328, 635328]
[635400, 635400]
[635412, 635412]
[635484, 635484]
[635496, 635496]
[635568, 635568]
[635580, 635580]
[635628, 635628]
[635632, 635632]
[635652, 635652]
[635664, 635664]
[635720, 635720]
[635756, 635756]
[635768, 635768]
[635824, 635824]
[635860, 635860]
[635872, 635872]
[635920, 635920]
[635924, 635924]
[635944, 635944]
[635956, 635956]
[636012, 636012]
[636048, 636048]
[636060, 636060]
[636112, 636112]
[636144, 636144]
[657220, 657221]
[657256, 657256]
[669628, 669628]
[669664, 669664]
[669668, 669668]
[669716, 669716]
[671976, 671976]
[671996, 671996]
[673640, 673640]
[673760, 673760]
[673776, 673776]
[673820, 673820]
[674036, 674036]
[674040, 674040]
[674128, 674128]
[674168, 674168]
[674172, 674172]
[674348, 674348]
[674352, 674352]
[674952, 674952]
[674980, 674980]
[675032, 675032]
[676808, 676808]
[676992, 676992]
[677608, 677608]
[677772, 677772]
[677936, 677936]
[678016, 678016]
[678096, 678096]
[678148, 678148]
[678176, 678176]
[678224, 678224]
[678228, 678228]
[678624, 678624]
[678752, 678752]
[678756, 678756]
[679132, 679132]
[679200, 679200]
[679632, 679632]
[679852, 679852]
[685624, 685624]
[685672, 685672]
[685724, 685724]
[685756, 685756]
[685812, 685812]
[685860, 685860]
[686048, 686048]
[686096, 686096]
[686100, 686100]
[686132, 686132]
[686180, 686180]
[686184, 686184]
[686216, 686216]
[686264, 686264]
[686268, 686268]
[686300, 686300]
[686384, 686384]
[686500, 686500]
[686616, 686616]
[686732, 686732]
[686848, 686848]
[686932, 686932]
[687048, 687048]
[687132, 687132]
[687292, 687292]
[687328, 687328]
[687340, 687340]
[687396, 687396]
[687432, 687432]
[687444, 687444]
[687492, 687492]
[687496, 687496]
[687516, 687516]
[687528, 687528]
[687600, 687600]
[687612, 687612]
[687684, 687684]
[687696, 687696]
[687744, 687744]
[687748, 687748]
[687768, 687768]
[687780, 687780]
[687864, 687864]
[687936, 687936]
[687948, 687948]
[688004, 688004]
[688040, 688040]
[688052, 688052]
[688100, 688100]
[688104, 688104]
[688124, 688124]
[688136, 688136]
[688208, 688208]
[688220, 688220]
[688292, 688292]
[688304, 688304]
[688376, 688376]
[688388, 688388]
[688436, 688436]
[688440, 688440]
[688460, 688460]
[688472, 688472]
[688556, 688556]
[688640, 688640]
[688692, 688692]
[688724, 688724]
[688808, 688808]
[688860, 688860]
[688892, 688892]
[688940, 688940]
[688944, 688944]
[688976, 688976]
[689028, 689028]
[689060, 689060]
[689112, 689112]
[689144, 689144]
[689200, 689200]
[689212, 689212]
[689216, 689216]
[689248, 689248]
[689296, 689296]
[689300, 689300]
[689332, 689332]
[689388, 689388]
[689400, 689400]
[689404, 689404]
[689436, 689436]
[689488, 689488]
[689520, 689520]
[689572, 689572]
[689604, 689604]
[689656, 689656]
[689688, 689688]
[689804, 689804]
[708764, 708764]
[708840, 708840]
[708844, 708844]
[709084, 709084]
[709400, 709400]
[709572, 709572]
[709688, 709688]
[709692, 709692]
[709736, 709736]
[709780, 709780]
[709820, 709820]
[709824, 709824]
[709868, 709868]
[710092, 710092]
[710248, 710248]
[710252, 710252]
[710296, 710296]
[710324, 710324]
[710864, 710864]
[710868, 710868]
[710944, 710944]
[711012, 711012]
[711088, 711088]
[711168, 711168]
[711248, 711248]
[711632, 711632]
[711820, 711820]
[711824, 711824]
[712480, 712480]
[712508, 712508]
[712836, 712836]
[712840, 712840]
[712964, 712964]
[713040, 713040]
[713044, 713044]
[713168, 713168]
[713324, 713324]
[713328, 713328]
[713448, 713448]
[713452, 713452]
[713496, 713496]
[713524, 713524]
[713828, 713828]
[713856, 713856]
[713908, 713908]
[714032, 714032]
[714192, 714192]
[714268, 714268]
[714272, 714272]
[714356, 714356]
[714360, 714360]
[714404, 714404]
[714560, 714560]
[714604, 714604]
[715000, 715000]
[715004, 715004]
[715044, 715044]
[715048, 715048]
[715124, 715124]
[715128, 715128]
[715172, 715172]
[715220, 715220]
[715232, 715232]
[715236, 715236]
[715704, 715704]
[715828, 715828]
[715908, 715908]
[716052, 716052]
[716140, 716140]
[716180, 716180]
[716184, 716184]
[716668, 716668]
[716744, 716744]
[716748, 716748]
[716788, 716788]
[716792, 716792]
[716868, 716868]
[716896, 716896]
[716948, 716948]
[717020, 717020]
[717024, 717024]
[717068, 717068]
[717148, 717148]
[717176, 717176]
[717228, 717228]
[717304, 717304]
[717308, 717308]
[717420, 717420]
[717460, 717460]
[717464, 717464]
[717508, 717508]
[717552, 717552]
[717592, 717592]
[717596, 717596]
[717640, 717640]
[717684, 717684]
[717728, 717728]
[717800, 717800]
[717804, 717804]
[717848, 717848]
[717892, 717892]
[717932, 717932]
[717936, 717936]
[717980, 717980]
[718056, 718056]
[718060, 718060]
[718136, 718136]
[718140, 718140]
[718212, 718212]
[718216, 718216]
[718292, 718292]
[718332, 718332]
[718412, 718412]
[718452, 718452]
[718456, 718456]
[718500, 718500]
[718576, 718576]
[718624, 718624]
[718664, 718664]
[718668, 718668]
[718704, 718704]
[718708, 718708]
[718788, 718788]
[718828, 718828]
[718832, 718832]
[718944, 718944]
[719148, 719148]
[719176, 719176]
[719228, 719228]
[719448, 719448]
[719492, 719492]
[719520, 719520]
[719572, 719572]
[719616, 719616]
[719696, 719696]
[720176, 720176]
[720256, 720256]
[720284, 720284]
[720384, 720384]
[720464, 720464]
[720812, 720812]
[720864, 720864]
[721148, 721148]
[721192, 721192]
[721272, 721272]
[721276, 721276]
[721320, 721320]
[721404, 721404]
[721488, 721488]
[721532, 721532]
[721640, 721640]
[721716, 721716]
[721720, 721720]
[721744, 721744]
[721748, 721748]
[721816, 721816]
[721868, 721868]
[721896, 721896]
[721944, 721944]
[721948, 721948]
[723220, 723220]
[723224, 723224]
[726680, 726680]
[726760, 726760]
[726840, 726840]
[726920, 726920]
[727000, 727000]
[727080, 727080]
[727160, 727160]
[727240, 727240]
[727320, 727320]
[727348, 727348]
[727396, 727396]
[727400, 727400]
[727476, 727476]
[727480, 727480]
[727556, 727556]
[727560, 727560]
[727636, 727636]
[727640, 727640]
[727716, 727716]
[727720, 727720]
[727796, 727796]
[727800, 727800]
[728140, 728140]
[728180, 728180]
[728184, 728184]
[728224, 728224]
[728228, 728228]
[728368, 728368]
[728372, 728372]
[728512, 728512]
[728516, 728516]
[728848, 728848]
[728852, 728852]
[729136, 729136]
[729140, 729140]
[729296, 729296]
[729340, 729340]
[729384, 729384]
[729428, 729428]
[729468, 729468]
[729472, 729472]
[729544, 729544]
[729548, 729548]
[729688, 729688]
[729692, 729692]
[729836, 729836]
[729980, 729980]
[730124, 730124]
[730312, 730312]
[730476, 730476]
[730664, 730664]
[730836, 730836]
[730840, 730840]
[731028, 731028]
[731268, 731268]
[732848, 732848]
[733244, 733244]
[733264, 733264]
[733360, 733360]
[734300, 734300]
[734304, 734304]
[734348, 734348]
[734392, 734392]
[734436, 734436]
[734520, 734520]
[734564, 734564]
[734648, 734648]
[734732, 734732]
[734816, 734816]
[734900, 734900]
[734984, 734984]
[735068, 735068]
[735112, 735112]
[735196, 735196]
[735240, 735240]
[735324, 735324]
[735368, 735368]
[735452, 735452]
[735496, 735496]
[735580, 735580]
[735624, 735624]
[735708, 735708]
[735792, 735792]
[735836, 735836]
[735920, 735920]
[735964, 735964]
[736048, 736048]
[736092, 736092]
[736176, 736176]
[736220, 736220]
[736304, 736304]
[736388, 736388]
[736432, 736432]
[736516, 736516]
[736560, 736560]
[736644, 736644]
[736688, 736688]
[736772, 736772]
[736816, 736816]
[736900, 736900]
[736984, 736984]
[737028, 737028]
[737112, 737112]
[737156, 737156]
[737240, 737240]
[737284, 737284]
[737364, 737364]
[737368, 737368]
[737408, 737408]
[737412, 737412]
[737484, 737484]
[737492, 737492]
[737532, 737532]
[737536, 737536]
[737584, 737584]
[737604, 737604]
[737616, 737616]
[737620, 737620]
[737968, 737968]
[738012, 738012]
[738056, 738056]
[738100, 738100]
[738144, 738144]
[738188, 738188]
[738232, 738232]
[738668, 738669]
[738704, 738704]
[739544, 739544]
[739588, 739588]
[739632, 739632]
[740128, 740128]
[740168, 740168]
[740172, 740172]
[740212, 740212]
[740216, 740216]
[740256, 740256]
[740260, 740260]
[740304, 740304]
[740344, 740344]
[740348, 740348]
[740392, 740392]
[740436, 740436]
[740480, 740480]
[740520, 740520]
[740524, 740524]
[740564, 740564]
[740568, 740568]
[740612, 740612]
[740656, 740656]
[740700, 740700]
[740740, 740740]
[740744, 740744]
[740788, 740788]
[740924, 740925]
[740968, 740968]
[741040, 741040]
[741228, 741228]
[741392, 741392]
[741412, 741412]
[741600, 741600]
[741620, 741620]
[741640, 741640]
[741740, 741740]
[741784, 741784]
[744140, 744140]
[744144, 744144]
[744220, 744220]
[746828, 746828]
[747208, 747208]
[747248, 747248]
[747252, 747252]
[747296, 747296]
[747340, 747340]
[747384, 747384]
[747428, 747428]
[747472, 747472]
[747516, 747516]
[747560, 747560]
[747604, 747604]
[748076, 748076]
[748092, 748092]
[748428, 748428]
[748444, 748444]
[748644, 748644]
[748688, 748688]
[748732, 748732]
[749116, 749116]
[749160, 749160]
[750164, 750164]
[750208, 750208]
[750452, 750452]
[750496, 750496]
[750540, 750540]
[750868, 750868]
[751992, 751992]
[752188, 752188]
[752216, 752216]
[752236, 752236]
[753060, 753060]
[753104, 753104]
[753148, 753148]
[753192, 753192]
[753232, 753232]
[753236, 753236]
[753280, 753280]
[753324, 753324]
[753368, 753368]
[753412, 753412]
[753620, 753621]
[753652, 753652]
[753656, 753656]
[753696, 753696]
[753740, 753740]
[753780, 753781]
[753816, 753816]
[753852, 753852]
[753856, 753856]
[753900, 753900]
[753944, 753944]
[753988, 753988]
[754076, 754076]
[754164, 754164]
[754208, 754208]
[754488, 754489]
[754528, 754528]
[754532, 754532]
[754556, 754556]
[754576, 754576]
[754708, 754708]
[755476, 755476]
[755520, 755520]
[755564, 755564]
[755780, 755780]
[755824, 755825]
[757604, 757604]
[757636, 757636]
[757640, 757640]
[757680, 757680]
[757724, 757724]
[757836, 757836]
[758184, 758185]
[758216, 758216]
[758220, 758220]
[758260, 758260]
[758892, 758892]
[758936, 758936]
[759020, 759020]
[759104, 759104]
[759188, 759188]
[759272, 759272]
[759356, 759356]
[759440, 759440]
[759524, 759524]
[759608, 759608]
[759688, 759688]
[759692, 759692]
[759776, 759776]
[759860, 759860]
[759944, 759944]
[760028, 760028]
[760112, 760112]
[760196, 760196]
[760280, 760280]
[760364, 760364]
[760448, 760448]
[760532, 760532]
[760616, 760616]
[760700, 760700]
[760784, 760784]
[760868, 760868]
[760952, 760952]
[761036, 761036]
[761120, 761120]
[761204, 761204]
[761288, 761288]
[761372, 761372]
[761456, 761456]
[761540, 761540]
[761620, 761620]
[761624, 761624]
[761652, 761652]
[761696, 761696]
[761764, 761764]
[761768, 761768]
[761772, 761772]
[761808, 761808]
[761832, 761832]
[761916, 761916]
[762000, 762000]
[762004, 762004]
[762044, 762044]
[762088, 762088]
[762092, 762092]
[762132, 762132]
[762176, 762176]
[762180, 762180]
[762220, 762220]
[762256, 762256]
[762340, 762340]
[762424, 762424]
[762428, 762428]
[762432, 762432]
[762468, 762468]
[762472, 762472]
[762488, 762488]
[762504, 762504]
[762508, 762508]
[762512, 762512]
[762548, 762548]
[762552, 762552]
[762568, 762568]
[762584, 762584]
[762588, 762588]
[762592, 762592]
[762628, 762628]
[762632, 762632]
[762648, 762648]
[762664, 762664]
[762668, 762668]
[762672, 762672]
[762708, 762708]
[762712, 762712]
[762728, 762728]
[762744, 762744]
[762748, 762748]
[762752, 762752]
[762788, 762788]
[762792, 762792]
[762808, 762808]
[762824, 762824]
[762828, 762828]
[762832, 762832]
[762868, 762868]
[762872, 762872]
[762888, 762888]
[762904, 762904]
[762908, 762908]
[762912, 762912]
[762948, 762948]
[762952, 762952]
[762968, 762968]
[762984, 762984]
[762988, 762988]
[762992, 762992]
[763028, 763028]
[763032, 763032]
[763048, 763048]
[763064, 763064]
[763068, 763068]
[763072, 763072]
[763108, 763108]
[763112, 763112]
[763128, 763128]
[763144, 763144]
[763148, 763148]
[763152, 763152]
[763188, 763188]
[763192, 763192]
[763208, 763208]
[763224, 763224]
[763228, 763228]
[763232, 763232]
[763268, 763268]
[763272, 763272]
[763288, 763288]
[763304, 763304]
[763308, 763308]
[763312, 763312]
[763348, 763348]
[763352, 763352]
[763368, 763368]
[763384, 763384]
[763388, 763388]
[763392, 763392]
[763428, 763428]
[763432, 763432]
[763448, 763448]
[763464, 763464]
[763468, 763468]
[763472, 763472]
[763508, 763508]
[763512, 763512]
[763528, 763528]
[763544, 763544]
[763548, 763548]
[763552, 763552]
[763588, 763588]
[763592, 763592]
[763608, 763608]
[763624, 763624]
[763628, 763628]
[763632, 763632]
[763668, 763668]
[763672, 763672]
[763688, 763688]
[763704, 763704]
[763708, 763708]
[763712, 763712]
[763748, 763748]
[763752, 763752]
[763768, 763768]
[763784, 763784]
[763788, 763788]
[763792, 763792]
[763828, 763828]
[763832, 763832]
[763848, 763848]
[763864, 763864]
[763868, 763868]
[763872, 763872]
[763908, 763908]
[763912, 763912]
[763928, 763928]
[763944, 763944]
[763948, 763948]
[763952, 763952]
[763988, 763988]
[763992, 763992]
[764008, 764008]
[764024, 764024]
[764028, 764028]
[764032, 764032]
[764068, 764068]
[764072, 764072]
[764088, 764088]
[764104, 764104]
[764108, 764108]
[764112, 764112]
[764148, 764148]
[764152, 764152]
[764168, 764168]
[764184, 764184]
[764188, 764188]
[764192, 764192]
[764228, 764228]
[764232, 764232]
[764248, 764248]
[764264, 764264]
[764268, 764268]
[764272, 764272]
[764308, 764308]
[764312, 764312]
[764328, 764328]
[764344, 764344]
[764348, 764348]
[764352, 764352]
[764388, 764388]
[764392, 764392]
[764408, 764408]
[764424, 764424]
[764428, 764428]
[764432, 764432]
[764468, 764468]
[764472, 764472]
[764488, 764488]
[764504, 764504]
[764508, 764508]
[764512, 764512]
[764548, 764548]
[764552, 764552]
[764568, 764568]
[764584, 764584]
[764588, 764588]
[764592, 764592]
[764628, 764628]
[764632, 764632]
[764648, 764648]
[764664, 764664]
[764668, 764668]
[764672, 764672]
[764708, 764708]
[764712, 764712]
[764728, 764728]
[764744, 764744]
[764748, 764748]
[764752, 764752]
[764788, 764788]
[764792, 764792]
[764808, 764808]
[764824, 764824]
[764828, 764828]
[764832, 764832]
[764868, 764868]
[764872, 764872]
[764888, 764888]
[764904, 764904]
[764908, 764908]
[764912, 764912]
[764948, 764948]
[764952, 764952]
[764968, 764968]
[764984, 764984]
[764988, 764988]
[764992, 764992]
[765028, 765028]
[765032, 765032]
[765048, 765048]
[765064, 765064]
[765068, 765068]
[765072, 765072]
[765108, 765108]
[765112, 765112]
[765128, 765128]
[765144, 765144]
[765148, 765148]
[765152, 765152]
[765188, 765188]
[765192, 765192]
[765208, 765208]
[765224, 765224]
[765228, 765228]
[765232, 765232]
[765268, 765268]
[765272, 765272]
[765288, 765288]
[765304, 765304]
[765308, 765308]
[765312, 765312]
[765348, 765348]
[765352, 765352]
[765368, 765368]
[765384, 765384]
[765388, 765388]
[765392, 765392]
[765428, 765428]
[765432, 765432]
[765448, 765448]
[765464, 765464]
[765468, 765468]
[765472, 765472]
[765508, 765508]
[765512, 765512]
[765528, 765528]
[765544, 765544]
[765548, 765548]
[765552, 765552]
[765588, 765588]
[765592, 765592]
[765608, 765608]
[765624, 765624]
[765628, 765628]
[765632, 765632]
[765668, 765668]
[765672, 765672]
[765688, 765688]
[765704, 765704]
[765708, 765708]
[765712, 765712]
[765748, 765748]
[765752, 765752]
[765768, 765768]
[765784, 765784]
[765788, 765788]
[765792, 765792]
[765828, 765828]
[765832, 765832]
[765848, 765848]
[765864, 765864]
[765868, 765868]
[765872, 765872]
[765908, 765908]
[765912, 765912]
[765928, 765928]
[765944, 765944]
[765948, 765948]
[765952, 765952]
[765988, 765988]
[765992, 765992]
[766008, 766008]
[766024, 766024]
[766028, 766028]
[766032, 766032]
[766068, 766068]
[766072, 766072]
[766088, 766088]
[766104, 766104]
[766108, 766108]
[766112, 766112]
[766148, 766148]
[766152, 766152]
[766168, 766168]
[766184, 766184]
[766188, 766188]
[766192, 766192]
[766228, 766228]
[766232, 766232]
[766248, 766248]
[766264, 766264]
[766268, 766268]
[766272, 766272]
[766308, 766308]
[766312, 766312]
[766328, 766328]
[766344, 766344]
[766348, 766348]
[766352, 766352]
[766388, 766388]
[766392, 766392]
[766408, 766408]
[766424, 766424]
[766428, 766428]
[766432, 766432]
[766468, 766468]
[766472, 766472]
[766488, 766488]
[766504, 766504]
[766508, 766508]
[766512, 766512]
[766548, 766548]
[766552, 766552]
[766568, 766568]
[766584, 766584]
[766588, 766588]
[766592, 766592]
[766628, 766628]
[766632, 766632]
[766648, 766648]
[766664, 766664]
[766668, 766668]
[766672, 766672]
[766708, 766708]
[766712, 766712]
[766728, 766728]
[766744, 766744]
[766748, 766748]
[766752, 766752]
[766788, 766788]
[766792, 766792]
[766808, 766808]
[766824, 766824]
[766828, 766828]
[766832, 766832]
[766868, 766868]
[766872, 766872]
[766888, 766888]
[766904, 766904]
[766908, 766908]
[766912, 766912]
[766948, 766948]
[766952, 766952]
[766968, 766968]
[766984, 766984]
[766988, 766988]
[766992, 766992]
[767028, 767028]
[767032, 767032]
[767048, 767048]
[767064, 767064]
[767068, 767068]
[767072, 767072]
[767108, 767108]
[767112, 767112]
[767128, 767128]
[767144, 767144]
[767148, 767148]
[767152, 767152]
[767188, 767188]
[767192, 767192]
[767208, 767208]
[767224, 767224]
[767228, 767228]
[767232, 767232]
[767268, 767268]
[767272, 767272]
[767288, 767288]
[767304, 767304]
[767308, 767308]
[767312, 767312]
[767348, 767348]
[767352, 767352]
[767368, 767368]
[767384, 767384]
[767388, 767388]
[767392, 767392]
[767428, 767428]
[767432, 767432]
[767448, 767448]
[767464, 767464]
[767468, 767468]
[767472, 767472]
[767508, 767508]
[767512, 767512]
[767528, 767528]
[767544, 767544]
[767548, 767548]
[767552, 767552]
[767588, 767588]
[767592, 767592]
[767608, 767608]
[767624, 767624]
[767628, 767628]
[767632, 767632]
[767668, 767668]
[767672, 767672]
[767688, 767688]
[767704, 767704]
[767708, 767708]
[767712, 767712]
[767748, 767748]
[767752, 767752]
[767768, 767768]
[767784, 767784]
[767788, 767788]
[767792, 767792]
[767828, 767828]
[767832, 767832]
[767848, 767848]
[767864, 767864]
[767868, 767868]
[767872, 767872]
[767908, 767908]
[767912, 767912]
[767928, 767928]
[767944, 767944]
[767948, 767948]
[767952, 767952]
[767988, 767988]
[767992, 767992]
[768008, 768008]
[768024, 768024]
[768028, 768028]
[768032, 768032]
[768068, 768068]
[768072, 768072]
[768088, 768088]
[768104, 768104]
[768108, 768108]
[768112, 768112]
[768148, 768148]
[768152, 768152]
[768168, 768168]
[768184, 768184]
[768188, 768188]
[768192, 768192]
[768228, 768228]
[768232, 768232]
[768248, 768248]
[768264, 768264]
[768268, 768268]
[768272, 768272]
[768308, 768308]
[768312, 768312]
[768328, 768328]
[768344, 768344]
[768348, 768348]
[768352, 768352]
[768388, 768388]
[768392, 768392]
[768408, 768408]
[768424, 768424]
[768428, 768428]
[768432, 768432]
[768468, 768468]
[768472, 768472]
[768488, 768488]
[768504, 768504]
[768508, 768508]
[768512, 768512]
[768548, 768548]
[768552, 768552]
[768568, 768568]
[768584, 768584]
[768588, 768588]
[768592, 768592]
[768628, 768628]
[768632, 768632]
[768648, 768648]
[768664, 768664]
[768668, 768668]
[768672, 768672]
[768708, 768708]
[768712, 768712]
[768728, 768728]
[768744, 768744]
[768748, 768748]
[768752, 768752]
[768788, 768788]
[768792, 768792]
[768808, 768808]
[768824, 768824]
[768828, 768828]
[768832, 768832]
[768868, 768868]
[768872, 768872]
[768888, 768888]
[768904, 768904]
[768908, 768908]
[768912, 768912]
[768948, 768948]
[768952, 768952]
[768968, 768968]
[768984, 768984]
[768988, 768988]
[768992, 768992]
[769028, 769028]
[769032, 769032]
[769048, 769048]
[769064, 769064]
[769068, 769068]
[769072, 769072]
[769108, 769108]
[769112, 769112]
[769128, 769128]
[769144, 769144]
[769148, 769148]
[769152, 769152]
[769188, 769188]
[769192, 769192]
[769208, 769208]
[769224, 769224]
[769228, 769228]
[769232, 769232]
[769268, 769268]
[769272, 769272]
[769288, 769288]
[769304, 769304]
[769308, 769308]
[769312, 769312]
[769348, 769348]
[769352, 769352]
[769368, 769368]
[769384, 769384]
[769388, 769388]
[769392, 769392]
[769428, 769428]
[769432, 769432]
[769448, 769448]
[769464, 769464]
[769468, 769468]
[769472, 769472]
[769508, 769508]
[769512, 769512]
[769528, 769528]
[769544, 769544]
[769548, 769548]
[769552, 769552]
[769588, 769588]
[769592, 769592]
[769608, 769608]
[769624, 769624]
[769628, 769628]
[769632, 769632]
[769668, 769668]
[769672, 769672]
[769688, 769688]
[769704, 769704]
[769708, 769708]
[769712, 769712]
[769748, 769748]
[769752, 769752]
[769768, 769768]
[769784, 769784]
[769788, 769788]
[769792, 769792]
[769828, 769828]
[769832, 769832]
[769848, 769848]
[769864, 769864]
[769868, 769868]
[769872, 769872]
[769908, 769908]
[769912, 769912]
[769928, 769928]
[769944, 769944]
[769948, 769948]
[769952, 769952]
[769988, 769988]
[769992, 769992]
[770008, 770008]
[770024, 770024]
[770028, 770028]
[770032, 770032]
[770068, 770068]
[770072, 770072]
[770088, 770088]
[770104, 770104]
[770108, 770108]
[770112, 770112]
[770148, 770148]
[770152, 770152]
[770168, 770168]
[770184, 770184]
[770188, 770188]
[770192, 770192]
[770228, 770228]
[770232, 770232]
[770248, 770248]
[770264, 770264]
[770268, 770268]
[770272, 770272]
[770308, 770308]
[770312, 770312]
[770328, 770328]
[770344, 770344]
[770348, 770348]
[770352, 770352]
[770388, 770388]
[770392, 770392]
[770408, 770408]
[770424, 770424]
[770428, 770428]
[770432, 770432]
[770468, 770468]
[770472, 770472]
[770488, 770488]
[770504, 770504]
[770508, 770508]
[770512, 770512]
[770548, 770548]
[770552, 770552]
[770568, 770568]
[770584, 770584]
[770588, 770588]
[770592, 770592]
[770628, 770628]
[770632, 770632]
[770648, 770648]
[770664, 770664]
[770668, 770668]
[770672, 770672]
[770708, 770708]
[770712, 770712]
[770728, 770728]
[770744, 770744]
[770748, 770748]
[770752, 770752]
[770788, 770788]
[770792, 770792]
[770808, 770808]
[770824, 770824]
[770828, 770828]
[770832, 770832]
[770868, 770868]
[770872, 770872]
[770888, 770888]
[770904, 770904]
[770908, 770908]
[770912, 770912]
[770948, 770948]
[770952, 770952]
[770968, 770968]
[770984, 770984]
[770988, 770988]
[770992, 770992]
[771028, 771028]
[771032, 771032]
[771048, 771048]
[771064, 771064]
[771068, 771068]
[771072, 771072]
[771108, 771108]
[771112, 771112]
[771128, 771128]
[771144, 771144]
[771148, 771148]
[771152, 771152]
[771188, 771188]
[771192, 771192]
[771208, 771208]
[771224, 771224]
[771228, 771228]
[771232, 771232]
[771268, 771268]
[771272, 771272]
[771288, 771288]
[771304, 771304]
[771308, 771308]
[771312, 771312]
[771348, 771348]
[771352, 771352]
[771368, 771368]
[771384, 771384]
[771388, 771388]
[771392, 771392]
[771428, 771428]
[771432, 771432]
[771448, 771448]
[771464, 771464]
[771468, 771468]
[771472, 771472]
[771508, 771508]
[771512, 771512]
[771528, 771528]
[771544, 771544]
[771548, 771548]
[771552, 771552]
[771588, 771588]
[771592, 771592]
[771608, 771608]
[771624, 771624]
[771628, 771628]
[771632, 771632]
[771668, 771668]
[771672, 771672]
[771688, 771688]
[771704, 771704]
[771708, 771708]
[771712, 771712]
[771748, 771748]
[771752, 771752]
[771768, 771768]
[771784, 771784]
[771788, 771788]
[771792, 771792]
[771828, 771828]
[771832, 771832]
[771848, 771849]
[771864, 771865]
[771868, 771868]
[771872, 771872]
[771908, 771908]
[771912, 771912]
[771928, 771928]
[771944, 771944]
[771948, 771948]
[771952, 771952]
[771988, 771988]
[771992, 771992]
[772008, 772008]
[772024, 772024]
[772028, 772028]
[772032, 772032]
[772068, 772068]
[772072, 772072]
[772088, 772088]
[772104, 772104]
[772108, 772108]
[772112, 772112]
[772148, 772148]
[772152, 772152]
[772168, 772168]
[772184, 772184]
[772188, 772188]
[772192, 772192]
[772228, 772228]
[772232, 772232]
[772248, 772248]
[772264, 772264]
[772268, 772268]
[772272, 772272]
[772308, 772308]
[772312, 772312]
[772328, 772328]
[772344, 772344]
[772348, 772348]
[772352, 772352]
[772388, 772388]
[772392, 772392]
[772408, 772408]
[772424, 772424]
[772428, 772428]
[772432, 772432]
[772468, 772468]
[772472, 772472]
[772488, 772488]
[772504, 772504]
[772508, 772508]
[772512, 772512]
[772548, 772548]
[772552, 772552]
[772568, 772568]
[772584, 772584]
[772588, 772588]
[772592, 772592]
[772628, 772628]
[772632, 772632]
[772648, 772648]
[772664, 772664]
[772668, 772668]
[772672, 772672]
[772708, 772708]
[772712, 772712]
[772728, 772728]
[772744, 772744]
[772748, 772748]
[772752, 772752]
[772788, 772788]
[772792, 772792]
[772808, 772808]
[772824, 772824]
[772828, 772828]
[772832, 772832]
[772868, 772868]
[772872, 772872]
[772888, 772888]
[772904, 772904]
[772908, 772908]
[772912, 772912]
[772948, 772948]
[772952, 772952]
[772968, 772968]
[772984, 772984]
[772988, 772988]
[772992, 772992]
[773028, 773028]
[773032, 773032]
[773048, 773048]
[773064, 773064]
[773068, 773068]
[773072, 773072]
[773108, 773108]
[773112, 773112]
[773128, 773128]
[773144, 773144]
[773148, 773148]
[773152, 773152]
[773188, 773188]
[773192, 773192]
[773208, 773208]
[773224, 773224]
[773228, 773228]
[773232, 773232]
[773268, 773268]
[773272, 773272]
[773288, 773288]
[773304, 773304]
[773308, 773308]
[773312, 773312]
[773348, 773348]
[773352, 773352]
[773368, 773368]
[773384, 773384]
[773388, 773388]
[773392, 773392]
[773428, 773428]
[773432, 773432]
[773448, 773448]
[773464, 773464]
[773468, 773468]
[773472, 773472]
[773508, 773508]
[773512, 773512]
[773528, 773528]
[773544, 773544]
[773548, 773548]
[773552, 773552]
[773588, 773588]
[773592, 773592]
[773608, 773608]
[773624, 773624]
[773628, 773628]
[773632, 773632]
[773668, 773668]
[773672, 773672]
[773688, 773688]
[773704, 773704]
[773708, 773708]
[773712, 773712]
[773748, 773748]
[773752, 773752]
[773768, 773768]
[773784, 773784]
[773788, 773788]
[773792, 773792]
[773828, 773828]
[773832, 773832]
[773848, 773848]
[773864, 773864]
[773868, 773868]
[773872, 773872]
[773908, 773908]
[773912, 773912]
[773928, 773928]
[773944, 773944]
[773948, 773948]
[773952, 773952]
[773988, 773988]
[773992, 773992]
[774008, 774008]
[774024, 774024]
[774028, 774028]
[774032, 774032]
[774068, 774068]
[774072, 774072]
[774088, 774088]
[774104, 774104]
[774108, 774108]
[774112, 774112]
[774148, 774148]
[774152, 774152]
[774168, 774168]
[774184, 774184]
[774188, 774188]
[774192, 774192]
[774228, 774228]
[774232, 774232]
[774248, 774248]
[774264, 774264]
[774268, 774268]
[774272, 774272]
[774308, 774308]
[774312, 774312]
[774328, 774328]
[774344, 774344]
[774348, 774348]
[774352, 774352]
[774388, 774388]
[774392, 774392]
[774408, 774408]
[774424, 774424]
[774428, 774428]
[774432, 774432]
[774468, 774468]
[774472, 774472]
[774488, 774488]
[774504, 774504]
[774508, 774508]
[774512, 774512]
[774548, 774548]
[774552, 774552]
[774568, 774568]
[774584, 774584]
[774588, 774588]
[774592, 774592]
[774628, 774628]
[774632, 774632]
[774648, 774648]
[774664, 774664]
[774668, 774668]
[774672, 774672]
[774708, 774708]
[774712, 774712]
[774728, 774728]
[774744, 774744]
[774748, 774748]
[774752, 774752]
[774788, 774788]
[774792, 774792]
[774808, 774808]
[774824, 774824]
[774828, 774828]
[774832, 774832]
[774868, 774868]
[774872, 774872]
[774888, 774888]
[774904, 774904]
[774908, 774908]
[774912, 774912]
[774948, 774948]
[774952, 774952]
[774968, 774968]
[774984, 774984]
[774988, 774988]
[774992, 774992]
[775028, 775028]
[775032, 775032]
[775048, 775048]
[775064, 775064]
[775068, 775068]
[775072, 775072]
[775108, 775108]
[775112, 775112]
[775128, 775128]
[775144, 775144]
[775148, 775148]
[775152, 775152]
[775188, 775188]
[775192, 775192]
[775208, 775208]
[775224, 775224]
[775228, 775228]
[775232, 775232]
[775268, 775268]
[775272, 775272]
[775288, 775288]
[775304, 775304]
[775308, 775308]
[775312, 775312]
[775348, 775348]
[775352, 775352]
[775368, 775368]
[775384, 775384]
[775388, 775388]
[775392, 775392]
[775428, 775428]
[775432, 775432]
[775448, 775448]
[775464, 775464]
[775468, 775468]
[775472, 775472]
[775508, 775508]
[775512, 775512]
[775528, 775528]
[775544, 775544]
[775548, 775548]
[775552, 775552]
[775588, 775588]
[775592, 775592]
[775608, 775608]
[775624, 775624]
[775628, 775628]
[775632, 775632]
[775668, 775668]
[775672, 775672]
[775688, 775688]
[775704, 775704]
[775708, 775708]
[775712, 775712]
[775748, 775748]
[775752, 775752]
[775768, 775768]
[775784, 775784]
[775788, 775788]
[775792, 775792]
[775828, 775828]
[775832, 775832]
[775848, 775848]
[775864, 775864]
[775868, 775868]
[775872, 775872]
[775908, 775908]
[775912, 775912]
[775928, 775928]
[775944, 775944]
[775948, 775948]
[775952, 775952]
[775988, 775988]
[775992, 775992]
[776008, 776008]
[776024, 776024]
[776028, 776028]
[776032, 776032]
[776068, 776068]
[776072, 776072]
[776088, 776088]
[776104, 776104]
[776108, 776108]
[776112, 776112]
[776148, 776148]
[776152, 776152]
[776168, 776168]
[776184, 776184]
[776188, 776188]
[776192, 776192]
[776228, 776228]
[776232, 776232]
[776248, 776248]
[776264, 776264]
[776268, 776268]
[776272, 776272]
[776308, 776308]
[776312, 776312]
[776328, 776328]
[776344, 776344]
[776348, 776348]
[776352, 776352]
[776388, 776388]
[776392, 776392]
[776408, 776408]
[776424, 776424]
[776428, 776428]
[776432, 776432]
[776468, 776468]
[776472, 776472]
[776488, 776488]
[776504, 776504]
[776508, 776508]
[776512, 776512]
[776548, 776548]
[776552, 776552]
[776568, 776568]
[776584, 776584]
[776588, 776588]
[776592, 776592]
[776628, 776628]
[776632, 776632]
[776648, 776648]
[776664, 776664]
[776668, 776668]
[776672, 776672]
[776708, 776708]
[776712, 776712]
[776728, 776728]
[776744, 776744]
[776748, 776748]
[776752, 776752]
[776788, 776788]
[776792, 776792]
[776808, 776808]
[776824, 776824]
[776828, 776828]
[776832, 776832]
[776868, 776868]
[776872, 776872]
[776888, 776888]
[776904, 776904]
[776908, 776908]
[776912, 776912]
[776948, 776948]
[776952, 776952]
[776968, 776968]
[776984, 776984]
[776988, 776988]
[776992, 776992]
[777028, 777028]
[777032, 777032]
[777048, 777048]
[777064, 777064]
[777068, 777068]
[777072, 777072]
[777108, 777108]
[777112, 777112]
[777128, 777128]
[777144, 777144]
[777148, 777148]
[777152, 777152]
[777188, 777188]
[777192, 777192]
[777208, 777208]
[777224, 777224]
[777228, 777228]
[777232, 777232]
[777268, 777268]
[777272, 777272]
[777288, 777288]
[777304, 777304]
[777308, 777308]
[777312, 777312]
[777348, 777348]
[777352, 777352]
[777368, 777368]
[777384, 777384]
[777388, 777388]
[777392, 777392]
[777428, 777428]
[777432, 777432]
[777448, 777448]
[777464, 777464]
[777468, 777468]
[777472, 777472]
[777508, 777508]
[777512, 777512]
[777528, 777528]
[777544, 777544]
[777548, 777548]
[777552, 777552]
[777588, 777588]
[777592, 777592]
[777608, 777608]
[777624, 777624]
[777628, 777628]
[777632, 777632]
[777668, 777668]
[777672, 777672]
[777688, 777688]
[777704, 777704]
[777708, 777708]
[777712, 777712]
[777748, 777748]
[777752, 777752]
[777768, 777768]
[777784, 777784]
[777788, 777788]
[777792, 777792]
[777828, 777828]
[777832, 777832]
[777848, 777848]
[777864, 777864]
[777868, 777868]
[777872, 777872]
[777908, 777908]
[777912, 777912]
[777928, 777928]
[777944, 777944]
[777948, 777948]
[777952, 777952]
[777988, 777988]
[777992, 777992]
[778008, 778008]
[778024, 778024]
[778028, 778028]
[778032, 778032]
[778068, 778068]
[778072, 778072]
[778088, 778088]
[778104, 778104]
[778108, 778108]
[778112, 778112]
[778148, 778148]
[778152, 778152]
[778168, 778168]
[778184, 778184]
[778188, 778188]
[778192, 778192]
[778228, 778228]
[778232, 778232]
[778248, 778248]
[778264, 778264]
[778268, 778268]
[778272, 778272]
[778308, 778308]
[778312, 778312]
[778328, 778328]
[778344, 778344]
[778348, 778348]
[778352, 778352]
[778388, 778388]
[778392, 778392]
[778408, 778408]
[778424, 778424]
[778428, 778428]
[778432, 778432]
[778468, 778468]
[778472, 778472]
[778488, 778488]
[778504, 778504]
[778508, 778508]
[778512, 778512]
[778548, 778548]
[778552, 778552]
[778568, 778568]
[778584, 778584]
[778588, 778588]
[778592, 778592]
[778628, 778628]
[778632, 778632]
[778648, 778648]
[778664, 778664]
[778668, 778668]
[778672, 778672]
[778708, 778708]
[778712, 778712]
[778728, 778728]
[778744, 778744]
[778748, 778748]
[778752, 778752]
[778788, 778788]
[778792, 778792]
[778808, 778808]
[778824, 778824]
[778828, 778828]
[778832, 778832]
[778868, 778868]
[778872, 778872]
[778888, 778888]
[778904, 778904]
[778908, 778908]
[778912, 778912]
[778948, 778948]
[778952, 778952]
[778968, 778968]
[778984, 778984]
[778988, 778988]
[778992, 778992]
[779028, 779028]
[779032, 779032]
[779048, 779048]
[779064, 779064]
[779068, 779068]
[779072, 779072]
[779108, 779108]
[779112, 779112]
[779128, 779128]
[779144, 779144]
[779148, 779148]
[779152, 779152]
[779188, 779188]
[779192, 779192]
[779208, 779208]
[779224, 779224]
[779228, 779228]
[779232, 779232]
[779268, 779268]
[779272, 779272]
[779288, 779288]
[779304, 779304]
[779308, 779308]
[779312, 779312]
[779348, 779348]
[779352, 779352]
[779368, 779368]
[779384, 779384]
[779388, 779388]
[779392, 779392]
[779428, 779428]
[779432, 779432]
[779448, 779448]
[779464, 779464]
[779468, 779468]
[779472, 779472]
[779508, 779508]
[779512, 779512]
[779528, 779528]
[779544, 779544]
[779548, 779548]
[779552, 779552]
[779588, 779588]
[779592, 779592]
[779608, 779608]
[779624, 779624]
[779628, 779628]
[779632, 779632]
[779668, 779668]
[779672, 779672]
[779688, 779688]
[779704, 779704]
[779708, 779708]
[779712, 779712]
[779748, 779748]
[779752, 779752]
[779768, 779768]
[779784, 779784]
[779788, 779788]
[779792, 779792]
[779828, 779828]
[779832, 779832]
[779848, 779848]
[779864, 779864]
[779868, 779868]
[779872, 779872]
[779908, 779908]
[779912, 779912]
[779928, 779928]
[779944, 779944]
[779948, 779948]
[779952, 779952]
[779988, 779988]
[779992, 779992]
[780008, 780008]
[780024, 780024]
[780028, 780028]
[780032, 780032]
[780068, 780068]
[780072, 780072]
[780088, 780088]
[780104, 780104]
[780108, 780108]
[780112, 780112]
[780148, 780148]
[780152, 780152]
[780168, 780168]
[780184, 780184]
[780188, 780188]
[780192, 780192]
[780228, 780228]
[780232, 780232]
[780248, 780248]
[780264, 780264]
[780268, 780268]
[780272, 780272]
[780308, 780308]
[780312, 780312]
[780328, 780328]
[780344, 780344]
[780348, 780348]
[780352, 780352]
[780388, 780388]
[780392, 780392]
[780408, 780408]
[780424, 780424]
[780428, 780428]
[780432, 780432]
[780468, 780468]
[780472, 780472]
[780488, 780488]
[780504, 780504]
[780508, 780508]
[780512, 780512]
[780548, 780548]
[780552, 780552]
[780568, 780568]
[780584, 780584]
[780588, 780588]
[780592, 780592]
[780628, 780628]
[780632, 780632]
[780648, 780648]
[780664, 780664]
[780668, 780668]
[780672, 780672]
[780708, 780708]
[780712, 780712]
[780728, 780728]
[780744, 780744]
[780748, 780748]
[780752, 780752]
[780788, 780788]
[780792, 780792]
[780808, 780808]
[780824, 780824]
[780828, 780828]
[780832, 780832]
[780868, 780868]
[780872, 780872]
[780888, 780888]
[780904, 780904]
[780908, 780908]
[780912, 780912]
[780948, 780948]
[780952, 780952]
[780968, 780968]
[780984, 780984]
[780988, 780988]
[780992, 780992]
[781028, 781028]
[781032, 781032]
[781048, 781048]
[781064, 781064]
[781068, 781068]
[781072, 781072]
[781108, 781108]
[781112, 781112]
[781128, 781128]
[781144, 781144]
[781148, 781148]
[781152, 781152]
[781188, 781188]
[781192, 781192]
[781208, 781208]
[781224, 781224]
[781228, 781228]
[781232, 781232]
[781268, 781268]
[781272, 781272]
[781288, 781288]
[781304, 781304]
[781308, 781308]
[781312, 781312]
[781348, 781348]
[781352, 781352]
[781368, 781368]
[781384, 781384]
[781388, 781388]
[781392, 781392]
[781428, 781428]
[781432, 781432]
[781448, 781448]
[781464, 781464]
[781468, 781468]
[781472, 781472]
[781508, 781508]
[781512, 781512]
[781528, 781528]
[781544, 781544]
[781548, 781548]
[781552, 781552]
[781588, 781588]
[781592, 781592]
[781608, 781608]
[781624, 781624]
[781628, 781628]
[781632, 781632]
[781668, 781668]
[781672, 781672]
[781688, 781688]
[781704, 781704]
[781708, 781708]
[781712, 781712]
[781748, 781748]
[781752, 781752]
[781768, 781768]
[781784, 781784]
[781788, 781788]
[781792, 781792]
[781828, 781828]
[781832, 781832]
[781848, 781848]
[781864, 781864]
[781868, 781868]
[781872, 781872]
[781908, 781908]
[781912, 781912]
[781928, 781928]
[781944, 781944]
[781948, 781948]
[781952, 781952]
[781988, 781988]
[781992, 781992]
[782008, 782008]
[782024, 782024]
[782028, 782028]
[782032, 782032]
[782068, 782068]
[782072, 782072]
[782088, 782089]
[782104, 782105]
[782108, 782108]
[782112, 782112]
[782148, 782148]
[782152, 782152]
[782168, 782168]
[782184, 782184]
[782188, 782188]
[782192, 782192]
[782228, 782228]
[782232, 782232]
[782248, 782248]
[782264, 782264]
[782268, 782268]
[782272, 782272]
[782308, 782308]
[782312, 782312]
[782328, 782328]
[782344, 782344]
[782348, 782348]
[782352, 782352]
[782388, 782388]
[782392, 782392]
[782408, 782408]
[782424, 782424]
[782428, 782428]
[782432, 782432]
[782468, 782468]
[782472, 782472]
[782488, 782488]
[782504, 782504]
[782508, 782508]
[782512, 782512]
[782548, 782548]
[782552, 782552]
[782568, 782568]
[782584, 782584]
[782588, 782588]
[782592, 782592]
[782628, 782628]
[782632, 782632]
[782648, 782648]
[782664, 782664]
[782668, 782668]
[782672, 782672]
[782708, 782708]
[782712, 782712]
[782728, 782728]
[782744, 782744]
[782748, 782748]
[782752, 782752]
[782788, 782788]
[782792, 782792]
[782808, 782808]
[782824, 782824]
[782828, 782828]
[782832, 782832]
[782868, 782868]
[782872, 782872]
[782888, 782888]
[782904, 782904]
[782908, 782908]
[782912, 782912]
[782948, 782948]
[782952, 782952]
[782968, 782968]
[782984, 782984]
[782988, 782988]
[782992, 782992]
[783028, 783028]
[783032, 783032]
[783048, 783048]
[783064, 783064]
[783068, 783068]
[783072, 783072]
[783108, 783108]
[783112, 783112]
[783128, 783128]
[783144, 783144]
[783148, 783148]
[783152, 783152]
[783188, 783188]
[783192, 783192]
[783208, 783208]
[783224, 783224]
[783228, 783228]
[783232, 783232]
[783268, 783268]
[783272, 783272]
[783288, 783288]
[783304, 783304]
[783308, 783308]
[783312, 783312]
[783348, 783348]
[783352, 783352]
[783368, 783368]
[783384, 783384]
[783388, 783388]
[783392, 783392]
[783428, 783428]
[783432, 783432]
[783448, 783448]
[783464, 783464]
[783468, 783468]
[783472, 783472]
[783508, 783508]
[783512, 783512]
[783528, 783528]
[783544, 783544]
[783548, 783548]
[783552, 783552]
[783588, 783588]
[783592, 783592]
[783608, 783608]
[783624, 783624]
[783628, 783628]
[783632, 783632]
[783668, 783668]
[783672, 783672]
[783688, 783688]
[783704, 783704]
[783708, 783708]
[783712, 783712]
[783748, 783748]
[783752, 783752]
[783768, 783768]
[783784, 783784]
[783788, 783788]
[783792, 783792]
[783828, 783828]
[783832, 783832]
[783848, 783848]
[783864, 783864]
[783868, 783868]
[783872, 783872]
[783908, 783908]
[783912, 783912]
[783928, 783928]
[783944, 783944]
[783948, 783948]
[783952, 783952]
[783988, 783988]
[783992, 783992]
[784008, 784008]
[784024, 784024]
[784028, 784028]
[784032, 784032]
[784068, 784068]
[784072, 784072]
[784088, 784088]
[784104, 784104]
[784108, 784108]
[784112, 784112]
[784148, 784148]
[784152, 784152]
[784168, 784168]
[784184, 784184]
[784188, 784188]
[784192, 784192]
[784228, 784228]
[784232, 784232]
[784248, 784248]
[784264, 784264]
[784268, 784268]
[784272, 784272]
[784308, 784308]
[784312, 784312]
[784328, 784328]
[784344, 784344]
[784348, 784348]
[784352, 784352]
[784388, 784388]
[784392, 784392]
[784408, 784408]
[784424, 784424]
[784428, 784428]
[784432, 784432]
[784468, 784468]
[784472, 784472]
[784488, 784488]
[784504, 784504]
[784508, 784508]
[784512, 784512]
[784548, 784548]
[784552, 784552]
[784568, 784568]
[784584, 784584]
[784588, 784588]
[784592, 784592]
[784628, 784628]
[784632, 784632]
[784648, 784648]
[784664, 784664]
[784668, 784668]
[784672, 784672]
[784708, 784708]
[784712, 784712]
[784728, 784728]
[784744, 784744]
[784748, 784748]
[784752, 784752]
[784788, 784788]
[784792, 784792]
[784808, 784808]
[784824, 784824]
[784828, 784828]
[784832, 784832]
[784868, 784868]
[784872, 784872]
[784888, 784888]
[784904, 784904]
[784908, 784908]
[784912, 784912]
[784948, 784948]
[784952, 784952]
[784968, 784968]
[784984, 784984]
[784988, 784988]
[784992, 784992]
[785028, 785028]
[785032, 785032]
[785048, 785048]
[785064, 785064]
[785068, 785068]
[785072, 785072]
[785108, 785108]
[785112, 785112]
[785128, 785128]
[785144, 785144]
[785148, 785148]
[785152, 785152]
[785188, 785188]
[785192, 785192]
[785208, 785208]
[785224, 785224]
[785228, 785228]
[785232, 785232]
[785268, 785268]
[785272, 785272]
[785288, 785288]
[785304, 785304]
[785308, 785308]
[785312, 785312]
[785348, 785348]
[785352, 785352]
[785368, 785368]
[785384, 785384]
[785388, 785388]
[785392, 785392]
[785428, 785428]
[785432, 785432]
[785448, 785448]
[785464, 785464]
[785468, 785468]
[785472, 785472]
[785508, 785508]
[785512, 785512]
[785528, 785528]
[785544, 785544]
[785548, 785548]
[785552, 785552]
[785588, 785588]
[785592, 785592]
[785608, 785608]
[785624, 785624]
[785628, 785628]
[785632, 785632]
[785668, 785668]
[785672, 785672]
[785688, 785688]
[785704, 785704]
[785708, 785708]
[785712, 785712]
[785748, 785748]
[785752, 785752]
[785768, 785768]
[785784, 785784]
[785788, 785788]
[785792, 785792]
[785828, 785828]
[785832, 785832]
[785848, 785848]
[785864, 785864]
[785868, 785868]
[785872, 785872]
[785908, 785908]
[785912, 785912]
[785928, 785928]
[785944, 785944]
[785948, 785948]
[785952, 785952]
[785988, 785988]
[785992, 785992]
[786008, 786008]
[786024, 786024]
[786028, 786028]
[786032, 786032]
[786068, 786068]
[786072, 786072]
[786088, 786088]
[786104, 786104]
[786108, 786108]
[786112, 786112]
[786148, 786148]
[786152, 786152]
[786168, 786168]
[786184, 786184]
[786188, 786188]
[786192, 786192]
[786228, 786228]
[786232, 786232]
[786248, 786248]
[786264, 786264]
[786268, 786268]
[786272, 786272]
[786308, 786308]
[786312, 786312]
[786328, 786328]
[786344, 786344]
[786348, 786348]
[786352, 786352]
[786388, 786388]
[786392, 786392]
[786408, 786408]
[786424, 786424]
[786428, 786428]
[786432, 786432]
[786468, 786468]
[786472, 786472]
[786488, 786488]
[786504, 786504]
[786508, 786508]
[786512, 786512]
[786548, 786548]
[786552, 786552]
[786568, 786568]
[786584, 786584]
[786588, 786588]
[786592, 786592]
[786628, 786628]
[786632, 786632]
[786648, 786648]
[786664, 786664]
[786668, 786668]
[786672, 786672]
[786708, 786708]
[786712, 786712]
[786728, 786728]
[786744, 786744]
[786748, 786748]
[786752, 786752]
[786788, 786788]
[786792, 786792]
[786808, 786808]
[786824, 786824]
[786828, 786828]
[786832, 786832]
[786868, 786868]
[786872, 786872]
[786888, 786888]
[786904, 786904]
[786908, 786908]
[786912, 786912]
[786948, 786948]
[786952, 786952]
[786968, 786968]
[786984, 786984]
[786988, 786988]
[786992, 786992]
[787028, 787028]
[787032, 787032]
[787048, 787048]
[787064, 787064]
[787068, 787068]
[787072, 787072]
[787108, 787108]
[787112, 787112]
[787128, 787128]
[787144, 787144]
[787148, 787148]
[787152, 787152]
[787188, 787188]
[787192, 787192]
[787208, 787208]
[787224, 787224]
[787228, 787228]
[787232, 787232]
[787268, 787268]
[787272, 787272]
[787288, 787288]
[787304, 787304]
[787308, 787308]
[787312, 787312]
[787348, 787348]
[787352, 787352]
[787368, 787368]
[787384, 787384]
[787388, 787388]
[787392, 787392]
[787428, 787428]
[787432, 787432]
[787448, 787448]
[787464, 787464]
[787468, 787468]
[787472, 787472]
[787508, 787508]
[787512, 787512]
[787528, 787528]
[787544, 787544]
[787548, 787548]
[787552, 787552]
[787588, 787588]
[787592, 787592]
[787608, 787608]
[787624, 787624]
[787628, 787628]
[787632, 787632]
[787668, 787668]
[787672, 787672]
[787688, 787688]
[787704, 787704]
[787708, 787708]
[787712, 787712]
[787748, 787748]
[787752, 787752]
[787768, 787768]
[787784, 787784]
[787788, 787788]
[787792, 787792]
[787828, 787828]
[787832, 787832]
[787848, 787848]
[787864, 787864]
[787868, 787868]
[787872, 787872]
[787908, 787908]
[787912, 787912]
[787928, 787928]
[787944, 787944]
[787948, 787948]
[787952, 787952]
[787988, 787988]
[787992, 787992]
[788008, 788008]
[788024, 788024]
[788028, 788028]
[788032, 788032]
[788068, 788068]
[788072, 788072]
[788088, 788088]
[788104, 788104]
[788108, 788108]
[788112, 788112]
[788148, 788148]
[788152, 788152]
[788168, 788168]
[788184, 788184]
[788188, 788188]
[788192, 788192]
[788228, 788228]
[788232, 788232]
[788248, 788248]
[788264, 788264]
[788268, 788268]
[788272, 788272]
[788308, 788308]
[788312, 788312]
[788328, 788328]
[788344, 788344]
[788348, 788348]
[788352, 788352]
[788388, 788388]
[788392, 788392]
[788408, 788408]
[788424, 788424]
[788428, 788428]
[788432, 788432]
[788468, 788468]
[788472, 788472]
[788488, 788488]
[788504, 788504]
[788508, 788508]
[788512, 788512]
[788548, 788548]
[788552, 788552]
[788568, 788568]
[788584, 788584]
[788588, 788588]
[788592, 788592]
[788628, 788628]
[788632, 788632]
[788648, 788648]
[788664, 788664]
[788668, 788668]
[788672, 788672]
[788708, 788708]
[788712, 788712]
[788728, 788728]
[788744, 788744]
[788748, 788748]
[788752, 788752]
[788788, 788788]
[788792, 788792]
[788808, 788808]
[788824, 788824]
[788828, 788828]
[788832, 788832]
[788868, 788868]
[788872, 788872]
[788888, 788888]
[788904, 788904]
[788908, 788908]
[788912, 788912]
[788948, 788948]
[788952, 788952]
[788968, 788968]
[788984, 788984]
[788988, 788988]
[788992, 788992]
[789028, 789028]
[789032, 789032]
[789048, 789048]
[789064, 789064]
[789068, 789068]
[789072, 789072]
[789108, 789108]
[789112, 789112]
[789128, 789128]
[789144, 789144]
[789148, 789148]
[789152, 789152]
[789188, 789188]
[789192, 789192]
[789208, 789208]
[789224, 789224]
[789228, 789228]
[789232, 789232]
[789268, 789268]
[789272, 789272]
[789288, 789288]
[789304, 789304]
[789308, 789308]
[789312, 789312]
[789348, 789348]
[789352, 789352]
[789368, 789368]
[789384, 789384]
[789388, 789388]
[789392, 789392]
[789428, 789428]
[789432, 789432]
[789448, 789448]
[789464, 789464]
[789468, 789468]
[789472, 789472]
[789508, 789508]
[789512, 789512]
[789528, 789528]
[789544, 789544]
[789548, 789548]
[789552, 789552]
[789588, 789588]
[789592, 789592]
[789608, 789608]
[789624, 789624]
[789628, 789628]
[789632, 789632]
[789668, 789668]
[789672, 789672]
[789688, 789688]
[789704, 789704]
[789708, 789708]
[789712, 789712]
[789748, 789748]
[789752, 789752]
[789768, 789768]
[789784, 789784]
[789788, 789788]
[789792, 789792]
[789828, 789828]
[789832, 789832]
[789848, 789848]
[789864, 789864]
[789868, 789868]
[789872, 789872]
[789908, 789908]
[789912, 789912]
[789928, 789928]
[789944, 789944]
[789948, 789948]
[789952, 789952]
[789988, 789988]
[789992, 789992]
[790008, 790008]
[790024, 790024]
[790028, 790028]
[790032, 790032]
[790068, 790068]
[790072, 790072]
[790088, 790088]
[790104, 790104]
[790108, 790108]
[790112, 790112]
[790148, 790148]
[790152, 790152]
[790168, 790168]
[790184, 790184]
[790188, 790188]
[790192, 790192]
[790228, 790228]
[790232, 790232]
[790248, 790248]
[790264, 790264]
[790268, 790268]
[790272, 790272]
[790308, 790308]
[790312, 790312]
[790328, 790328]
[790344, 790344]
[790348, 790348]
[790352, 790352]
[790388, 790388]
[790392, 790392]
[790408, 790408]
[790424, 790424]
[790428, 790428]
[790432, 790432]
[790468, 790468]
[790472, 790472]
[790488, 790488]
[790504, 790504]
[790508, 790508]
[790512, 790512]
[790548, 790548]
[790552, 790552]
[790568, 790568]
[790584, 790584]
[790588, 790588]
[790592, 790592]
[790628, 790628]
[790632, 790632]
[790648, 790648]
[790664, 790664]
[790668, 790668]
[790672, 790672]
[790708, 790708]
[790712, 790712]
[790728, 790728]
[790744, 790744]
[790748, 790748]
[790752, 790752]
[790788, 790788]
[790792, 790792]
[790808, 790808]
[790824, 790824]
[790828, 790828]
[790832, 790832]
[790868, 790868]
[790872, 790872]
[790888, 790888]
[790904, 790904]
[790908, 790908]
[790912, 790912]
[790948, 790948]
[790952, 790952]
[790968, 790968]
[790984, 790984]
[790988, 790988]
[790992, 790992]
[791028, 791028]
[791032, 791032]
[791048, 791048]
[791064, 791064]
[791068, 791068]
[791072, 791072]
[791108, 791108]
[791112, 791112]
[791128, 791128]
[791144, 791144]
[791148, 791148]
[791152, 791152]
[791188, 791188]
[791192, 791192]
[791208, 791208]
[791224, 791224]
[791228, 791228]
[791232, 791232]
[791268, 791268]
[791272, 791272]
[791288, 791288]
[791304, 791304]
[791308, 791308]
[791312, 791312]
[791348, 791348]
[791352, 791352]
[791368, 791368]
[791384, 791384]
[791388, 791388]
[791392, 791392]
[791428, 791428]
[791432, 791432]
[791448, 791448]
[791464, 791464]
[791468, 791468]
[791472, 791472]
[791508, 791508]
[791512, 791512]
[791528, 791528]
[791544, 791544]
[791548, 791548]
[791552, 791552]
[791588, 791588]
[791592, 791592]
[791608, 791608]
[791624, 791624]
[791628, 791628]
[791632, 791632]
[791668, 791668]
[791672, 791672]
[791688, 791688]
[791704, 791704]
[791708, 791708]
[791712, 791712]
[791748, 791748]
[791752, 791752]
[791768, 791768]
[791784, 791784]
[791788, 791788]
[791792, 791792]
[791828, 791828]
[791832, 791832]
[791848, 791848]
[791864, 791864]
[791868, 791868]
[791872, 791872]
[791908, 791908]
[791912, 791912]
[791928, 791928]
[791944, 791944]
[791948, 791948]
[791952, 791952]
[791988, 791988]
[791992, 791992]
[792008, 792008]
[792024, 792024]
[792028, 792028]
[792032, 792032]
[792068, 792068]
[792072, 792072]
[792088, 792088]
[792104, 792104]
[792108, 792108]
[792112, 792112]
[792148, 792148]
[792152, 792152]
[792168, 792168]
[792184, 792184]
[792188, 792188]
[792192, 792192]
[792228, 792228]
[792232, 792232]
[792248, 792248]
[792264, 792264]
[792268, 792268]
[792272, 792272]
[792308, 792308]
[792312, 792312]
[792328, 792329]
[792344, 792345]
[792348, 792348]
[792352, 792352]
[792388, 792388]
[792392, 792392]
[792408, 792408]
[792424, 792424]
[792428, 792428]
[792432, 792432]
[792468, 792468]
[792472, 792472]
[792488, 792488]
[792504, 792504]
[792508, 792508]
[792512, 792512]
[792548, 792548]
[792552, 792552]
[792568, 792568]
[792584, 792584]
[792588, 792588]
[792592, 792592]
[792628, 792628]
[792632, 792632]
[792648, 792648]
[792664, 792664]
[792668, 792668]
[792672, 792672]
[792708, 792708]
[792712, 792712]
[792728, 792728]
[792744, 792744]
[792748, 792748]
[792752, 792752]
[792788, 792788]
[792792, 792792]
[792808, 792808]
[792824, 792824]
[792828, 792828]
[792832, 792832]
[792868, 792868]
[792872, 792872]
[792888, 792888]
[792904, 792904]
[792908, 792908]
[792912, 792912]
[792948, 792948]
[792952, 792952]
[792968, 792968]
[792984, 792984]
[792988, 792988]
[792992, 792992]
[793028, 793028]
[793032, 793032]
[793048, 793048]
[793064, 793064]
[793068, 793068]
[793072, 793072]
[793108, 793108]
[793112, 793112]
[793128, 793128]
[793144, 793144]
[793148, 793148]
[793152, 793152]
[793188, 793188]
[793192, 793192]
[793208, 793208]
[793224, 793224]
[793228, 793228]
[793232, 793232]
[793268, 793268]
[793272, 793272]
[793288, 793288]
[793304, 793304]
[793308, 793308]
[793312, 793312]
[793348, 793348]
[793352, 793352]
[793368, 793368]
[793384, 793384]
[793388, 793388]
[793392, 793392]
[793428, 793428]
[793432, 793432]
[793448, 793448]
[793464, 793464]
[793468, 793468]
[793472, 793472]
[793508, 793508]
[793512, 793512]
[793528, 793528]
[793544, 793544]
[793548, 793548]
[793552, 793552]
[793588, 793588]
[793592, 793592]
[793608, 793608]
[793624, 793624]
[793628, 793628]
[793632, 793632]
[793668, 793668]
[793672, 793672]
[793688, 793688]
[793704, 793704]
[793708, 793708]
[793712, 793712]
[793748, 793748]
[793752, 793752]
[793768, 793768]
[793784, 793784]
[793788, 793788]
[793792, 793792]
[793828, 793828]
[793832, 793832]
[793848, 793848]
[793864, 793864]
[793868, 793868]
[793872, 793872]
[793908, 793908]
[793912, 793912]
[793928, 793928]
[793944, 793944]
[793948, 793948]
[793952, 793952]
[793988, 793988]
[793992, 793992]
[794008, 794008]
[794024, 794024]
[794028, 794028]
[794032, 794032]
[794068, 794068]
[794072, 794072]
[794088, 794088]
[794104, 794104]
[794108, 794108]
[794112, 794112]
[794148, 794148]
[794152, 794152]
[794168, 794168]
[794184, 794184]
[794188, 794188]
[794192, 794192]
[794228, 794228]
[794232, 794232]
[794248, 794248]
[794264, 794264]
[794268, 794268]
[794272, 794272]
[794308, 794308]
[794312, 794312]
[794328, 794328]
[794344, 794344]
[794348, 794348]
[794352, 794352]
[794388, 794388]
[794392, 794392]
[794408, 794408]
[794424, 794424]
[794428, 794428]
[794432, 794432]
[794468, 794468]
[794472, 794472]
[794488, 794488]
[794504, 794504]
[794508, 794508]
[794512, 794512]
[794548, 794548]
[794552, 794552]
[794568, 794568]
[794584, 794584]
[794588, 794588]
[794592, 794592]
[794628, 794628]
[794632, 794632]
[794648, 794648]
[794664, 794664]
[794668, 794668]
[794672, 794672]
[794708, 794708]
[794712, 794712]
[794728, 794728]
[794744, 794744]
[794748, 794748]
[794752, 794752]
[794788, 794788]
[794792, 794792]
[794808, 794808]
[794824, 794824]
[794828, 794828]
[794832, 794832]
[794868, 794868]
[794872, 794872]
[794888, 794888]
[794904, 794904]
[794908, 794908]
[794912, 794912]
[794948, 794948]
[794952, 794952]
[794968, 794968]
[794984, 794984]
[794988, 794988]
[794992, 794992]
[795028, 795028]
[795032, 795032]
[795048, 795048]
[795064, 795064]
[795068, 795068]
[795072, 795072]
[795108, 795108]
[795112, 795112]
[795128, 795128]
[795144, 795144]
[795148, 795148]
[795152, 795152]
[795188, 795188]
[795192, 795192]
[795208, 795208]
[795224, 795224]
[795228, 795228]
[795232, 795232]
[795268, 795268]
[795272, 795272]
[795288, 795288]
[795304, 795304]
[795308, 795308]
[795312, 795312]
[795348, 795348]
[795352, 795352]
[795368, 795368]
[795384, 795384]
[795388, 795388]
[795392, 795392]
[795428, 795428]
[795432, 795432]
[795448, 795448]
[795464, 795464]
[795468, 795468]
[795472, 795472]
[795508, 795508]
[795512, 795512]
[795528, 795528]
[795544, 795544]
[795548, 795548]
[795552, 795552]
[795588, 795588]
[795592, 795592]
[795608, 795608]
[795624, 795624]
[795628, 795628]
[795632, 795632]
[795668, 795668]
[795672, 795672]
[795688, 795688]
[795704, 795704]
[795708, 795708]
[795712, 795712]
[795748, 795748]
[795752, 795752]
[795768, 795768]
[795784, 795784]
[795788, 795788]
[795792, 795792]
[795828, 795828]
[795832, 795832]
[795848, 795848]
[795864, 795864]
[795868, 795868]
[795872, 795872]
[795908, 795908]
[795912, 795912]
[795928, 795928]
[795944, 795944]
[795948, 795948]
[795952, 795952]
[795988, 795988]
[795992, 795992]
[796008, 796008]
[796024, 796024]
[796028, 796028]
[796032, 796032]
[796068, 796068]
[796072, 796072]
[796088, 796088]
[796104, 796104]
[796108, 796108]
[796112, 796112]
[796148, 796148]
[796152, 796152]
[796168, 796168]
[796184, 796184]
[796188, 796188]
[796192, 796192]
[796228, 796228]
[796232, 796232]
[796248, 796248]
[796264, 796264]
[796268, 796268]
[796272, 796272]
[796308, 796308]
[796312, 796312]
[796328, 796328]
[796344, 796344]
[796348, 796348]
[796352, 796352]
[796388, 796388]
[796392, 796392]
[796408, 796408]
[796424, 796424]
[796428, 796428]
[796432, 796432]
[796468, 796468]
[796472, 796472]
[796488, 796488]
[796504, 796504]
[796508, 796508]
[796512, 796512]
[796548, 796548]
[796552, 796552]
[796568, 796568]
[796584, 796584]
[796588, 796588]
[796592, 796592]
[796628, 796628]
[796632, 796632]
[796648, 796648]
[796664, 796664]
[796668, 796668]
[796672, 796672]
[796708, 796708]
[796712, 796712]
[796728, 796728]
[796744, 796744]
[796748, 796748]
[796752, 796752]
[796788, 796788]
[796792, 796792]
[796808, 796808]
[796824, 796824]
[796828, 796828]
[796832, 796832]
[796868, 796868]
[796872, 796872]
[796888, 796888]
[796904, 796904]
[796908, 796908]
[796912, 796912]
[796948, 796948]
[796952, 796952]
[796968, 796968]
[796984, 796984]
[796988, 796988]
[796992, 796992]
[797028, 797028]
[797032, 797032]
[797048, 797048]
[797064, 797064]
[797068, 797068]
[797072, 797072]
[797108, 797108]
[797112, 797112]
[797128, 797128]
[797144, 797144]
[797148, 797148]
[797152, 797152]
[797188, 797188]
[797192, 797192]
[797208, 797208]
[797224, 797224]
[797228, 797228]
[797232, 797232]
[797268, 797268]
[797272, 797272]
[797288, 797288]
[797304, 797304]
[797308, 797308]
[797312, 797312]
[797348, 797348]
[797352, 797352]
[797368, 797368]
[797384, 797384]
[797388, 797388]
[797392, 797392]
[797428, 797428]
[797432, 797432]
[797448, 797448]
[797464, 797464]
[797468, 797468]
[797472, 797472]
[797508, 797508]
[797512, 797512]
[797528, 797528]
[797544, 797544]
[797548, 797548]
[797552, 797552]
[797588, 797588]
[797592, 797592]
[797608, 797608]
[797624, 797624]
[797628, 797628]
[797632, 797632]
[797668, 797668]
[797672, 797672]
[797688, 797688]
[797704, 797704]
[797708, 797708]
[797712, 797712]
[797748, 797748]
[797752, 797752]
[797768, 797768]
[797784, 797784]
[797788, 797788]
[797792, 797792]
[797828, 797828]
[797832, 797832]
[797848, 797848]
[797864, 797864]
[797868, 797868]
[797872, 797872]
[797908, 797908]
[797912, 797912]
[797928, 797928]
[797944, 797944]
[797948, 797948]
[797952, 797952]
[797988, 797988]
[797992, 797992]
[798008, 798008]
[798024, 798024]
[798028, 798028]
[798032, 798032]
[798068, 798068]
[798072, 798072]
[798088, 798088]
[798104, 798104]
[798108, 798108]
[798112, 798112]
[798148, 798148]
[798152, 798152]
[798168, 798168]
[798184, 798184]
[798188, 798188]
[798192, 798192]
[798228, 798228]
[798232, 798232]
[798248, 798248]
[798264, 798264]
[798268, 798268]
[798272, 798272]
[798308, 798308]
[798312, 798312]
[798328, 798328]
[798344, 798344]
[798348, 798348]
[798352, 798352]
[798388, 798388]
[798392, 798392]
[798408, 798408]
[798424, 798424]
[798428, 798428]
[798432, 798432]
[798468, 798468]
[798472, 798472]
[798488, 798488]
[798504, 798504]
[798508, 798508]
[798512, 798512]
[798548, 798548]
[798552, 798552]
[798568, 798568]
[798584, 798584]
[798588, 798588]
[798592, 798592]
[798628, 798628]
[798632, 798632]
[798648, 798648]
[798664, 798664]
[798668, 798668]
[798672, 798672]
[798708, 798708]
[798712, 798712]
[798728, 798728]
[798744, 798744]
[798748, 798748]
[798752, 798752]
[798788, 798788]
[798792, 798792]
[798808, 798808]
[798824, 798824]
[798828, 798828]
[798832, 798832]
[798868, 798868]
[798872, 798872]
[798888, 798888]
[798904, 798904]
[798908, 798908]
[798912, 798912]
[798948, 798948]
[798952, 798952]
[798968, 798968]
[798984, 798984]
[798988, 798988]
[798992, 798992]
[799028, 799028]
[799032, 799032]
[799048, 799048]
[799064, 799064]
[799068, 799068]
[799072, 799072]
[799108, 799108]
[799112, 799112]
[799128, 799128]
[799144, 799144]
[799148, 799148]
[799152, 799152]
[799188, 799188]
[799192, 799192]
[799208, 799208]
[799224, 799224]
[799228, 799228]
[799232, 799232]
[799268, 799268]
[799272, 799272]
[799288, 799288]
[799304, 799304]
[799308, 799308]
[799312, 799312]
[799348, 799348]
[799352, 799352]
[799368, 799368]
[799384, 799384]
[799388, 799388]
[799392, 799392]
[799428, 799428]
[799432, 799432]
[799448, 799448]
[799464, 799464]
[799468, 799468]
[799472, 799472]
[799508, 799508]
[799512, 799512]
[799528, 799528]
[799544, 799544]
[799548, 799548]
[799552, 799552]
[799588, 799588]
[799592, 799592]
[799608, 799608]
[799624, 799624]
[799628, 799628]
[799632, 799632]
[799668, 799668]
[799672, 799672]
[799688, 799688]
[799704, 799704]
[799708, 799708]
[799712, 799712]
[799748, 799748]
[799752, 799752]
[799768, 799768]
[799784, 799784]
[799788, 799788]
[799792, 799792]
[799828, 799828]
[799832, 799832]
[799848, 799848]
[799864, 799864]
[799868, 799868]
[799872, 799872]
[799908, 799908]
[799912, 799912]
[799928, 799928]
[799944, 799944]
[799948, 799948]
[799952, 799952]
[799988, 799988]
[799992, 799992]
[800008, 800008]
[800024, 800024]
[800028, 800028]
[800032, 800032]
[800068, 800068]
[800072, 800072]
[800088, 800088]
[800104, 800104]
[800108, 800108]
[800112, 800112]
[800148, 800148]
[800152, 800152]
[800168, 800168]
[800184, 800184]
[800188, 800188]
[800192, 800192]
[800228, 800228]
[800232, 800232]
[800248, 800248]
[800264, 800264]
[800268, 800268]
[800272, 800272]
[800308, 800308]
[800312, 800312]
[800328, 800328]
[800344, 800344]
[800348, 800348]
[800352, 800352]
[800388, 800388]
[800392, 800392]
[800408, 800408]
[800424, 800424]
[800428, 800428]
[800432, 800432]
[800468, 800468]
[800472, 800472]
[800488, 800488]
[800504, 800504]
[800508, 800508]
[800512, 800512]
[800548, 800548]
[800552, 800552]
[800568, 800568]
[800584, 800584]
[800588, 800588]
[800592, 800592]
[800628, 800628]
[800632, 800632]
[800648, 800648]
[800664, 800664]
[800668, 800668]
[800672, 800672]
[800708, 800708]
[800712, 800712]
[800728, 800728]
[800744, 800744]
[800748, 800748]
[800752, 800752]
[800788, 800788]
[800792, 800792]
[800808, 800808]
[800824, 800824]
[800828, 800828]
[800832, 800832]
[800868, 800868]
[800872, 800872]
[800888, 800888]
[800904, 800904]
[800908, 800908]
[800912, 800912]
[800948, 800948]
[800952, 800952]
[800968, 800968]
[800984, 800984]
[800988, 800988]
[800992, 800992]
[801028, 801028]
[801032, 801032]
[801048, 801048]
[801064, 801064]
[801068, 801068]
[801072, 801072]
[801108, 801108]
[801112, 801112]
[801128, 801128]
[801144, 801144]
[801148, 801148]
[801152, 801152]
[801188, 801188]
[801192, 801192]
[801208, 801208]
[801224, 801224]
[801228, 801228]
[801232, 801232]
[801268, 801268]
[801272, 801272]
[801288, 801288]
[801304, 801304]
[801308, 801308]
[801312, 801312]
[801348, 801348]
[801352, 801352]
[801368, 801368]
[801384, 801384]
[801388, 801388]
[801392, 801392]
[801428, 801428]
[801432, 801432]
[801448, 801448]
[801464, 801464]
[801468, 801468]
[801472, 801472]
[801508, 801508]
[801512, 801512]
[801528, 801528]
[801544, 801544]
[801548, 801548]
[801552, 801552]
[801588, 801588]
[801592, 801592]
[801608, 801608]
[801624, 801624]
[801628, 801628]
[801632, 801632]
[801668, 801668]
[801672, 801672]
[801688, 801688]
[801704, 801704]
[801708, 801708]
[801712, 801712]
[801748, 801748]
[801752, 801752]
[801768, 801768]
[801784, 801784]
[801788, 801788]
[801792, 801792]
[801828, 801828]
[801832, 801832]
[801848, 801848]
[801864, 801864]
[801868, 801868]
[801872, 801872]
[801908, 801908]
[801912, 801912]
[801928, 801928]
[801944, 801944]
[801948, 801948]
[801952, 801952]
[801988, 801988]
[801992, 801992]
[802008, 802008]
[802024, 802024]
[802028, 802028]
[802032, 802032]
[802068, 802068]
[802072, 802072]
[802088, 802088]
[802104, 802104]
[802108, 802108]
[802112, 802112]
[802148, 802148]
[802152, 802152]
[802168, 802168]
[802184, 802184]
[802188, 802188]
[802192, 802192]
[802228, 802228]
[802232, 802232]
[802248, 802248]
[802264, 802264]
[802268, 802268]
[802272, 802272]
[802308, 802308]
[802312, 802312]
[802328, 802328]
[802344, 802344]
[802348, 802348]
[802352, 802352]
[802388, 802388]
[802392, 802392]
[802408, 802408]
[802424, 802424]
[802428, 802428]
[802432, 802432]
[802468, 802468]
[802472, 802472]
[802488, 802488]
[802504, 802504]
[802508, 802508]
[802512, 802512]
[802548, 802548]
[802552, 802552]
[802568, 802569]
[802584, 802585]
[802588, 802588]
[802592, 802592]
[802628, 802628]
[802632, 802632]
[802648, 802648]
[802664, 802664]
[802668, 802668]
[802672, 802672]
[802708, 802708]
[802712, 802712]
[802728, 802728]
[802744, 802744]
[802748, 802748]
[802752, 802752]
[802788, 802788]
[802792, 802792]
[802808, 802808]
[802824, 802824]
[802828, 802828]
[802832, 802832]
[802868, 802868]
[802872, 802872]
[802888, 802888]
[802904, 802904]
[802908, 802908]
[802912, 802912]
[802948, 802948]
[802952, 802952]
[802968, 802968]
[802984, 802984]
[802988, 802988]
[802992, 802992]
[803028, 803028]
[803032, 803032]
[803048, 803048]
[803064, 803064]
[803068, 803068]
[803072, 803072]
[803108, 803108]
[803112, 803112]
[803128, 803128]
[803144, 803144]
[803148, 803148]
[803152, 803152]
[803188, 803188]
[803192, 803192]
[803208, 803208]
[803224, 803224]
[803228, 803228]
[803232, 803232]
[803268, 803268]
[803272, 803272]
[803288, 803288]
[803304, 803304]
[803308, 803308]
[803312, 803312]
[803348, 803348]
[803352, 803352]
[803368, 803368]
[803384, 803384]
[803388, 803388]
[803392, 803392]
[803428, 803428]
[803432, 803432]
[803448, 803448]
[803464, 803464]
[803468, 803468]
[803472, 803472]
[803508, 803508]
[803512, 803512]
[803528, 803528]
[803544, 803544]
[803548, 803548]
[803552, 803552]
[803588, 803588]
[803592, 803592]
[803608, 803608]
[803624, 803624]
[803628, 803628]
[803632, 803632]
[803668, 803668]
[803672, 803672]
[803688, 803688]
[803704, 803704]
[803708, 803708]
[803712, 803712]
[803748, 803748]
[803752, 803752]
[803768, 803768]
[803784, 803784]
[803788, 803788]
[803792, 803792]
[803828, 803828]
[803832, 803832]
[803848, 803848]
[803864, 803864]
[803868, 803868]
[803872, 803872]
[803908, 803908]
[803912, 803912]
[803928, 803928]
[803944, 803944]
[803948, 803948]
[803952, 803952]
[803988, 803988]
[803992, 803992]
[804008, 804008]
[804024, 804024]
[804028, 804028]
[804032, 804032]
[804068, 804068]
[804072, 804072]
[804088, 804088]
[804104, 804104]
[804108, 804108]
[804112, 804112]
[804148, 804148]
[804152, 804152]
[804168, 804168]
[804184, 804184]
[804188, 804188]
[804192, 804192]
[804228, 804228]
[804232, 804232]
[804248, 804248]
[804264, 804264]
[804268, 804268]
[804272, 804272]
[804308, 804308]
[804312, 804312]
[804328, 804328]
[804344, 804344]
[804348, 804348]
[804352, 804352]
[804388, 804388]
[804392, 804392]
[804408, 804408]
[804424, 804424]
[804428, 804428]
[804432, 804432]
[804468, 804468]
[804472, 804472]
[804488, 804488]
[804504, 804504]
[804508, 804508]
[804512, 804512]
[804548, 804548]
[804552, 804552]
[804568, 804568]
[804584, 804584]
[804588, 804588]
[804592, 804592]
[804628, 804628]
[804632, 804632]
[804648, 804648]
[804664, 804664]
[804668, 804668]
[804672, 804672]
[804708, 804708]
[804712, 804712]
[804728, 804728]
[804744, 804744]
[804748, 804748]
[804752, 804752]
[804788, 804788]
[804792, 804792]
[804808, 804808]
[804824, 804824]
[804828, 804828]
[804832, 804832]
[804868, 804868]
[804872, 804872]
[804888, 804888]
[804904, 804904]
[804908, 804908]
[804912, 804912]
[804948, 804948]
[804952, 804952]
[804968, 804968]
[804984, 804984]
[804988, 804988]
[804992, 804992]
[805028, 805028]
[805032, 805032]
[805048, 805048]
[805064, 805064]
[805068, 805068]
[805072, 805072]
[805108, 805108]
[805112, 805112]
[805128, 805128]
[805144, 805144]
[805148, 805148]
[805152, 805152]
[805188, 805188]
[805192, 805192]
[805208, 805208]
[805224, 805224]
[805228, 805228]
[805232, 805232]
[805268, 805268]
[805272, 805272]
[805288, 805288]
[805304, 805304]
[805308, 805308]
[805312, 805312]
[805348, 805348]
[805352, 805352]
[805368, 805368]
[805384, 805384]
[805388, 805388]
[805392, 805392]
[805428, 805428]
[805432, 805432]
[805448, 805448]
[805464, 805464]
[805468, 805468]
[805472, 805472]
[805508, 805508]
[805512, 805512]
[805528, 805528]
[805544, 805544]
[805548, 805548]
[805552, 805552]
[805588, 805588]
[805592, 805592]
[805608, 805608]
[805624, 805624]
[805628, 805628]
[805632, 805632]
[805668, 805668]
[805672, 805672]
[805688, 805688]
[805704, 805704]
[805708, 805708]
[805712, 805712]
[805748, 805748]
[805752, 805752]
[805768, 805768]
[805784, 805784]
[805788, 805788]
[805792, 805792]
[805828, 805828]
[805832, 805832]
[805848, 805848]
[805864, 805864]
[805868, 805868]
[805872, 805872]
[805908, 805908]
[805912, 805912]
[805928, 805928]
[805944, 805944]
[805948, 805948]
[805952, 805952]
[805988, 805988]
[805992, 805992]
[806008, 806008]
[806024, 806024]
[806028, 806028]
[806032, 806032]
[806068, 806068]
[806072, 806072]
[806088, 806088]
[806104, 806104]
[806108, 806108]
[806112, 806112]
[806148, 806148]
[806152, 806152]
[806168, 806168]
[806184, 806184]
[806188, 806188]
[806192, 806192]
[806228, 806228]
[806232, 806232]
[806248, 806248]
[806264, 806264]
[806268, 806268]
[806272, 806272]
[806308, 806308]
[806312, 806312]
[806328, 806328]
[806344, 806344]
[806348, 806348]
[806352, 806352]
[806388, 806388]
[806392, 806392]
[806408, 806408]
[806424, 806424]
[806428, 806428]
[806432, 806432]
[806468, 806468]
[806472, 806472]
[806488, 806488]
[806504, 806504]
[806508, 806508]
[806512, 806512]
[806548, 806548]
[806552, 806552]
[806568, 806568]
[806584, 806584]
[806588, 806588]
[806592, 806592]
[806628, 806628]
[806632, 806632]
[806648, 806648]
[806664, 806664]
[806668, 806668]
[806672, 806672]
[806708, 806708]
[806712, 806712]
[806728, 806728]
[806744, 806744]
[806748, 806748]
[806752, 806752]
[806788, 806788]
[806792, 806792]
[806808, 806808]
[806824, 806824]
[806828, 806828]
[806832, 806832]
[806868, 806868]
[806872, 806872]
[806888, 806888]
[806904, 806904]
[806908, 806908]
[806912, 806912]
[806948, 806948]
[806952, 806952]
[806968, 806968]
[806984, 806984]
[806988, 806988]
[806992, 806992]
[807028, 807028]
[807032, 807032]
[807048, 807048]
[807064, 807064]
[807068, 807068]
[807072, 807072]
[807108, 807108]
[807112, 807112]
[807128, 807128]
[807144, 807144]
[807148, 807148]
[807152, 807152]
[807188, 807188]
[807192, 807192]
[807208, 807208]
[807224, 807224]
[807228, 807228]
[807232, 807232]
[807268, 807268]
[807272, 807272]
[807288, 807288]
[807304, 807304]
[807308, 807308]
[807312, 807312]
[807348, 807348]
[807352, 807352]
[807368, 807368]
[807384, 807384]
[807388, 807388]
[807392, 807392]
[807428, 807428]
[807432, 807432]
[807448, 807448]
[807464, 807464]
[807468, 807468]
[807472, 807472]
[807508, 807508]
[807512, 807512]
[807528, 807528]
[807544, 807544]
[807548, 807548]
[807552, 807552]
[807588, 807588]
[807592, 807592]
[807608, 807608]
[807624, 807624]
[807628, 807628]
[807632, 807632]
[807668, 807668]
[807672, 807672]
[807688, 807688]
[807704, 807704]
[807708, 807708]
[807712, 807712]
[807748, 807748]
[807752, 807752]
[807768, 807768]
[807784, 807784]
[807788, 807788]
[807792, 807792]
[807828, 807828]
[807832, 807832]
[807848, 807848]
[807864, 807864]
[807868, 807868]
[807872, 807872]
[807908, 807908]
[807912, 807912]
[807928, 807928]
[807944, 807944]
[807948, 807948]
[807952, 807952]
[807988, 807988]
[807992, 807992]
[808008, 808008]
[808024, 808024]
[808028, 808028]
[808032, 808032]
[808068, 808068]
[808072, 808072]
[808088, 808088]
[808104, 808104]
[808108, 808108]
[808112, 808112]
[808148, 808148]
[808152, 808152]
[808168, 808168]
[808184, 808184]
[808188, 808188]
[808192, 808192]
[808228, 808228]
[808232, 808232]
[808248, 808248]
[808264, 808264]
[808268, 808268]
[808272, 808272]
[808308, 808308]
[808312, 808312]
[808328, 808328]
[808344, 808344]
[808348, 808348]
[808352, 808352]
[808388, 808388]
[808392, 808392]
[808408, 808408]
[808424, 808424]
[808428, 808428]
[808432, 808432]
[808468, 808468]
[808472, 808472]
[808488, 808488]
[808504, 808504]
[808508, 808508]
[808512, 808512]
[808548, 808548]
[808552, 808552]
[808568, 808568]
[808584, 808584]
[808588, 808588]
[808592, 808592]
[808628, 808628]
[808632, 808632]
[808648, 808648]
[808664, 808664]
[808668, 808668]
[808672, 808672]
[808708, 808708]
[808712, 808712]
[808728, 808728]
[808744, 808744]
[808748, 808748]
[808752, 808752]
[808788, 808788]
[808792, 808792]
[808808, 808808]
[808824, 808824]
[808828, 808828]
[808832, 808832]
[808868, 808868]
[808872, 808872]
[808888, 808888]
[808904, 808904]
[808908, 808908]
[808912, 808912]
[808948, 808948]
[808952, 808952]
[808968, 808968]
[808984, 808984]
[808988, 808988]
[808992, 808992]
[809028, 809028]
[809032, 809032]
[809048, 809048]
[809064, 809064]
[809068, 809068]
[809072, 809072]
[809108, 809108]
[809112, 809112]
[809128, 809128]
[809144, 809144]
[809148, 809148]
[809152, 809152]
[809188, 809188]
[809192, 809192]
[809208, 809208]
[809224, 809224]
[809228, 809228]
[809232, 809232]
[809268, 809268]
[809272, 809272]
[809288, 809288]
[809304, 809304]
[809308, 809308]
[809312, 809312]
[809348, 809348]
[809352, 809352]
[809368, 809368]
[809384, 809384]
[809388, 809388]
[809392, 809392]
[809428, 809428]
[809432, 809432]
[809448, 809448]
[809464, 809464]
[809468, 809468]
[809472, 809472]
[809508, 809508]
[809512, 809512]
[809528, 809528]
[809544, 809544]
[809548, 809548]
[809552, 809552]
[809588, 809588]
[809592, 809592]
[809608, 809608]
[809624, 809624]
[809628, 809628]
[809632, 809632]
[809668, 809668]
[809672, 809672]
[809688, 809688]
[809704, 809704]
[809708, 809708]
[809712, 809712]
[809748, 809748]
[809752, 809752]
[809768, 809768]
[809784, 809784]
[809788, 809788]
[809792, 809792]
[809828, 809828]
[809832, 809832]
[809848, 809848]
[809864, 809864]
[809868, 809868]
[809872, 809872]
[809908, 809908]
[809912, 809912]
[809928, 809928]
[809944, 809944]
[809948, 809948]
[809952, 809952]
[809988, 809988]
[809992, 809992]
[810008, 810008]
[810024, 810024]
[810028, 810028]
[810032, 810032]
[810068, 810068]
[810072, 810072]
[810088, 810088]
[810104, 810104]
[810108, 810108]
[810112, 810112]
[810148, 810148]
[810152, 810152]
[810168, 810168]
[810184, 810184]
[810188, 810188]
[810192, 810192]
[810228, 810228]
[810232, 810232]
[810248, 810248]
[810264, 810264]
[810268, 810268]
[810272, 810272]
[810308, 810308]
[810312, 810312]
[810328, 810328]
[810344, 810344]
[810348, 810348]
[810352, 810352]
[810388, 810388]
[810392, 810392]
[810408, 810408]
[810424, 810424]
[810428, 810428]
[810432, 810432]
[810468, 810468]
[810472, 810472]
[810488, 810488]
[810504, 810504]
[810508, 810508]
[810512, 810512]
[810548, 810548]
[810552, 810552]
[810568, 810568]
[810584, 810584]
[810588, 810588]
[810592, 810592]
[810628, 810628]
[810632, 810632]
[810648, 810648]
[810664, 810664]
[810668, 810668]
[810672, 810672]
[810708, 810708]
[810712, 810712]
[810728, 810728]
[810744, 810744]
[810748, 810748]
[810752, 810752]
[810788, 810788]
[810792, 810792]
[810808, 810808]
[810824, 810824]
[810828, 810828]
[810832, 810832]
[810868, 810868]
[810872, 810872]
[810888, 810888]
[810904, 810904]
[810908, 810908]
[810912, 810912]
[810948, 810948]
[810952, 810952]
[810968, 810968]
[810984, 810984]
[810988, 810988]
[810992, 810992]
[811028, 811028]
[811032, 811032]
[811048, 811048]
[811064, 811064]
[811068, 811068]
[811072, 811072]
[811108, 811108]
[811112, 811112]
[811128, 811128]
[811144, 811144]
[811148, 811148]
[811152, 811152]
[811188, 811188]
[811192, 811192]
[811208, 811208]
[811224, 811224]
[811228, 811228]
[811232, 811232]
[811268, 811268]
[811272, 811272]
[811288, 811288]
[811304, 811304]
[811308, 811308]
[811312, 811312]
[811348, 811348]
[811352, 811352]
[811368, 811368]
[811384, 811384]
[811388, 811388]
[811392, 811392]
[811428, 811428]
[811432, 811432]
[811448, 811448]
[811464, 811464]
[811468, 811468]
[811472, 811472]
[811508, 811508]
[811512, 811512]
[811528, 811528]
[811544, 811544]
[811548, 811548]
[811552, 811552]
[811588, 811588]
[811592, 811592]
[811608, 811608]
[811624, 811624]
[811628, 811628]
[811632, 811632]
[811668, 811668]
[811672, 811672]
[811688, 811688]
[811704, 811704]
[811708, 811708]
[811712, 811712]
[811748, 811748]
[811752, 811752]
[811768, 811768]
[811784, 811784]
[811788, 811788]
[811792, 811792]
[811828, 811828]
[811832, 811832]
[811848, 811848]
[811864, 811864]
[811868, 811868]
[811872, 811872]
[811908, 811908]
[811912, 811912]
[811928, 811928]
[811944, 811944]
[811948, 811948]
[811952, 811952]
[811988, 811988]
[811992, 811992]
[812008, 812008]
[812024, 812024]
[812028, 812028]
[812032, 812032]
[812068, 812068]
[812072, 812072]
[812088, 812088]
[812104, 812104]
[812108, 812108]
[812112, 812112]
[812148, 812148]
[812152, 812152]
[812168, 812168]
[812184, 812184]
[812188, 812188]
[812192, 812192]
[812228, 812228]
[812232, 812232]
[812248, 812248]
[812264, 812264]
[812268, 812268]
[812272, 812272]
[812308, 812308]
[812312, 812312]
[812328, 812328]
[812344, 812344]
[812348, 812348]
[812352, 812352]
[812388, 812388]
[812392, 812392]
[812408, 812408]
[812424, 812424]
[812428, 812428]
[812432, 812432]
[812468, 812468]
[812472, 812472]
[812488, 812488]
[812504, 812504]
[812508, 812508]
[812512, 812512]
[812548, 812548]
[812552, 812552]
[812568, 812568]
[812584, 812584]
[812588, 812588]
[812592, 812592]
[812628, 812628]
[812632, 812632]
[812648, 812648]
[812664, 812664]
[812668, 812668]
[812672, 812672]
[812708, 812708]
[812712, 812712]
[812728, 812728]
[812744, 812744]
[812748, 812748]
[812752, 812752]
[812788, 812788]
[812792, 812792]
[812808, 812809]
[812824, 812825]
[812828, 812828]
[812832, 812832]
[812868, 812868]
[812872, 812872]
[812888, 812888]
[812904, 812904]
[812908, 812908]
[812912, 812912]
[812948, 812948]
[812952, 812952]
[812968, 812968]
[812984, 812984]
[812988, 812988]
[812992, 812992]
[813028, 813028]
[813032, 813032]
[813048, 813048]
[813064, 813064]
[813068, 813068]
[813072, 813072]
[813108, 813108]
[813112, 813112]
[813128, 813128]
[813144, 813144]
[813148, 813148]
[813152, 813152]
[813188, 813188]
[813192, 813192]
[813208, 813208]
[813224, 813224]
[813228, 813228]
[813232, 813232]
[813268, 813268]
[813272, 813272]
[813288, 813288]
[813304, 813304]
[813308, 813308]
[813312, 813312]
[813348, 813348]
[813352, 813352]
[813368, 813368]
[813384, 813384]
[813388, 813388]
[813392, 813392]
[813428, 813428]
[813432, 813432]
[813448, 813448]
[813464, 813464]
[813468, 813468]
[813472, 813472]
[813508, 813508]
[813512, 813512]
[813528, 813528]
[813544, 813544]
[813548, 813548]
[813552, 813552]
[813588, 813588]
[813592, 813592]
[813608, 813608]
[813624, 813624]
[813628, 813628]
[813632, 813632]
[813668, 813668]
[813672, 813672]
[813688, 813688]
[813704, 813704]
[813708, 813708]
[813712, 813712]
[813748, 813748]
[813752, 813752]
[813768, 813768]
[813784, 813784]
[813788, 813788]
[813792, 813792]
[813828, 813828]
[813832, 813832]
[813848, 813848]
[813864, 813864]
[813868, 813868]
[813872, 813872]
[813908, 813908]
[813912, 813912]
[813928, 813928]
[813944, 813944]
[813948, 813948]
[813952, 813952]
[813988, 813988]
[813992, 813992]
[814008, 814008]
[814024, 814024]
[814028, 814028]
[814032, 814032]
[814068, 814068]
[814072, 814072]
[814088, 814088]
[814104, 814104]
[814108, 814108]
[814112, 814112]
[814148, 814148]
[814152, 814152]
[814168, 814168]
[814184, 814184]
[814188, 814188]
[814192, 814192]
[814228, 814228]
[814232, 814232]
[814248, 814248]
[814264, 814264]
[814268, 814268]
[814272, 814272]
[814308, 814308]
[814312, 814312]
[814328, 814328]
[814344, 814344]
[814348, 814348]
[814352, 814352]
[814388, 814388]
[814392, 814392]
[814408, 814408]
[814424, 814424]
[814428, 814428]
[814432, 814432]
[814468, 814468]
[814472, 814472]
[814488, 814488]
[814504, 814504]
[814508, 814508]
[814512, 814512]
[814548, 814548]
[814552, 814552]
[814568, 814568]
[814584, 814584]
[814588, 814588]
[814592, 814592]
[814628, 814628]
[814632, 814632]
[814648, 814648]
[814664, 814664]
[814668, 814668]
[814672, 814672]
[814708, 814708]
[814712, 814712]
[814728, 814728]
[814744, 814744]
[814748, 814748]
[814752, 814752]
[814788, 814788]
[814792, 814792]
[814808, 814808]
[814824, 814824]
[814828, 814828]
[814832, 814832]
[814868, 814868]
[814872, 814872]
[814888, 814888]
[814904, 814904]
[814908, 814908]
[814912, 814912]
[814948, 814948]
[814952, 814952]
[814968, 814968]
[814984, 814984]
[814988, 814988]
[814992, 814992]
[815028, 815028]
[815032, 815032]
[815048, 815048]
[815064, 815064]
[815068, 815068]
[815072, 815072]
[815108, 815108]
[815112, 815112]
[815128, 815128]
[815144, 815144]
[815148, 815148]
[815152, 815152]
[815188, 815188]
[815192, 815192]
[815208, 815208]
[815224, 815224]
[815228, 815228]
[815232, 815232]
[815268, 815268]
[815272, 815272]
[815288, 815288]
[815304, 815304]
[815308, 815308]
[815312, 815312]
[815348, 815348]
[815352, 815352]
[815368, 815368]
[815384, 815384]
[815388, 815388]
[815392, 815392]
[815428, 815428]
[815432, 815432]
[815448, 815448]
[815464, 815464]
[815468, 815468]
[815472, 815472]
[815508, 815508]
[815512, 815512]
[815528, 815528]
[815544, 815544]
[815548, 815548]
[815552, 815552]
[815588, 815588]
[815592, 815592]
[815608, 815608]
[815624, 815624]
[815628, 815628]
[815632, 815632]
[815668, 815668]
[815672, 815672]
[815688, 815688]
[815704, 815704]
[815708, 815708]
[815712, 815712]
[815748, 815748]
[815752, 815752]
[815768, 815768]
[815784, 815784]
[815788, 815788]
[815792, 815792]
[815828, 815828]
[815832, 815832]
[815848, 815848]
[815864, 815864]
[815868, 815868]
[815872, 815872]
[815908, 815908]
[815912, 815912]
[815928, 815928]
[815944, 815944]
[815948, 815948]
[815952, 815952]
[815988, 815988]
[815992, 815992]
[816008, 816008]
[816024, 816024]
[816028, 816028]
[816032, 816032]
[816068, 816068]
[816072, 816072]
[816088, 816088]
[816104, 816104]
[816108, 816108]
[816112, 816112]
[816148, 816148]
[816152, 816152]
[816168, 816168]
[816184, 816184]
[816188, 816188]
[816192, 816192]
[816228, 816228]
[816232, 816232]
[816248, 816248]
[816264, 816264]
[816268, 816268]
[816272, 816272]
[816308, 816308]
[816312, 816312]
[816328, 816328]
[816344, 816344]
[816348, 816348]
[816352, 816352]
[816388, 816388]
[816392, 816392]
[816408, 816408]
[816424, 816424]
[816428, 816428]
[816432, 816432]
[816468, 816468]
[816472, 816472]
[816488, 816488]
[816504, 816504]
[816508, 816508]
[816512, 816512]
[816548, 816548]
[816552, 816552]
[816568, 816568]
[816584, 816584]
[816588, 816588]
[816592, 816592]
[816628, 816628]
[816632, 816632]
[816648, 816648]
[816664, 816664]
[816668, 816668]
[816672, 816672]
[816708, 816708]
[816712, 816712]
[816728, 816728]
[816744, 816744]
[816748, 816748]
[816752, 816752]
[816788, 816788]
[816792, 816792]
[816808, 816808]
[816824, 816824]
[816828, 816828]
[816832, 816832]
[816868, 816868]
[816872, 816872]
[816888, 816888]
[816904, 816904]
[816908, 816908]
[816912, 816912]
[816948, 816948]
[816952, 816952]
[816968, 816968]
[816984, 816984]
[816988, 816988]
[816992, 816992]
[817028, 817028]
[817032, 817032]
[817048, 817048]
[817064, 817064]
[817068, 817068]
[817072, 817072]
[817108, 817108]
[817112, 817112]
[817128, 817128]
[817144, 817144]
[817148, 817148]
[817152, 817152]
[817188, 817188]
[817192, 817192]
[817208, 817208]
[817224, 817224]
[817228, 817228]
[817232, 817232]
[817268, 817268]
[817272, 817272]
[817288, 817288]
[817304, 817304]
[817308, 817308]
[817312, 817312]
[817348, 817348]
[817352, 817352]
[817368, 817368]
[817384, 817384]
[817388, 817388]
[817392, 817392]
[817428, 817428]
[817432, 817432]
[817448, 817448]
[817464, 817464]
[817468, 817468]
[817472, 817472]
[817508, 817508]
[817512, 817512]
[817528, 817528]
[817544, 817544]
[817548, 817548]
[817552, 817552]
[817588, 817588]
[817592, 817592]
[817608, 817608]
[817624, 817624]
[817628, 817628]
[817632, 817632]
[817668, 817668]
[817672, 817672]
[817688, 817688]
[817704, 817704]
[817708, 817708]
[817712, 817712]
[817748, 817748]
[817752, 817752]
[817768, 817768]
[817784, 817784]
[817788, 817788]
[817792, 817792]
[817828, 817828]
[817832, 817832]
[817848, 817848]
[817864, 817864]
[817868, 817868]
[817872, 817872]
[817908, 817908]
[817912, 817912]
[817928, 817928]
[817944, 817944]
[817948, 817948]
[817952, 817952]
[817988, 817988]
[817992, 817992]
[818008, 818008]
[818024, 818024]
[818028, 818028]
[818032, 818032]
[818068, 818068]
[818072, 818072]
[818088, 818088]
[818104, 818104]
[818108, 818108]
[818112, 818112]
[818148, 818148]
[818152, 818152]
[818168, 818168]
[818184, 818184]
[818188, 818188]
[818192, 818192]
[818228, 818228]
[818232, 818232]
[818248, 818248]
[818264, 818264]
[818268, 818268]
[818272, 818272]
[818308, 818308]
[818312, 818312]
[818328, 818328]
[818344, 818344]
[818348, 818348]
[818352, 818352]
[818388, 818388]
[818392, 818392]
[818408, 818408]
[818424, 818424]
[818428, 818428]
[818432, 818432]
[818468, 818468]
[818472, 818472]
[818488, 818488]
[818504, 818504]
[818508, 818508]
[818512, 818512]
[818548, 818548]
[818552, 818552]
[818568, 818568]
[818584, 818584]
[818588, 818588]
[818592, 818592]
[818628, 818628]
[818632, 818632]
[818648, 818648]
[818664, 818664]
[818668, 818668]
[818672, 818672]
[818708, 818708]
[818712, 818712]
[818728, 818728]
[818744, 818744]
[818748, 818748]
[818752, 818752]
[818788, 818788]
[818792, 818792]
[818808, 818808]
[818824, 818824]
[818828, 818828]
[818832, 818832]
[818868, 818868]
[818872, 818872]
[818888, 818888]
[818904, 818904]
[818908, 818908]
[818912, 818912]
[818948, 818948]
[818952, 818952]
[818968, 818968]
[818984, 818984]
[818988, 818988]
[818992, 818992]
[819028, 819028]
[819032, 819032]
[819048, 819048]
[819064, 819064]
[819068, 819068]
[819072, 819072]
[819108, 819108]
[819112, 819112]
[819128, 819128]
[819144, 819144]
[819148, 819148]
[819152, 819152]
[819188, 819188]
[819192, 819192]
[819208, 819208]
[819224, 819224]
[819228, 819228]
[819232, 819232]
[819268, 819268]
[819272, 819272]
[819288, 819288]
[819304, 819304]
[819308, 819308]
[819312, 819312]
[819348, 819348]
[819352, 819352]
[819368, 819368]
[819384, 819384]
[819388, 819388]
[819392, 819392]
[819428, 819428]
[819432, 819432]
[819448, 819448]
[819464, 819464]
[819468, 819468]
[819472, 819472]
[819508, 819508]
[819512, 819512]
[819528, 819528]
[819544, 819544]
[819548, 819548]
[819552, 819552]
[819588, 819588]
[819592, 819592]
[819608, 819608]
[819624, 819624]
[819628, 819628]
[819632, 819632]
[819668, 819668]
[819672, 819672]
[819688, 819688]
[819704, 819704]
[819708, 819708]
[819712, 819712]
[819748, 819748]
[819752, 819752]
[819768, 819768]
[819784, 819784]
[819788, 819788]
[819792, 819792]
[819828, 819828]
[819832, 819832]
[819848, 819848]
[819864, 819864]
[819868, 819868]
[819872, 819872]
[819908, 819908]
[819912, 819912]
[819928, 819928]
[819944, 819944]
[819948, 819948]
[819952, 819952]
[819988, 819988]
[819992, 819992]
[820008, 820008]
[820024, 820024]
[820028, 820028]
[820032, 820032]
[820068, 820068]
[820072, 820072]
[820088, 820088]
[820104, 820104]
[820108, 820108]
[820112, 820112]
[820148, 820148]
[820152, 820152]
[820168, 820168]
[820184, 820184]
[820188, 820188]
[820192, 820192]
[820228, 820228]
[820232, 820232]
[820248, 820248]
[820264, 820264]
[820268, 820268]
[820272, 820272]
[820308, 820308]
[820312, 820312]
[820328, 820328]
[820344, 820344]
[820348, 820348]
[820352, 820352]
[820388, 820388]
[820392, 820392]
[820408, 820408]
[820424, 820424]
[820428, 820428]
[820432, 820432]
[820468, 820468]
[820472, 820472]
[820488, 820488]
[820504, 820504]
[820508, 820508]
[820512, 820512]
[820548, 820548]
[820552, 820552]
[820568, 820568]
[820584, 820584]
[820588, 820588]
[820592, 820592]
[820628, 820628]
[820632, 820632]
[820648, 820648]
[820664, 820664]
[820668, 820668]
[820672, 820672]
[820708, 820708]
[820712, 820712]
[820728, 820728]
[820744, 820744]
[820748, 820748]
[820752, 820752]
[820788, 820788]
[820792, 820792]
[820808, 820808]
[820824, 820824]
[820828, 820828]
[820832, 820832]
[820868, 820868]
[820872, 820872]
[820888, 820888]
[820904, 820904]
[820908, 820908]
[820912, 820912]
[820948, 820948]
[820952, 820952]
[820968, 820968]
[820984, 820984]
[820988, 820988]
[820992, 820992]
[821028, 821028]
[821032, 821032]
[821048, 821048]
[821064, 821064]
[821068, 821068]
[821072, 821072]
[821108, 821108]
[821112, 821112]
[821128, 821128]
[821144, 821144]
[821148, 821148]
[821152, 821152]
[821188, 821188]
[821192, 821192]
[821208, 821208]
[821224, 821224]
[821228, 821228]
[821232, 821232]
[821268, 821268]
[821272, 821272]
[821288, 821288]
[821304, 821304]
[821308, 821308]
[821312, 821312]
[821348, 821348]
[821352, 821352]
[821368, 821368]
[821384, 821384]
[821388, 821388]
[821392, 821392]
[821428, 821428]
[821432, 821432]
[821448, 821448]
[821464, 821464]
[821468, 821468]
[821472, 821472]
[821508, 821508]
[821512, 821512]
[821528, 821528]
[821544, 821544]
[821548, 821548]
[821552, 821552]
[821588, 821588]
[821592, 821592]
[821608, 821608]
[821624, 821624]
[821628, 821628]
[821632, 821632]
[821668, 821668]
[821672, 821672]
[821688, 821688]
[821704, 821704]
[821708, 821708]
[821712, 821712]
[821748, 821748]
[821752, 821752]
[821768, 821768]
[821784, 821784]
[821788, 821788]
[821792, 821792]
[821828, 821828]
[821832, 821832]
[821848, 821848]
[821864, 821864]
[821868, 821868]
[821872, 821872]
[821908, 821908]
[821912, 821912]
[821928, 821928]
[821944, 821944]
[821948, 821948]
[821952, 821952]
[821988, 821988]
[821992, 821992]
[822008, 822008]
[822024, 822024]
[822028, 822028]
[822032, 822032]
[822068, 822068]
[822072, 822072]
[822088, 822088]
[822104, 822104]
[822108, 822108]
[822112, 822112]
[822148, 822148]
[822152, 822152]
[822168, 822168]
[822184, 822184]
[822188, 822188]
[822192, 822192]
[822228, 822228]
[822232, 822232]
[822248, 822248]
[822264, 822264]
[822268, 822268]
[822272, 822272]
[822308, 822308]
[822312, 822312]
[822328, 822328]
[822344, 822344]
[822348, 822348]
[822352, 822352]
[822388, 822388]
[822392, 822392]
[822408, 822408]
[822424, 822424]
[822428, 822428]
[822432, 822432]
[822468, 822468]
[822472, 822472]
[822488, 822488]
[822504, 822504]
[822508, 822508]
[822512, 822512]
[822548, 822548]
[822552, 822552]
[822568, 822568]
[822584, 822584]
[822588, 822588]
[822592, 822592]
[822628, 822628]
[822632, 822632]
[822648, 822648]
[822664, 822664]
[822668, 822668]
[822672, 822672]
[822708, 822708]
[822712, 822712]
[822728, 822728]
[822744, 822744]
[822748, 822748]
[822752, 822752]
[822788, 822788]
[822792, 822792]
[822808, 822808]
[822824, 822824]
[822828, 822828]
[822832, 822832]
[822868, 822868]
[822872, 822872]
[822888, 822888]
[822904, 822904]
[822908, 822908]
[822912, 822912]
[822948, 822948]
[822952, 822952]
[822968, 822968]
[822984, 822984]
[822988, 822988]
[822992, 822992]
[823028, 823028]
[823032, 823032]
[823048, 823049]
[823064, 823065]
[823068, 823068]
[823072, 823072]
[823108, 823108]
[823112, 823112]
[823128, 823128]
[823144, 823144]
[823148, 823148]
[823152, 823152]
[823188, 823188]
[823192, 823192]
[823208, 823208]
[823224, 823224]
[823228, 823228]
[823232, 823232]
[823268, 823268]
[823272, 823272]
[823288, 823288]
[823304, 823304]
[823308, 823308]
[823312, 823312]
[823348, 823348]
[823352, 823352]
[823368, 823368]
[823384, 823384]
[823388, 823388]
[823392, 823392]
[823428, 823428]
[823432, 823432]
[823448, 823448]
[823464, 823464]
[823468, 823468]
[823472, 823472]
[823508, 823508]
[823512, 823512]
[823528, 823528]
[823544, 823544]
[823548, 823548]
[823552, 823552]
[823588, 823588]
[823592, 823592]
[823608, 823608]
[823624, 823624]
[823628, 823628]
[823632, 823632]
[823668, 823668]
[823672, 823672]
[823688, 823688]
[823704, 823704]
[823708, 823708]
[823712, 823712]
[823748, 823748]
[823752, 823752]
[823768, 823768]
[823784, 823784]
[823788, 823788]
[823792, 823792]
[823828, 823828]
[823832, 823832]
[823848, 823848]
[823864, 823864]
[823868, 823868]
[823872, 823872]
[823908, 823908]
[823912, 823912]
[823928, 823928]
[823944, 823944]
[823948, 823948]
[823952, 823952]
[823988, 823988]
[823992, 823992]
[824008, 824008]
[824024, 824024]
[824028, 824028]
[824032, 824032]
[824068, 824068]
[824072, 824072]
[824088, 824088]
[824104, 824104]
[824108, 824108]
[824112, 824112]
[824148, 824148]
[824152, 824152]
[824168, 824168]
[824184, 824184]
[824188, 824188]
[824192, 824192]
[824228, 824228]
[824232, 824232]
[824248, 824248]
[824264, 824264]
[824268, 824268]
[824272, 824272]
[824308, 824308]
[824312, 824312]
[824328, 824328]
[824344, 824344]
[824348, 824348]
[824352, 824352]
[824388, 824388]
[824392, 824392]
[824408, 824408]
[824424, 824424]
[824428, 824428]
[824432, 824432]
[824468, 824468]
[824472, 824472]
[824488, 824488]
[824504, 824504]
[824508, 824508]
[824512, 824512]
[824548, 824548]
[824552, 824552]
[824568, 824568]
[824584, 824584]
[824588, 824588]
[824592, 824592]
[824628, 824628]
[824632, 824632]
[824648, 824648]
[824664, 824664]
[824668, 824668]
[824672, 824672]
[824708, 824708]
[824712, 824712]
[824728, 824728]
[824744, 824744]
[824748, 824748]
[824752, 824752]
[824788, 824788]
[824792, 824792]
[824808, 824808]
[824824, 824824]
[824828, 824828]
[824832, 824832]
[824868, 824868]
[824872, 824872]
[824888, 824888]
[824904, 824904]
[824908, 824908]
[824912, 824912]
[824948, 824948]
[824952, 824952]
[824968, 824968]
[824984, 824984]
[824988, 824988]
[824992, 824992]
[825028, 825028]
[825032, 825032]
[825048, 825048]
[825064, 825064]
[825068, 825068]
[825072, 825072]
[825108, 825108]
[825112, 825112]
[825128, 825128]
[825144, 825144]
[825148, 825148]
[825152, 825152]
[825188, 825188]
[825192, 825192]
[825208, 825208]
[825224, 825224]
[825228, 825228]
[825232, 825232]
[825268, 825268]
[825272, 825272]
[825288, 825288]
[825304, 825304]
[825308, 825308]
[825312, 825312]
[825348, 825348]
[825352, 825352]
[825368, 825368]
[825384, 825384]
[825388, 825388]
[825392, 825392]
[825428, 825428]
[825432, 825432]
[825448, 825448]
[825464, 825464]
[825468, 825468]
[825472, 825472]
[825508, 825508]
[825512, 825512]
[825528, 825528]
[825544, 825544]
[825548, 825548]
[825552, 825552]
[825588, 825588]
[825592, 825592]
[825608, 825608]
[825624, 825624]
[825628, 825628]
[825632, 825632]
[825668, 825668]
[825672, 825672]
[825688, 825688]
[825704, 825704]
[825708, 825708]
[825712, 825712]
[825748, 825748]
[825752, 825752]
[825768, 825768]
[825784, 825784]
[825788, 825788]
[825792, 825792]
[825828, 825828]
[825832, 825832]
[825848, 825848]
[825864, 825864]
[825868, 825868]
[825872, 825872]
[825908, 825908]
[825912, 825912]
[825928, 825928]
[825944, 825944]
[825948, 825948]
[825952, 825952]
[825988, 825988]
[825992, 825992]
[826008, 826008]
[826024, 826024]
[826028, 826028]
[826032, 826032]
[826068, 826068]
[826072, 826072]
[826088, 826088]
[826104, 826104]
[826108, 826108]
[826112, 826112]
[826148, 826148]
[826152, 826152]
[826168, 826168]
[826184, 826184]
[826188, 826188]
[826192, 826192]
[826228, 826228]
[826232, 826232]
[826248, 826248]
[826264, 826264]
[826268, 826268]
[826272, 826272]
[826308, 826308]
[826312, 826312]
[826328, 826328]
[826344, 826344]
[826348, 826348]
[826352, 826352]
[826388, 826388]
[826392, 826392]
[826408, 826408]
[826424, 826424]
[826428, 826428]
[826432, 826432]
[826468, 826468]
[826472, 826472]
[826488, 826488]
[826504, 826504]
[826508, 826508]
[826512, 826512]
[826548, 826548]
[826552, 826552]
[826568, 826568]
[826584, 826584]
[826588, 826588]
[826592, 826592]
[826628, 826628]
[826632, 826632]
[826648, 826648]
[826664, 826664]
[826668, 826668]
[826672, 826672]
[826708, 826708]
[826712, 826712]
[826728, 826728]
[826744, 826744]
[826748, 826748]
[826752, 826752]
[826788, 826788]
[826792, 826792]
[826808, 826808]
[826824, 826824]
[826828, 826828]
[826832, 826832]
[826868, 826868]
[826872, 826872]
[826888, 826888]
[826904, 826904]
[826908, 826908]
[826912, 826912]
[826948, 826948]
[826952, 826952]
[826968, 826968]
[826984, 826984]
[826988, 826988]
[826992, 826992]
[827028, 827028]
[827032, 827032]
[827048, 827048]
[827064, 827064]
[827068, 827068]
[827072, 827072]
[827108, 827108]
[827112, 827112]
[827128, 827128]
[827144, 827144]
[827148, 827148]
[827152, 827152]
[827188, 827188]
[827192, 827192]
[827208, 827208]
[827224, 827224]
[827228, 827228]
[827232, 827232]
[827268, 827268]
[827272, 827272]
[827288, 827288]
[827304, 827304]
[827308, 827308]
[827312, 827312]
[827348, 827348]
[827352, 827352]
[827368, 827368]
[827384, 827384]
[827388, 827388]
[827392, 827392]
[827428, 827428]
[827432, 827432]
[827448, 827448]
[827464, 827464]
[827468, 827468]
[827472, 827472]
[827508, 827508]
[827512, 827512]
[827528, 827528]
[827544, 827544]
[827548, 827548]
[827552, 827552]
[827588, 827588]
[827592, 827592]
[827608, 827608]
[827624, 827624]
[827628, 827628]
[827632, 827632]
[827668, 827668]
[827672, 827672]
[827688, 827688]
[827704, 827704]
[827708, 827708]
[827712, 827712]
[827748, 827748]
[827752, 827752]
[827768, 827768]
[827784, 827784]
[827788, 827788]
[827792, 827792]
[827828, 827828]
[827832, 827832]
[827848, 827848]
[827864, 827864]
[827868, 827868]
[827872, 827872]
[827908, 827908]
[827912, 827912]
[827928, 827928]
[827944, 827944]
[827948, 827948]
[827952, 827952]
[827988, 827988]
[827992, 827992]
[828008, 828008]
[828024, 828024]
[828028, 828028]
[828032, 828032]
[828068, 828068]
[828072, 828072]
[828088, 828088]
[828104, 828104]
[828108, 828108]
[828112, 828112]
[828148, 828148]
[828152, 828152]
[828168, 828168]
[828184, 828184]
[828188, 828188]
[828192, 828192]
[828228, 828228]
[828232, 828232]
[828248, 828248]
[828264, 828264]
[828268, 828268]
[828272, 828272]
[828308, 828308]
[828312, 828312]
[828328, 828328]
[828344, 828344]
[828348, 828348]
[828352, 828352]
[828388, 828388]
[828392, 828392]
[828408, 828408]
[828424, 828424]
[828428, 828428]
[828432, 828432]
[828468, 828468]
[828472, 828472]
[828488, 828488]
[828504, 828504]
[828508, 828508]
[828512, 828512]
[828548, 828548]
[828552, 828552]
[828568, 828568]
[828584, 828584]
[828588, 828588]
[828592, 828592]
[828628, 828628]
[828632, 828632]
[828648, 828648]
[828664, 828664]
[828668, 828668]
[828672, 828672]
[828708, 828708]
[828712, 828712]
[828728, 828728]
[828744, 828744]
[828748, 828748]
[828752, 828752]
[828788, 828788]
[828792, 828792]
[828808, 828808]
[828824, 828824]
[828828, 828828]
[828832, 828832]
[828868, 828868]
[828872, 828872]
[828888, 828888]
[828904, 828904]
[828908, 828908]
[828912, 828912]
[828948, 828948]
[828952, 828952]
[828968, 828968]
[828984, 828984]
[828988, 828988]
[828992, 828992]
[829028, 829028]
[829032, 829032]
[829048, 829048]
[829064, 829064]
[829068, 829068]
[829072, 829072]
[829108, 829108]
[829112, 829112]
[829128, 829128]
[829144, 829144]
[829148, 829148]
[829152, 829152]
[829188, 829188]
[829192, 829192]
[829208, 829208]
[829224, 829224]
[829228, 829228]
[829232, 829232]
[829268, 829268]
[829272, 829272]
[829288, 829288]
[829304, 829304]
[829308, 829308]
[829312, 829312]
[829348, 829348]
[829352, 829352]
[829368, 829368]
[829384, 829384]
[829388, 829388]
[829392, 829392]
[829428, 829428]
[829432, 829432]
[829448, 829448]
[829464, 829464]
[829468, 829468]
[829472, 829472]
[829508, 829508]
[829512, 829512]
[829528, 829528]
[829544, 829544]
[829548, 829548]
[829552, 829552]
[829588, 829588]
[829592, 829592]
[829608, 829608]
[829624, 829624]
[829628, 829628]
[829632, 829632]
[829668, 829668]
[829672, 829672]
[829688, 829688]
[829704, 829704]
[829708, 829708]
[829712, 829712]
[829748, 829748]
[829752, 829752]
[829768, 829768]
[829784, 829784]
[829788, 829788]
[829792, 829792]
[829828, 829828]
[829832, 829832]
[829848, 829848]
[829864, 829864]
[829868, 829868]
[829872, 829872]
[829908, 829908]
[829912, 829912]
[829928, 829928]
[829944, 829944]
[829948, 829948]
[829952, 829952]
[829988, 829988]
[829992, 829992]
[830008, 830008]
[830024, 830024]
[830028, 830028]
[830032, 830032]
[830068, 830068]
[830072, 830072]
[830088, 830088]
[830104, 830104]
[830108, 830108]
[830112, 830112]
[830148, 830148]
[830152, 830152]
[830168, 830168]
[830184, 830184]
[830188, 830188]
[830192, 830192]
[830228, 830228]
[830232, 830232]
[830248, 830248]
[830264, 830264]
[830268, 830268]
[830272, 830272]
[830308, 830308]
[830312, 830312]
[830328, 830328]
[830344, 830344]
[830348, 830348]
[830352, 830352]
[830388, 830388]
[830392, 830392]
[830408, 830408]
[830424, 830424]
[830428, 830428]
[830432, 830432]
[830468, 830468]
[830472, 830472]
[830488, 830488]
[830504, 830504]
[830508, 830508]
[830512, 830512]
[830548, 830548]
[830552, 830552]
[830568, 830568]
[830584, 830584]
[830588, 830588]
[830592, 830592]
[830628, 830628]
[830632, 830632]
[830648, 830648]
[830664, 830664]
[830668, 830668]
[830672, 830672]
[830708, 830708]
[830712, 830712]
[830728, 830728]
[830744, 830744]
[830748, 830748]
[830752, 830752]
[830788, 830788]
[830792, 830792]
[830808, 830808]
[830824, 830824]
[830828, 830828]
[830832, 830832]
[830868, 830868]
[830872, 830872]
[830888, 830888]
[830904, 830904]
[830908, 830908]
[830912, 830912]
[830948, 830948]
[830952, 830952]
[830968, 830968]
[830984, 830984]
[830988, 830988]
[830992, 830992]
[831028, 831028]
[831032, 831032]
[831048, 831048]
[831064, 831064]
[831068, 831068]
[831072, 831072]
[831108, 831108]
[831112, 831112]
[831128, 831128]
[831144, 831144]
[831148, 831148]
[831152, 831152]
[831188, 831188]
[831192, 831192]
[831208, 831208]
[831224, 831224]
[831228, 831228]
[831232, 831232]
[831268, 831268]
[831272, 831272]
[831288, 831288]
[831304, 831304]
[831308, 831308]
[831312, 831312]
[831348, 831348]
[831352, 831352]
[831368, 831368]
[831384, 831384]
[831388, 831388]
[831392, 831392]
[831428, 831428]
[831432, 831432]
[831448, 831448]
[831464, 831464]
[831468, 831468]
[831472, 831472]
[831508, 831508]
[831512, 831512]
[831528, 831528]
[831544, 831544]
[831548, 831548]
[831552, 831552]
[831588, 831588]
[831592, 831592]
[831608, 831608]
[831624, 831624]
[831628, 831628]
[831632, 831632]
[831668, 831668]
[831672, 831672]
[831688, 831688]
[831704, 831704]
[831708, 831708]
[831712, 831712]
[831748, 831748]
[831752, 831752]
[831768, 831768]
[831784, 831784]
[831788, 831788]
[831792, 831792]
[831828, 831828]
[831832, 831832]
[831848, 831848]
[831864, 831864]
[831868, 831868]
[831872, 831872]
[831908, 831908]
[831912, 831912]
[831928, 831928]
[831944, 831944]
[831948, 831948]
[831952, 831952]
[831988, 831988]
[831992, 831992]
[832008, 832008]
[832024, 832024]
[832028, 832028]
[832032, 832032]
[832068, 832068]
[832072, 832072]
[832088, 832088]
[832104, 832104]
[832108, 832108]
[832112, 832112]
[832148, 832148]
[832152, 832152]
[832168, 832168]
[832184, 832184]
[832188, 832188]
[832192, 832192]
[832228, 832228]
[832232, 832232]
[832248, 832248]
[832264, 832264]
[832268, 832268]
[832272, 832272]
[832308, 832308]
[832312, 832312]
[832328, 832328]
[832344, 832344]
[832348, 832348]
[832352, 832352]
[832388, 832388]
[832392, 832392]
[832408, 832408]
[832424, 832424]
[832428, 832428]
[832432, 832432]
[832468, 832468]
[832472, 832472]
[832488, 832488]
[832504, 832504]
[832508, 832508]
[832512, 832512]
[832548, 832548]
[832552, 832552]
[832568, 832568]
[832584, 832584]
[832588, 832588]
[832592, 832592]
[832628, 832628]
[832632, 832632]
[832648, 832648]
[832664, 832664]
[832668, 832668]
[832672, 832672]
[832708, 832708]
[832712, 832712]
[832728, 832728]
[832744, 832744]
[832748, 832748]
[832752, 832752]
[832788, 832788]
[832792, 832792]
[832808, 832808]
[832824, 832824]
[832828, 832828]
[832832, 832832]
[832868, 832868]
[832872, 832872]
[832888, 832888]
[832904, 832904]
[832908, 832908]
[832912, 832912]
[832948, 832948]
[832952, 832952]
[832968, 832968]
[832984, 832984]
[832988, 832988]
[832992, 832992]
[833028, 833028]
[833032, 833032]
[833048, 833048]
[833064, 833064]
[833068, 833068]
[833072, 833072]
[833108, 833108]
[833112, 833112]
[833128, 833128]
[833144, 833144]
[833148, 833148]
[833152, 833152]
[833188, 833188]
[833192, 833192]
[833208, 833208]
[833224, 833224]
[833228, 833228]
[833232, 833232]
[833268, 833268]
[833272, 833272]
[833288, 833289]
[833304, 833305]
[833308, 833308]
[833312, 833312]
[833348, 833348]
[833352, 833352]
[833368, 833368]
[833384, 833384]
[833388, 833388]
[833392, 833392]
[833428, 833428]
[833432, 833432]
[833448, 833448]
[833464, 833464]
[833468, 833468]
[833472, 833472]
[833508, 833508]
[833512, 833512]
[833528, 833528]
[833544, 833544]
[833548, 833548]
[833552, 833552]
[833588, 833588]
[833592, 833592]
[833608, 833608]
[833624, 833624]
[833628, 833628]
[833632, 833632]
[833668, 833668]
[833672, 833672]
[833688, 833688]
[833704, 833704]
[833708, 833708]
[833712, 833712]
[833748, 833748]
[833752, 833752]
[833768, 833768]
[833784, 833784]
[833788, 833788]
[833792, 833792]
[833828, 833828]
[833832, 833832]
[833848, 833848]
[833864, 833864]
[833868, 833868]
[833872, 833872]
[833908, 833908]
[833912, 833912]
[833928, 833928]
[833944, 833944]
[833948, 833948]
[833952, 833952]
[833988, 833988]
[833992, 833992]
[834008, 834008]
[834024, 834024]
[834028, 834028]
[834032, 834032]
[834068, 834068]
[834072, 834072]
[834088, 834088]
[834104, 834104]
[834108, 834108]
[834112, 834112]
[834148, 834148]
[834152, 834152]
[834168, 834168]
[834184, 834184]
[834188, 834188]
[834192, 834192]
[834228, 834228]
[834232, 834232]
[834248, 834248]
[834264, 834264]
[834268, 834268]
[834272, 834272]
[834308, 834308]
[834312, 834312]
[834328, 834328]
[834344, 834344]
[834348, 834348]
[834352, 834352]
[834388, 834388]
[834392, 834392]
[834408, 834408]
[834424, 834424]
[834428, 834428]
[834432, 834432]
[834468, 834468]
[834472, 834472]
[834488, 834488]
[834504, 834504]
[834508, 834508]
[834512, 834512]
[834548, 834548]
[834552, 834552]
[834568, 834568]
[834584, 834584]
[834588, 834588]
[834592, 834592]
[834628, 834628]
[834632, 834632]
[834648, 834648]
[834664, 834664]
[834668, 834668]
[834672, 834672]
[834708, 834708]
[834712, 834712]
[834728, 834728]
[834744, 834744]
[834748, 834748]
[834752, 834752]
[834788, 834788]
[834792, 834792]
[834808, 834808]
[834824, 834824]
[834828, 834828]
[834832, 834832]
[834868, 834868]
[834872, 834872]
[834888, 834888]
[834904, 834904]
[834908, 834908]
[834912, 834912]
[834948, 834948]
[834952, 834952]
[834968, 834968]
[834984, 834984]
[834988, 834988]
[834992, 834992]
[835028, 835028]
[835032, 835032]
[835048, 835048]
[835064, 835064]
[835068, 835068]
[835072, 835072]
[835108, 835108]
[835112, 835112]
[835128, 835128]
[835144, 835144]
[835148, 835148]
[835152, 835152]
[835188, 835188]
[835192, 835192]
[835208, 835208]
[835224, 835224]
[835228, 835228]
[835232, 835232]
[835268, 835268]
[835272, 835272]
[835288, 835288]
[835304, 835304]
[835308, 835308]
[835312, 835312]
[835348, 835348]
[835352, 835352]
[835368, 835368]
[835384, 835384]
[835388, 835388]
[835392, 835392]
[835428, 835428]
[835432, 835432]
[835448, 835448]
[835464, 835464]
[835468, 835468]
[835472, 835472]
[835508, 835508]
[835512, 835512]
[835528, 835528]
[835544, 835544]
[835548, 835548]
[835552, 835552]
[835588, 835588]
[835592, 835592]
[835608, 835608]
[835624, 835624]
[835628, 835628]
[835632, 835632]
[835668, 835668]
[835672, 835672]
[835688, 835688]
[835704, 835704]
[835708, 835708]
[835712, 835712]
[835748, 835748]
[835752, 835752]
[835768, 835768]
[835784, 835784]
[835788, 835788]
[835792, 835792]
[835828, 835828]
[835832, 835832]
[835848, 835848]
[835864, 835864]
[835868, 835868]
[835872, 835872]
[835908, 835908]
[835912, 835912]
[835928, 835928]
[835944, 835944]
[835948, 835948]
[835952, 835952]
[835988, 835988]
[835992, 835992]
[836008, 836008]
[836024, 836024]
[836028, 836028]
[836032, 836032]
[836068, 836068]
[836072, 836072]
[836088, 836088]
[836104, 836104]
[836108, 836108]
[836112, 836112]
[836148, 836148]
[836152, 836152]
[836168, 836168]
[836184, 836184]
[836188, 836188]
[836192, 836192]
[836228, 836228]
[836232, 836232]
[836248, 836248]
[836264, 836264]
[836268, 836268]
[836272, 836272]
[836308, 836308]
[836312, 836312]
[836328, 836328]
[836344, 836344]
[836348, 836348]
[836352, 836352]
[836388, 836388]
[836392, 836392]
[836408, 836408]
[836424, 836424]
[836428, 836428]
[836432, 836432]
[836468, 836468]
[836472, 836472]
[836488, 836488]
[836504, 836504]
[836508, 836508]
[836512, 836512]
[836548, 836548]
[836552, 836552]
[836568, 836568]
[836584, 836584]
[836588, 836588]
[836592, 836592]
[836628, 836628]
[836632, 836632]
[836648, 836648]
[836664, 836664]
[836668, 836668]
[836672, 836672]
[836708, 836708]
[836712, 836712]
[836728, 836728]
[836744, 836744]
[836748, 836748]
[836752, 836752]
[836788, 836788]
[836792, 836792]
[836808, 836808]
[836824, 836824]
[836828, 836828]
[836832, 836832]
[836868, 836868]
[836872, 836872]
[836888, 836888]
[836904, 836904]
[836908, 836908]
[836912, 836912]
[836948, 836948]
[836952, 836952]
[836968, 836968]
[836984, 836984]
[836988, 836988]
[836992, 836992]
[837028, 837028]
[837032, 837032]
[837048, 837048]
[837064, 837064]
[837068, 837068]
[837072, 837072]
[837108, 837108]
[837112, 837112]
[837128, 837128]
[837144, 837144]
[837148, 837148]
[837152, 837152]
[837188, 837188]
[837192, 837192]
[837208, 837208]
[837224, 837224]
[837228, 837228]
[837232, 837232]
[837268, 837268]
[837272, 837272]
[837288, 837288]
[837304, 837304]
[837308, 837308]
[837312, 837312]
[837348, 837348]
[837352, 837352]
[837368, 837368]
[837384, 837384]
[837388, 837388]
[837392, 837392]
[837428, 837428]
[837432, 837432]
[837448, 837448]
[837464, 837464]
[837468, 837468]
[837472, 837472]
[837508, 837508]
[837512, 837512]
[837528, 837528]
[837544, 837544]
[837548, 837548]
[837552, 837552]
[837588, 837588]
[837592, 837592]
[837608, 837608]
[837624, 837624]
[837628, 837628]
[837632, 837632]
[837668, 837668]
[837672, 837672]
[837688, 837688]
[837704, 837704]
[837708, 837708]
[837712, 837712]
[837748, 837748]
[837752, 837752]
[837768, 837768]
[837784, 837784]
[837788, 837788]
[837792, 837792]
[837828, 837828]
[837832, 837832]
[837848, 837848]
[837864, 837864]
[837868, 837868]
[837872, 837872]
[837908, 837908]
[837912, 837912]
[837928, 837928]
[837944, 837944]
[837948, 837948]
[837952, 837952]
[837988, 837988]
[837992, 837992]
[838008, 838008]
[838024, 838024]
[838028, 838028]
[838032, 838032]
[838068, 838068]
[838072, 838072]
[838088, 838088]
[838104, 838104]
[838108, 838108]
[838112, 838112]
[838148, 838148]
[838152, 838152]
[838168, 838168]
[838184, 838184]
[838188, 838188]
[838192, 838192]
[838228, 838228]
[838232, 838232]
[838248, 838248]
[838264, 838264]
[838268, 838268]
[838272, 838272]
[838308, 838308]
[838312, 838312]
[838328, 838328]
[838344, 838344]
[838348, 838348]
[838352, 838352]
[838388, 838388]
[838392, 838392]
[838408, 838408]
[838424, 838424]
[838428, 838428]
[838432, 838432]
[838468, 838468]
[838472, 838472]
[838488, 838488]
[838504, 838504]
[838508, 838508]
[838512, 838512]
[838548, 838548]
[838552, 838552]
[838568, 838568]
[838584, 838584]
[838588, 838588]
[838592, 838592]
[838628, 838628]
[838632, 838632]
[838648, 838648]
[838664, 838664]
[838668, 838668]
[838672, 838672]
[838708, 838708]
[838712, 838712]
[838728, 838728]
[838744, 838744]
[838748, 838748]
[838752, 838752]
[838788, 838788]
[838792, 838792]
[838808, 838808]
[838824, 838824]
[838828, 838828]
[838832, 838832]
[838868, 838868]
[838872, 838872]
[838888, 838888]
[838904, 838904]
[838908, 838908]
[838912, 838912]
[838948, 838948]
[838952, 838952]
[838968, 838968]
[838984, 838984]
[838988, 838988]
[838992, 838992]
[839028, 839028]
[839032, 839032]
[839048, 839048]
[839064, 839064]
[839068, 839068]
[839072, 839072]
[839108, 839108]
[839112, 839112]
[839128, 839128]
[839144, 839144]
[839148, 839148]
[839152, 839152]
[839188, 839188]
[839192, 839192]
[839208, 839208]
[839224, 839224]
[839228, 839228]
[839232, 839232]
[839268, 839268]
[839272, 839272]
[839288, 839288]
[839304, 839304]
[839308, 839308]
[839312, 839312]
[839348, 839348]
[839352, 839352]
[839368, 839368]
[839384, 839384]
[839388, 839388]
[839392, 839392]
[839428, 839428]
[839432, 839432]
[839448, 839448]
[839464, 839464]
[839468, 839468]
[839472, 839472]
[839508, 839508]
[839512, 839512]
[839528, 839528]
[839544, 839544]
[839548, 839548]
[839552, 839552]
[839588, 839588]
[839592, 839592]
[839608, 839608]
[839624, 839624]
[839628, 839628]
[839632, 839632]
[839668, 839668]
[839672, 839672]
[839688, 839688]
[839704, 839704]
[839708, 839708]
[839712, 839712]
[839748, 839748]
[839752, 839752]
[839768, 839768]
[839784, 839784]
[839788, 839788]
[839792, 839792]
[839828, 839828]
[839832, 839832]
[839848, 839848]
[839864, 839864]
[839868, 839868]
[839872, 839872]
[839908, 839908]
[839912, 839912]
[839928, 839928]
[839944, 839944]
[839948, 839948]
[839952, 839952]
[839988, 839988]
[839992, 839992]
[840008, 840008]
[840024, 840024]
[840028, 840028]
[840032, 840032]
[840068, 840068]
[840072, 840072]
[840088, 840088]
[840104, 840104]
[840108, 840108]
[840112, 840112]
[840148, 840148]
[840152, 840152]
[840168, 840168]
[840184, 840184]
[840188, 840188]
[840192, 840192]
[840228, 840228]
[840232, 840232]
[840248, 840248]
[840264, 840264]
[840268, 840268]
[840272, 840272]
[840308, 840308]
[840312, 840312]
[840328, 840328]
[840344, 840344]
[840348, 840348]
[840352, 840352]
[840388, 840388]
[840392, 840392]
[840408, 840408]
[840424, 840424]
[840428, 840428]
[840432, 840432]
[840468, 840468]
[840472, 840472]
[840488, 840488]
[840504, 840504]
[840508, 840508]
[840512, 840512]
[840548, 840548]
[840552, 840552]
[840568, 840568]
[840584, 840584]
[840588, 840588]
[840592, 840592]
[840628, 840628]
[840632, 840632]
[840648, 840648]
[840664, 840664]
[840668, 840668]
[840672, 840672]
[840708, 840708]
[840712, 840712]
[840728, 840728]
[840744, 840744]
[840748, 840748]
[840752, 840752]
[840788, 840788]
[840792, 840792]
[840808, 840808]
[840824, 840824]
[840828, 840828]
[840832, 840832]
[840868, 840868]
[840872, 840872]
[840888, 840888]
[840904, 840904]
[840908, 840908]
[840912, 840912]
[840948, 840948]
[840952, 840952]
[840968, 840968]
[840984, 840984]
[840988, 840988]
[840992, 840992]
[841028, 841028]
[841032, 841032]
[841048, 841048]
[841064, 841064]
[841068, 841068]
[841072, 841072]
[841108, 841108]
[841112, 841112]
[841128, 841128]
[841144, 841144]
[841148, 841148]
[841152, 841152]
[841188, 841188]
[841192, 841192]
[841208, 841208]
[841224, 841224]
[841228, 841228]
[841232, 841232]
[841268, 841268]
[841272, 841272]
[841288, 841288]
[841304, 841304]
[841308, 841308]
[841312, 841312]
[841348, 841348]
[841352, 841352]
[841368, 841368]
[841384, 841384]
[841388, 841388]
[841392, 841392]
[841428, 841428]
[841432, 841432]
[841448, 841448]
[841464, 841464]
[841468, 841468]
[841472, 841472]
[841508, 841508]
[841512, 841512]
[841528, 841528]
[841544, 841544]
[841548, 841548]
[841552, 841552]
[841588, 841588]
[841592, 841592]
[841608, 841608]
[841624, 841624]
[841628, 841628]
[841632, 841632]
[841668, 841668]
[841672, 841672]
[841688, 841688]
[841704, 841704]
[841708, 841708]
[841712, 841712]
[841748, 841748]
[841752, 841752]
[841768, 841768]
[841784, 841784]
[841788, 841788]
[841792, 841792]
[841828, 841828]
[841832, 841832]
[841848, 841848]
[841864, 841864]
[841868, 841868]
[841872, 841872]
[841908, 841908]
[841912, 841912]
[841928, 841928]
[841944, 841944]
[841948, 841948]
[841952, 841952]
[841988, 841988]
[841992, 841992]
[842008, 842008]
[842024, 842024]
[842028, 842028]
[842032, 842032]
[842068, 842068]
[842072, 842072]
[842088, 842088]
[842104, 842104]
[842108, 842108]
[842112, 842112]
[842148, 842148]
[842152, 842152]
[842168, 842168]
[842184, 842184]
[842188, 842188]
[842192, 842192]
[842228, 842228]
[842232, 842232]
[842248, 842248]
[842264, 842264]
[842268, 842268]
[842272, 842272]
[842308, 842308]
[842312, 842312]
[842328, 842328]
[842344, 842344]
[842348, 842348]
[842352, 842352]
[842388, 842388]
[842392, 842392]
[842408, 842408]
[842424, 842424]
[842428, 842428]
[842432, 842432]
[842468, 842468]
[842472, 842472]
[842488, 842488]
[842504, 842504]
[842508, 842508]
[842512, 842512]
[842548, 842548]
[842552, 842552]
[842568, 842568]
[842584, 842584]
[842588, 842588]
[842592, 842592]
[842628, 842628]
[842632, 842632]
[842648, 842648]
[842664, 842664]
[842668, 842668]
[842672, 842672]
[842708, 842708]
[842712, 842712]
[842728, 842728]
[842744, 842744]
[842748, 842748]
[842752, 842752]
[842788, 842788]
[842792, 842792]
[842808, 842808]
[842824, 842824]
[842828, 842828]
[842832, 842832]
[842868, 842868]
[842872, 842872]
[842888, 842888]
[842904, 842904]
[842908, 842908]
[842912, 842912]
[842948, 842948]
[842952, 842952]
[842968, 842968]
[842984, 842984]
[842988, 842988]
[842992, 842992]
[843028, 843028]
[843032, 843032]
[843048, 843048]
[843064, 843064]
[843068, 843068]
[843072, 843072]
[843108, 843108]
[843112, 843112]
[843128, 843128]
[843144, 843144]
[843148, 843148]
[843152, 843152]
[843188, 843188]
[843192, 843192]
[843208, 843208]
[843224, 843224]
[843228, 843228]
[843232, 843232]
[843268, 843268]
[843272, 843272]
[843288, 843288]
[843304, 843304]
[843308, 843308]
[843312, 843312]
[843348, 843348]
[843352, 843352]
[843368, 843368]
[843384, 843384]
[843388, 843388]
[843392, 843392]
[843428, 843428]
[843432, 843432]
[843448, 843448]
[843464, 843464]
[843468, 843468]
[843472, 843472]
[843508, 843508]
[843512, 843512]
[843528, 843529]
[843544, 843545]
[843548, 843548]
[843552, 843552]
[843588, 843588]
[843592, 843592]
[843608, 843608]
[843624, 843624]
[843628, 843628]
[843632, 843632]
[843668, 843668]
[843672, 843672]
[843688, 843688]
[843704, 843704]
[843708, 843708]
[843712, 843712]
[843748, 843748]
[843752, 843752]
[843768, 843768]
[843784, 843784]
[843788, 843788]
[843792, 843792]
[843828, 843828]
[843832, 843832]
[843848, 843848]
[843864, 843864]
[843868, 843868]
[843872, 843872]
[843908, 843908]
[843912, 843912]
[843928, 843928]
[843944, 843944]
[843948, 843948]
[843952, 843952]
[843988, 843988]
[843992, 843992]
[844008, 844008]
[844024, 844024]
[844028, 844028]
[844032, 844032]
[844068, 844068]
[844072, 844072]
[844088, 844088]
[844104, 844104]
[844108, 844108]
[844112, 844112]
[844148, 844148]
[844152, 844152]
[844168, 844168]
[844184, 844184]
[844188, 844188]
[844192, 844192]
[844228, 844228]
[844232, 844232]
[844248, 844248]
[844264, 844264]
[844268, 844268]
[844272, 844272]
[844308, 844308]
[844312, 844312]
[844328, 844328]
[844344, 844344]
[844348, 844348]
[844352, 844352]
[844388, 844388]
[844392, 844392]
[844408, 844408]
[844424, 844424]
[844428, 844428]
[844432, 844432]
[844468, 844468]
[844472, 844472]
[844488, 844488]
[844504, 844504]
[844508, 844508]
[844512, 844512]
[844548, 844548]
[844552, 844552]
[844568, 844568]
[844584, 844584]
[844588, 844588]
[844592, 844592]
[844628, 844628]
[844632, 844632]
[844648, 844648]
[844664, 844664]
[844668, 844668]
[844672, 844672]
[844708, 844708]
[844712, 844712]
[844728, 844728]
[844744, 844744]
[844748, 844748]
[844752, 844752]
[844788, 844788]
[844792, 844792]
[844808, 844808]
[844824, 844824]
[844828, 844828]
[844832, 844832]
[844868, 844868]
[844872, 844872]
[844888, 844888]
[844904, 844904]
[844908, 844908]
[844912, 844912]
[844948, 844948]
[844952, 844952]
[844968, 844968]
[844984, 844984]
[844988, 844988]
[844992, 844992]
[845028, 845028]
[845032, 845032]
[845048, 845048]
[845064, 845064]
[845068, 845068]
[845072, 845072]
[845108, 845108]
[845112, 845112]
[845128, 845128]
[845144, 845144]
[845148, 845148]
[845152, 845152]
[845188, 845188]
[845192, 845192]
[845208, 845208]
[845224, 845224]
[845228, 845228]
[845232, 845232]
[845268, 845268]
[845272, 845272]
[845288, 845288]
[845304, 845304]
[845308, 845308]
[845312, 845312]
[845348, 845348]
[845352, 845352]
[845368, 845368]
[845384, 845384]
[845388, 845388]
[845392, 845392]
[845428, 845428]
[845432, 845432]
[845448, 845448]
[845464, 845464]
[845468, 845468]
[845472, 845472]
[845508, 845508]
[845512, 845512]
[845528, 845528]
[845544, 845544]
[845548, 845548]
[845552, 845552]
[845588, 845588]
[845592, 845592]
[845608, 845608]
[845624, 845624]
[845628, 845628]
[845632, 845632]
[845668, 845668]
[845672, 845672]
[845688, 845688]
[845704, 845704]
[845708, 845708]
[845712, 845712]
[845748, 845748]
[845752, 845752]
[845768, 845768]
[845784, 845784]
[845788, 845788]
[845792, 845792]
[845828, 845828]
[845832, 845832]
[845848, 845848]
[845864, 845864]
[845868, 845868]
[845872, 845872]
[845908, 845908]
[845912, 845912]
[845928, 845928]
[845944, 845944]
[845948, 845948]
[845952, 845952]
[845988, 845988]
[845992, 845992]
[846008, 846008]
[846024, 846024]
[846028, 846028]
[846032, 846032]
[846068, 846068]
[846072, 846072]
[846088, 846088]
[846104, 846104]
[846108, 846108]
[846112, 846112]
[846148, 846148]
[846152, 846152]
[846168, 846168]
[846184, 846184]
[846188, 846188]
[846192, 846192]
[846228, 846228]
[846232, 846232]
[846248, 846248]
[846264, 846264]
[846268, 846268]
[846272, 846272]
[846308, 846308]
[846312, 846312]
[846328, 846328]
[846344, 846344]
[846348, 846348]
[846352, 846352]
[846388, 846388]
[846392, 846392]
[846408, 846408]
[846424, 846424]
[846428, 846428]
[846432, 846432]
[846468, 846468]
[846472, 846472]
[846488, 846488]
[846504, 846504]
[846508, 846508]
[846512, 846512]
[846548, 846548]
[846552, 846552]
[846568, 846568]
[846584, 846584]
[846588, 846588]
[846592, 846592]
[846628, 846628]
[846632, 846632]
[846648, 846648]
[846664, 846664]
[846668, 846668]
[846672, 846672]
[846708, 846708]
[846712, 846712]
[846728, 846728]
[846744, 846744]
[846748, 846748]
[846752, 846752]
[846788, 846788]
[846792, 846792]
[846808, 846808]
[846824, 846824]
[846828, 846828]
[846832, 846832]
[846868, 846868]
[846872, 846872]
[846888, 846888]
[846904, 846904]
[846908, 846908]
[846912, 846912]
[846948, 846948]
[846952, 846952]
[846968, 846968]
[846984, 846984]
[846988, 846988]
[846992, 846992]
[847028, 847028]
[847032, 847032]
[847048, 847048]
[847064, 847064]
[847068, 847068]
[847072, 847072]
[847108, 847108]
[847112, 847112]
[847128, 847128]
[847144, 847144]
[847148, 847148]
[847152, 847152]
[847188, 847188]
[847192, 847192]
[847208, 847208]
[847224, 847224]
[847228, 847228]
[847232, 847232]
[847268, 847268]
[847272, 847272]
[847288, 847288]
[847304, 847304]
[847308, 847308]
[847312, 847312]
[847348, 847348]
[847352, 847352]
[847368, 847368]
[847384, 847384]
[847388, 847388]
[847392, 847392]
[847428, 847428]
[847432, 847432]
[847448, 847448]
[847464, 847464]
[847468, 847468]
[847472, 847472]
[847508, 847508]
[847512, 847512]
[847528, 847528]
[847544, 847544]
[847548, 847548]
[847552, 847552]
[847588, 847588]
[847592, 847592]
[847608, 847608]
[847624, 847624]
[847628, 847628]
[847632, 847632]
[847668, 847668]
[847672, 847672]
[847688, 847688]
[847704, 847704]
[847708, 847708]
[847712, 847712]
[847748, 847748]
[847752, 847752]
[847768, 847768]
[847784, 847784]
[847788, 847788]
[847792, 847792]
[847828, 847828]
[847832, 847832]
[847848, 847848]
[847864, 847864]
[847868, 847868]
[847872, 847872]
[847908, 847908]
[847912, 847912]
[847928, 847928]
[847944, 847944]
[847948, 847948]
[847952, 847952]
[847988, 847988]
[847992, 847992]
[848008, 848008]
[848024, 848024]
[848028, 848028]
[848032, 848032]
[848068, 848068]
[848072, 848072]
[848088, 848088]
[848104, 848104]
[848108, 848108]
[848112, 848112]
[848148, 848148]
[848152, 848152]
[848168, 848168]
[848184, 848184]
[848188, 848188]
[848192, 848192]
[848228, 848228]
[848232, 848232]
[848248, 848248]
[848264, 848264]
[848268, 848268]
[848272, 848272]
[848308, 848308]
[848312, 848312]
[848328, 848328]
[848344, 848344]
[848348, 848348]
[848352, 848352]
[848388, 848388]
[848392, 848392]
[848408, 848408]
[848424, 848424]
[848428, 848428]
[848432, 848432]
[848468, 848468]
[848472, 848472]
[848488, 848488]
[848504, 848504]
[848508, 848508]
[848512, 848512]
[848548, 848548]
[848552, 848552]
[848568, 848568]
[848584, 848584]
[848588, 848588]
[848592, 848592]
[848628, 848628]
[848632, 848632]
[848648, 848648]
[848664, 848664]
[848668, 848668]
[848672, 848672]
[848708, 848708]
[848712, 848712]
[848728, 848728]
[848744, 848744]
[848748, 848748]
[848752, 848752]
[848788, 848788]
[848792, 848792]
[848808, 848808]
[848824, 848824]
[848828, 848828]
[848832, 848832]
[848868, 848868]
[848872, 848872]
[848888, 848888]
[848904, 848904]
[848908, 848908]
[848912, 848912]
[848948, 848948]
[848952, 848952]
[848968, 848968]
[848984, 848984]
[848988, 848988]
[848992, 848992]
[849028, 849028]
[849032, 849032]
[849048, 849048]
[849064, 849064]
[849068, 849068]
[849072, 849072]
[849108, 849108]
[849112, 849112]
[849128, 849128]
[849144, 849144]
[849148, 849148]
[849152, 849152]
[849188, 849188]
[849192, 849192]
[849208, 849208]
[849224, 849224]
[849228, 849228]
[849232, 849232]
[849268, 849268]
[849272, 849272]
[849288, 849288]
[849304, 849304]
[849308, 849308]
[849312, 849312]
[849348, 849348]
[849352, 849352]
[849368, 849368]
[849384, 849384]
[849388, 849388]
[849392, 849392]
[849428, 849428]
[849432, 849432]
[849448, 849448]
[849464, 849464]
[849468, 849468]
[849472, 849472]
[849508, 849508]
[849512, 849512]
[849528, 849528]
[849544, 849544]
[849548, 849548]
[849552, 849552]
[849588, 849588]
[849592, 849592]
[849608, 849608]
[849624, 849624]
[849628, 849628]
[849632, 849632]
[849668, 849668]
[849672, 849672]
[849688, 849688]
[849704, 849704]
[849708, 849708]
[849712, 849712]
[849748, 849748]
[849752, 849752]
[849768, 849768]
[849784, 849784]
[849788, 849788]
[849792, 849792]
[849828, 849828]
[849832, 849832]
[849848, 849848]
[849864, 849864]
[849868, 849868]
[849872, 849872]
[849908, 849908]
[849912, 849912]
[849928, 849928]
[849944, 849944]
[849948, 849948]
[849952, 849952]
[849988, 849988]
[849992, 849992]
[850008, 850008]
[850024, 850024]
[850028, 850028]
[850032, 850032]
[850068, 850068]
[850072, 850072]
[850088, 850088]
[850104, 850104]
[850108, 850108]
[850112, 850112]
[850148, 850148]
[850152, 850152]
[850168, 850168]
[850184, 850184]
[850188, 850188]
[850192, 850192]
[850228, 850228]
[850232, 850232]
[850248, 850248]
[850264, 850264]
[850268, 850268]
[850272, 850272]
[850308, 850308]
[850312, 850312]
[850328, 850328]
[850344, 850344]
[850348, 850348]
[850352, 850352]
[850388, 850388]
[850392, 850392]
[850408, 850408]
[850424, 850424]
[850428, 850428]
[850432, 850432]
[850468, 850468]
[850472, 850472]
[850488, 850488]
[850504, 850504]
[850508, 850508]
[850512, 850512]
[850548, 850548]
[850552, 850552]
[850568, 850568]
[850584, 850584]
[850588, 850588]
[850592, 850592]
[850628, 850628]
[850632, 850632]
[850648, 850648]
[850664, 850664]
[850668, 850668]
[850672, 850672]
[850708, 850708]
[850712, 850712]
[850728, 850728]
[850744, 850744]
[850748, 850748]
[850752, 850752]
[850788, 850788]
[850792, 850792]
[850808, 850808]
[850824, 850824]
[850828, 850828]
[850832, 850832]
[850868, 850868]
[850872, 850872]
[850888, 850888]
[850904, 850904]
[850908, 850908]
[850912, 850912]
[850948, 850948]
[850952, 850952]
[850968, 850968]
[850984, 850984]
[850988, 850988]
[850992, 850992]
[851028, 851028]
[851032, 851032]
[851048, 851048]
[851064, 851064]
[851068, 851068]
[851072, 851072]
[851108, 851108]
[851112, 851112]
[851128, 851128]
[851144, 851144]
[851148, 851148]
[851152, 851152]
[851188, 851188]
[851192, 851192]
[851208, 851208]
[851224, 851224]
[851228, 851228]
[851232, 851232]
[851268, 851268]
[851272, 851272]
[851288, 851288]
[851304, 851304]
[851308, 851308]
[851312, 851312]
[851348, 851348]
[851352, 851352]
[851368, 851368]
[851384, 851384]
[851388, 851388]
[851392, 851392]
[851428, 851428]
[851432, 851432]
[851448, 851448]
[851464, 851464]
[851468, 851468]
[851472, 851472]
[851508, 851508]
[851512, 851512]
[851528, 851528]
[851544, 851544]
[851548, 851548]
[851552, 851552]
[851588, 851588]
[851592, 851592]
[851608, 851608]
[851624, 851624]
[851628, 851628]
[851632, 851632]
[851668, 851668]
[851672, 851672]
[851688, 851688]
[851704, 851704]
[851708, 851708]
[851712, 851712]
[851748, 851748]
[851752, 851752]
[851768, 851768]
[851784, 851784]
[851788, 851788]
[851792, 851792]
[851828, 851828]
[851832, 851832]
[851848, 851848]
[851864, 851864]
[851868, 851868]
[851872, 851872]
[851908, 851908]
[851912, 851912]
[851928, 851928]
[851944, 851944]
[851948, 851948]
[851952, 851952]
[851988, 851988]
[851992, 851992]
[852008, 852008]
[852024, 852024]
[852028, 852028]
[852032, 852032]
[852068, 852068]
[852072, 852072]
[852088, 852088]
[852104, 852104]
[852108, 852108]
[852112, 852112]
[852148, 852148]
[852152, 852152]
[852168, 852168]
[852184, 852184]
[852188, 852188]
[852192, 852192]
[852228, 852228]
[852232, 852232]
[852248, 852248]
[852264, 852264]
[852268, 852268]
[852272, 852272]
[852308, 852308]
[852312, 852312]
[852328, 852328]
[852344, 852344]
[852348, 852348]
[852352, 852352]
[852388, 852388]
[852392, 852392]
[852408, 852408]
[852424, 852424]
[852428, 852428]
[852432, 852432]
[852468, 852468]
[852472, 852472]
[852488, 852488]
[852504, 852504]
[852508, 852508]
[852512, 852512]
[852548, 852548]
[852552, 852552]
[852568, 852568]
[852584, 852584]
[852588, 852588]
[852592, 852592]
[852628, 852628]
[852632, 852632]
[852648, 852648]
[852664, 852664]
[852668, 852668]
[852672, 852672]
[852708, 852708]
[852712, 852712]
[852728, 852728]
[852744, 852744]
[852748, 852748]
[852752, 852752]
[852788, 852788]
[852792, 852792]
[852808, 852808]
[852824, 852824]
[852828, 852828]
[852832, 852832]
[852868, 852868]
[852872, 852872]
[852888, 852888]
[852904, 852904]
[852908, 852908]
[852912, 852912]
[852948, 852948]
[852952, 852952]
[852968, 852968]
[852984, 852984]
[852988, 852988]
[852992, 852992]
[853028, 853028]
[853032, 853032]
[853048, 853048]
[853064, 853064]
[853068, 853068]
[853072, 853072]
[853108, 853108]
[853112, 853112]
[853128, 853128]
[853144, 853144]
[853148, 853148]
[853152, 853152]
[853188, 853188]
[853192, 853192]
[853208, 853208]
[853224, 853224]
[853228, 853228]
[853232, 853232]
[853268, 853268]
[853272, 853272]
[853288, 853288]
[853304, 853304]
[853308, 853308]
[853312, 853312]
[853348, 853348]
[853352, 853352]
[853368, 853368]
[853384, 853384]
[853388, 853388]
[853392, 853392]
[853428, 853428]
[853432, 853432]
[853448, 853448]
[853464, 853464]
[853468, 853468]
[853472, 853472]
[853508, 853508]
[853512, 853512]
[853528, 853528]
[853544, 853544]
[853548, 853548]
[853552, 853552]
[853588, 853588]
[853592, 853592]
[853608, 853608]
[853624, 853624]
[853628, 853628]
[853632, 853632]
[853668, 853668]
[853672, 853672]
[853688, 853688]
[853704, 853704]
[853708, 853708]
[853712, 853712]
[853748, 853748]
[853752, 853752]
[853768, 853769]
[853784, 853785]
[853788, 853788]
[853792, 853792]
[853828, 853828]
[853832, 853832]
[853848, 853848]
[853864, 853864]
[853868, 853868]
[853872, 853872]
[853908, 853908]
[853912, 853912]
[853928, 853928]
[853944, 853944]
[853948, 853948]
[853952, 853952]
[853988, 853988]
[853992, 853992]
[854008, 854008]
[854024, 854024]
[854028, 854028]
[854032, 854032]
[854068, 854068]
[854072, 854072]
[854088, 854088]
[854104, 854104]
[854108, 854108]
[854112, 854112]
[854148, 854148]
[854152, 854152]
[854168, 854168]
[854184, 854184]
[854188, 854188]
[854192, 854192]
[854228, 854228]
[854232, 854232]
[854248, 854248]
[854264, 854264]
[854268, 854268]
[854272, 854272]
[854308, 854308]
[854312, 854312]
[854328, 854328]
[854344, 854344]
[854348, 854348]
[854352, 854352]
[854388, 854388]
[854392, 854392]
[854408, 854408]
[854424, 854424]
[854428, 854428]
[854432, 854432]
[854468, 854468]
[854472, 854472]
[854488, 854488]
[854504, 854504]
[854508, 854508]
[854512, 854512]
[854548, 854548]
[854552, 854552]
[854568, 854568]
[854584, 854584]
[854588, 854588]
[854592, 854592]
[854628, 854628]
[854632, 854632]
[854648, 854648]
[854664, 854664]
[854668, 854668]
[854672, 854672]
[854708, 854708]
[854712, 854712]
[854728, 854728]
[854744, 854744]
[854748, 854748]
[854752, 854752]
[854788, 854788]
[854792, 854792]
[854808, 854808]
[854824, 854824]
[854828, 854828]
[854832, 854832]
[854868, 854868]
[854872, 854872]
[854888, 854888]
[854904, 854904]
[854908, 854908]
[854912, 854912]
[854948, 854948]
[854952, 854952]
[854968, 854968]
[854984, 854984]
[854988, 854988]
[854992, 854992]
[855028, 855028]
[855032, 855032]
[855048, 855048]
[855064, 855064]
[855068, 855068]
[855072, 855072]
[855108, 855108]
[855112, 855112]
[855128, 855128]
[855144, 855144]
[855148, 855148]
[855152, 855152]
[855188, 855188]
[855192, 855192]
[855208, 855208]
[855224, 855224]
[855228, 855228]
[855232, 855232]
[855268, 855268]
[855272, 855272]
[855288, 855288]
[855304, 855304]
[855308, 855308]
[855312, 855312]
[855348, 855348]
[855352, 855352]
[855368, 855368]
[855384, 855384]
[855388, 855388]
[855392, 855392]
[855428, 855428]
[855432, 855432]
[855448, 855448]
[855464, 855464]
[855468, 855468]
[855472, 855472]
[855508, 855508]
[855512, 855512]
[855528, 855528]
[855544, 855544]
[855548, 855548]
[855552, 855552]
[855588, 855588]
[855592, 855592]
[855608, 855608]
[855624, 855624]
[855628, 855628]
[855632, 855632]
[855668, 855668]
[855672, 855672]
[855688, 855688]
[855704, 855704]
[855708, 855708]
[855712, 855712]
[855748, 855748]
[855752, 855752]
[855768, 855768]
[855784, 855784]
[855788, 855788]
[855792, 855792]
[855828, 855828]
[855832, 855832]
[855848, 855848]
[855864, 855864]
[855868, 855868]
[855872, 855872]
[855908, 855908]
[855912, 855912]
[855928, 855928]
[855944, 855944]
[855948, 855948]
[855952, 855952]
[855988, 855988]
[855992, 855992]
[856008, 856008]
[856024, 856024]
[856028, 856028]
[856032, 856032]
[856068, 856068]
[856072, 856072]
[856088, 856088]
[856104, 856104]
[856108, 856108]
[856112, 856112]
[856148, 856148]
[856152, 856152]
[856168, 856168]
[856184, 856184]
[856188, 856188]
[856192, 856192]
[856228, 856228]
[856232, 856232]
[856248, 856248]
[856264, 856264]
[856268, 856268]
[856272, 856272]
[856308, 856308]
[856312, 856312]
[856328, 856328]
[856344, 856344]
[856348, 856348]
[856352, 856352]
[856388, 856388]
[856392, 856392]
[856408, 856408]
[856424, 856424]
[856428, 856428]
[856432, 856432]
[856468, 856468]
[856472, 856472]
[856488, 856488]
[856504, 856504]
[856508, 856508]
[856512, 856512]
[856548, 856548]
[856552, 856552]
[856568, 856568]
[856584, 856584]
[856588, 856588]
[856592, 856592]
[856628, 856628]
[856632, 856632]
[856648, 856648]
[856664, 856664]
[856668, 856668]
[856672, 856672]
[856708, 856708]
[856712, 856712]
[856728, 856728]
[856744, 856744]
[856748, 856748]
[856752, 856752]
[856788, 856788]
[856792, 856792]
[856808, 856808]
[856824, 856824]
[856828, 856828]
[856832, 856832]
[856868, 856868]
[856872, 856872]
[856888, 856888]
[856904, 856904]
[856908, 856908]
[856912, 856912]
[856948, 856948]
[856952, 856952]
[856968, 856968]
[856984, 856984]
[856988, 856988]
[856992, 856992]
[857028, 857028]
[857032, 857032]
[857048, 857048]
[857064, 857064]
[857068, 857068]
[857072, 857072]
[857108, 857108]
[857112, 857112]
[857128, 857128]
[857144, 857144]
[857148, 857148]
[857152, 857152]
[857188, 857188]
[857192, 857192]
[857208, 857208]
[857224, 857224]
[857228, 857228]
[857232, 857232]
[857268, 857268]
[857272, 857272]
[857288, 857288]
[857304, 857304]
[857308, 857308]
[857312, 857312]
[857348, 857348]
[857352, 857352]
[857368, 857368]
[857384, 857384]
[857388, 857388]
[857392, 857392]
[857468, 857468]
[857472, 857472]
[857488, 857488]
[857504, 857504]
[857508, 857508]
[857512, 857512]
[857588, 857588]
[857592, 857592]
[857608, 857608]
[857624, 857624]
[857628, 857628]
[857632, 857632]
[857708, 857708]
[857712, 857712]
[857728, 857728]
[857744, 857744]
[857748, 857748]
[857752, 857752]
[857828, 857828]
[857832, 857832]
[857848, 857848]
[857864, 857864]
[857868, 857868]
[857872, 857872]
[857948, 857948]
[857952, 857952]
[857968, 857968]
[857984, 857984]
[857988, 857988]
[857992, 857992]
[858068, 858068]
[858072, 858072]
[858088, 858088]
[858104, 858104]
[858108, 858108]
[858112, 858112]
[858188, 858188]
[858192, 858192]
[858208, 858208]
[858224, 858224]
[858228, 858228]
[858232, 858232]
[858308, 858308]
[858312, 858312]
[858328, 858328]
[858344, 858344]
[858348, 858348]
[858352, 858352]
[858428, 858428]
[858432, 858432]
[858448, 858448]
[858464, 858464]
[858468, 858468]
[858472, 858472]
[858548, 858548]
[858552, 858552]
[858568, 858568]
[858584, 858584]
[858588, 858588]
[858592, 858592]
[858668, 858668]
[858672, 858672]
[858688, 858688]
[858704, 858704]
[858708, 858708]
[858712, 858712]
[858788, 858788]
[858792, 858792]
[858808, 858808]
[858824, 858824]
[858828, 858828]
[858832, 858832]
[858908, 858908]
[858912, 858912]
[858928, 858928]
[858944, 858944]
[858948, 858948]
[858952, 858952]
[859028, 859028]
[859032, 859032]
[859048, 859048]
[859064, 859064]
[859068, 859068]
[859072, 859072]
[859148, 859148]
[859152, 859152]
[859168, 859168]
[859184, 859184]
[859188, 859188]
[859192, 859192]
[859268, 859268]
[859272, 859272]
[859288, 859288]
[859304, 859304]
[859308, 859308]
[859312, 859312]
[859388, 859388]
[859392, 859392]
[859408, 859408]
[859424, 859424]
[859428, 859428]
[859432, 859432]
[859508, 859508]
[859512, 859512]
[859528, 859528]
[859544, 859544]
[859548, 859548]
[859552, 859552]
[859628, 859628]
[859632, 859632]
[859648, 859648]
[859664, 859664]
[859668, 859668]
[859672, 859672]
[859748, 859748]
[859752, 859752]
[859768, 859768]
[859784, 859784]
[859788, 859788]
[859792, 859792]
[859868, 859868]
[859872, 859872]
[859888, 859888]
[859904, 859904]
[859908, 859908]
[859912, 859912]
[859988, 859988]
[859992, 859992]
[860008, 860008]
[860024, 860024]
[860028, 860028]
[860032, 860032]
[860108, 860108]
[860112, 860112]
[860128, 860128]
[860144, 860144]
[860148, 860148]
[860152, 860152]
[860228, 860228]
[860232, 860232]
[860248, 860248]
[860264, 860264]
[860268, 860268]
[860272, 860272]
[860348, 860348]
[860352, 860352]
[860368, 860368]
[860384, 860384]
[860388, 860388]
[860392, 860392]
[860468, 860468]
[860472, 860472]
[860488, 860488]
[860504, 860504]
[860508, 860508]
[860512, 860512]
[860588, 860588]
[860592, 860592]
[860608, 860608]
[860624, 860624]
[860628, 860628]
[860632, 860632]
[860708, 860708]
[860712, 860712]
[860728, 860728]
[860744, 860744]
[860748, 860748]
[860752, 860752]
[860828, 860828]
[860832, 860832]
[860848, 860848]
[860864, 860864]
[860868, 860868]
[860872, 860872]
[860948, 860948]
[860952, 860952]
[860968, 860968]
[860984, 860984]
[860988, 860988]
[860992, 860992]
[861068, 861068]
[861072, 861072]
[861088, 861088]
[861104, 861104]
[861108, 861108]
[861112, 861112]
[861188, 861188]
[861192, 861192]
[861208, 861208]
[861224, 861224]
[861228, 861228]
[861232, 861232]
[861308, 861308]
[861312, 861312]
[861328, 861328]
[861344, 861344]
[861348, 861348]
[861352, 861352]
[861428, 861428]
[861432, 861432]
[861448, 861448]
[861464, 861464]
[861468, 861468]
[861472, 861472]
[861548, 861548]
[861552, 861552]
[861568, 861568]
[861584, 861584]
[861588, 861588]
[861592, 861592]
[861668, 861668]
[861672, 861672]
[861688, 861688]
[861704, 861704]
[861708, 861708]
[861712, 861712]
[861788, 861788]
[861792, 861792]
[861808, 861808]
[861824, 861824]
[861828, 861828]
[861832, 861832]
[861908, 861908]
[861912, 861912]
[861928, 861928]
[861944, 861944]
[861948, 861948]
[861952, 861952]
[862028, 862028]
[862032, 862032]
[862048, 862048]
[862064, 862064]
[862068, 862068]
[862072, 862072]
[862148, 862148]
[862152, 862152]
[862168, 862168]
[862184, 862184]
[862188, 862188]
[862192, 862192]
[862268, 862268]
[862272, 862272]
[862288, 862288]
[862304, 862304]
[862308, 862308]
[862312, 862312]
[862388, 862388]
[862392, 862392]
[862408, 862408]
[862424, 862424]
[862428, 862428]
[862432, 862432]
[862508, 862508]
[862512, 862512]
[862528, 862528]
[862544, 862544]
[862548, 862548]
[862552, 862552]
[862628, 862628]
[862632, 862632]
[862648, 862648]
[862664, 862664]
[862668, 862668]
[862672, 862672]
[862748, 862748]
[862752, 862752]
[862768, 862768]
[862784, 862784]
[862788, 862788]
[862792, 862792]
[862868, 862868]
[862872, 862872]
[862888, 862888]
[862904, 862904]
[862908, 862908]
[862912, 862912]
[862988, 862988]
[862992, 862992]
[863008, 863008]
[863024, 863024]
[863028, 863028]
[863032, 863032]
[863108, 863108]
[863112, 863112]
[863128, 863128]
[863144, 863144]
[863148, 863148]
[863152, 863152]
[863228, 863228]
[863232, 863232]
[863248, 863248]
[863264, 863264]
[863268, 863268]
[863272, 863272]
[863348, 863348]
[863352, 863352]
[863368, 863368]
[863384, 863384]
[863388, 863388]
[863392, 863392]
[863468, 863468]
[863472, 863472]
[863488, 863488]
[863504, 863504]
[863508, 863508]
[863512, 863512]
[863588, 863588]
[863592, 863592]
[863608, 863608]
[863624, 863624]
[863628, 863628]
[863632, 863632]
[863708, 863708]
[863712, 863712]
[863728, 863728]
[863744, 863744]
[863748, 863748]
[863752, 863752]
[863828, 863828]
[863832, 863832]
[863848, 863848]
[863864, 863864]
[863868, 863868]
[863872, 863872]
[863948, 863948]
[863952, 863952]
[863968, 863968]
[863984, 863984]
[863988, 863988]
[863992, 863992]
[864068, 864068]
[864072, 864072]
[864088, 864088]
[864104, 864104]
[864108, 864108]
[864112, 864112]
[864188, 864188]
[864192, 864192]
[864208, 864208]
[864224, 864224]
[864228, 864228]
[864232, 864232]
[864308, 864308]
[864312, 864312]
[864328, 864328]
[864344, 864344]
[864348, 864348]
[864352, 864352]
[864428, 864428]
[864432, 864432]
[864448, 864448]
[864464, 864464]
[864468, 864468]
[864472, 864472]
[864548, 864548]
[864552, 864552]
[864568, 864568]
[864584, 864584]
[864588, 864588]
[864592, 864592]
[864668, 864668]
[864672, 864672]
[864688, 864688]
[864704, 864704]
[864708, 864708]
[864712, 864712]
[864788, 864788]
[864792, 864792]
[864808, 864808]
[864824, 864824]
[864828, 864828]
[864832, 864832]
[864908, 864908]
[864912, 864912]
[864928, 864928]
[864944, 864944]
[864948, 864948]
[864952, 864952]
[865028, 865028]
[865032, 865032]
[865048, 865048]
[865064, 865064]
[865068, 865068]
[865072, 865072]
[865148, 865148]
[865152, 865152]
[865168, 865168]
[865184, 865184]
[865188, 865188]
[865192, 865192]
[865268, 865268]
[865272, 865272]
[865288, 865288]
[865304, 865304]
[865308, 865308]
[865312, 865312]
[865388, 865388]
[865392, 865392]
[865408, 865408]
[865424, 865424]
[865428, 865428]
[865432, 865432]
[865508, 865508]
[865512, 865512]
[865528, 865528]
[865544, 865544]
[865548, 865548]
[865552, 865552]
[865628, 865628]
[865632, 865632]
[865648, 865648]
[865664, 865664]
[865668, 865668]
[865672, 865672]
[865748, 865748]
[865752, 865752]
[865768, 865768]
[865784, 865784]
[865788, 865788]
[865792, 865792]
[865868, 865868]
[865872, 865872]
[865888, 865888]
[865904, 865904]
[865908, 865908]
[865912, 865912]
[865988, 865988]
[865992, 865992]
[866008, 866008]
[866024, 866024]
[866028, 866028]
[866032, 866032]
[866108, 866108]
[866112, 866112]
[866128, 866128]
[866144, 866144]
[866148, 866148]
[866152, 866152]
[866228, 866228]
[866232, 866232]
[866248, 866248]
[866264, 866264]
[866268, 866268]
[866272, 866272]
[866348, 866348]
[866352, 866352]
[866368, 866368]
[866384, 866384]
[866388, 866388]
[866392, 866392]
[866468, 866468]
[866472, 866472]
[866488, 866488]
[866504, 866504]
[866508, 866508]
[866512, 866512]
[866588, 866588]
[866592, 866592]
[866608, 866608]
[866624, 866624]
[866628, 866628]
[866632, 866632]
[866708, 866708]
[866712, 866712]
[866728, 866728]
[866744, 866744]
[866748, 866748]
[866752, 866752]
[866828, 866828]
[866832, 866832]
[866848, 866848]
[866864, 866864]
[866868, 866868]
[866872, 866872]
[866948, 866948]
[866952, 866952]
[866968, 866968]
[866984, 866984]
[866988, 866988]
[866992, 866992]
[867068, 867068]
[867072, 867072]
[867088, 867088]
[867104, 867104]
[867108, 867108]
[867112, 867112]
[867188, 867188]
[867192, 867192]
[867208, 867208]
[867224, 867224]
[867228, 867228]
[867232, 867232]
[867308, 867308]
[867312, 867312]
[867328, 867329]
[867344, 867345]
[867348, 867348]
[867352, 867352]
[867428, 867428]
[867432, 867432]
[867448, 867448]
[867464, 867464]
[867468, 867468]
[867472, 867472]
[867548, 867548]
[867552, 867552]
[867568, 867568]
[867584, 867584]
[867588, 867588]
[867592, 867592]
[867668, 867668]
[867672, 867672]
[867688, 867688]
[867704, 867704]
[867708, 867708]
[867712, 867712]
[867788, 867788]
[867792, 867792]
[867808, 867808]
[867824, 867824]
[867828, 867828]
[867832, 867832]
[867908, 867908]
[867912, 867912]
[867928, 867928]
[867944, 867944]
[867948, 867948]
[867952, 867952]
[868028, 868028]
[868032, 868032]
[868048, 868048]
[868064, 868064]
[868068, 868068]
[868072, 868072]
[868148, 868148]
[868152, 868152]
[868168, 868168]
[868184, 868184]
[868188, 868188]
[868192, 868192]
[868268, 868268]
[868272, 868272]
[868288, 868288]
[868304, 868304]
[868308, 868308]
[868312, 868312]
[868388, 868388]
[868392, 868392]
[868408, 868408]
[868424, 868424]
[868428, 868428]
[868432, 868432]
[868508, 868508]
[868512, 868512]
[868528, 868528]
[868544, 868544]
[868548, 868548]
[868552, 868552]
[868628, 868628]
[868632, 868632]
[868648, 868648]
[868664, 868664]
[868668, 868668]
[868672, 868672]
[868748, 868748]
[868752, 868752]
[868768, 868768]
[868784, 868784]
[868788, 868788]
[868792, 868792]
[868868, 868868]
[868872, 868872]
[868888, 868888]
[868904, 868904]
[868908, 868908]
[868912, 868912]
[868988, 868988]
[868992, 868992]
[869008, 869008]
[869024, 869024]
[869028, 869028]
[869032, 869032]
[869108, 869108]
[869112, 869112]
[869128, 869128]
[869144, 869144]
[869148, 869148]
[869152, 869152]
[869228, 869228]
[869232, 869232]
[869248, 869248]
[869264, 869264]
[869268, 869268]
[869272, 869272]
[869348, 869348]
[869352, 869352]
[869368, 869368]
[869384, 869384]
[869388, 869388]
[869392, 869392]
[869468, 869468]
[869472, 869472]
[869488, 869488]
[869504, 869504]
[869508, 869508]
[869512, 869512]
[869588, 869588]
[869592, 869592]
[869608, 869608]
[869624, 869624]
[869628, 869628]
[869632, 869632]
[869708, 869708]
[869712, 869712]
[869728, 869728]
[869744, 869744]
[869748, 869748]
[869752, 869752]
[869828, 869828]
[869832, 869832]
[869848, 869848]
[869864, 869864]
[869868, 869868]
[869872, 869872]
[869948, 869948]
[869952, 869952]
[869968, 869968]
[869984, 869984]
[869988, 869988]
[869992, 869992]
[870068, 870068]
[870072, 870072]
[870088, 870088]
[870104, 870104]
[870108, 870108]
[870112, 870112]
[870188, 870188]
[870192, 870192]
[870208, 870208]
[870224, 870224]
[870228, 870228]
[870232, 870232]
[870308, 870308]
[870312, 870312]
[870328, 870328]
[870344, 870344]
[870348, 870348]
[870352, 870352]
[870428, 870428]
[870432, 870432]
[870448, 870448]
[870464, 870464]
[870468, 870468]
[870472, 870472]
[870548, 870548]
[870552, 870552]
[870568, 870568]
[870584, 870584]
[870588, 870588]
[870592, 870592]
[870668, 870668]
[870716, 870716]
[870760, 870760]
[870792, 870792]
[870796, 870796]
[870812, 870812]
[870828, 870828]
[870832, 870832]
[870836, 870836]
[870872, 870872]
[870876, 870876]
[870892, 870892]
[870908, 870908]
[870912, 870912]
[870916, 870916]
[870952, 870952]
[870956, 870956]
[870972, 870972]
[870988, 870988]
[870992, 870992]
[870996, 870996]
[871032, 871032]
[871036, 871036]
[871052, 871052]
[871068, 871068]
[871072, 871072]
[871076, 871076]
[871112, 871112]
[871116, 871116]
[871132, 871132]
[871148, 871148]
[871152, 871152]
[871156, 871156]
[871192, 871192]
[871196, 871196]
[871212, 871212]
[871228, 871228]
[871232, 871232]
[871236, 871236]
[871272, 871272]
[871276, 871276]
[871292, 871292]
[871308, 871308]
[871312, 871312]
[871316, 871316]
[871352, 871352]
[871356, 871356]
[871372, 871372]
[871388, 871388]
[871392, 871392]
[871396, 871396]
[871432, 871432]
[871436, 871436]
[871452, 871452]
[871468, 871468]
[871472, 871472]
[871476, 871476]
[871512, 871512]
[871516, 871516]
[871532, 871532]
[871548, 871548]
[871552, 871552]
[871556, 871556]
[871592, 871592]
[871596, 871596]
[871612, 871612]
[871628, 871628]
[871632, 871632]
[871636, 871636]
[871672, 871672]
[871676, 871676]
[871692, 871692]
[871708, 871708]
[871712, 871712]
[871716, 871716]
[871752, 871752]
[871756, 871756]
[871772, 871772]
[871788, 871788]
[871792, 871792]
[871796, 871796]
[871832, 871832]
[871836, 871836]
[871852, 871852]
[871868, 871868]
[871872, 871872]
[871876, 871876]
[871912, 871912]
[871916, 871916]
[871932, 871932]
[871948, 871948]
[871952, 871952]
[871956, 871956]
[871992, 871992]
[871996, 871996]
[872012, 872012]
[872028, 872028]
[872032, 872032]
[872036, 872036]
[872072, 872072]
[872076, 872076]
[872092, 872092]
[872108, 872108]
[872112, 872112]
[872116, 872116]
[872152, 872152]
[872156, 872156]
[872172, 872172]
[872188, 872188]
[872192, 872192]
[872196, 872196]
[872232, 872232]
[872236, 872236]
[872252, 872252]
[872268, 872268]
[872272, 872272]
[872276, 872276]
[872312, 872312]
[872316, 872316]
[872332, 872332]
[872348, 872348]
[872352, 872352]
[872356, 872356]
[872392, 872392]
[872396, 872396]
[872412, 872412]
[872428, 872428]
[872432, 872432]
[872436, 872436]
[872472, 872472]
[872476, 872476]
[872492, 872492]
[872508, 872508]
[872512, 872512]
[872516, 872516]
[872552, 872552]
[872556, 872556]
[872572, 872572]
[872588, 872588]
[872592, 872592]
[872596, 872596]
[872632, 872632]
[872636, 872636]
[872652, 872652]
[872668, 872668]
[872672, 872672]
[872676, 872676]
[872712, 872712]
[872716, 872716]
[872732, 872732]
[872748, 872748]
[872752, 872752]
[872756, 872756]
[872792, 872792]
[872796, 872796]
[872812, 872812]
[872828, 872828]
[872832, 872832]
[872836, 872836]
[872872, 872872]
[872876, 872876]
[872892, 872892]
[872908, 872908]
[872912, 872912]
[872916, 872916]
[872952, 872952]
[872956, 872956]
[872972, 872972]
[872988, 872988]
[872992, 872992]
[872996, 872996]
[873032, 873032]
[873036, 873036]
[873052, 873052]
[873068, 873068]
[873072, 873072]
[873076, 873076]
[873112, 873112]
[873116, 873116]
[873132, 873132]
[873148, 873148]
[873152, 873152]
[873156, 873156]
[873192, 873192]
[873196, 873196]
[873212, 873212]
[873228, 873228]
[873232, 873232]
[873236, 873236]
[873272, 873272]
[873276, 873276]
[873292, 873292]
[873308, 873308]
[873312, 873312]
[873316, 873316]
[873352, 873352]
[873356, 873356]
[873372, 873372]
[873388, 873388]
[873392, 873392]
[873396, 873396]
[873432, 873432]
[873436, 873436]
[873452, 873452]
[873468, 873468]
[873472, 873472]
[873476, 873476]
[873512, 873512]
[873516, 873516]
[873532, 873532]
[873548, 873548]
[873552, 873552]
[873556, 873556]
[873592, 873592]
[873596, 873596]
[873612, 873612]
[873628, 873628]
[873632, 873632]
[873636, 873636]
[873672, 873672]
[873676, 873676]
[873692, 873692]
[873708, 873708]
[873712, 873712]
[873716, 873716]
[873752, 873752]
[873756, 873756]
[873772, 873772]
[873788, 873788]
[873792, 873792]
[873796, 873796]
[873832, 873832]
[873836, 873836]
[873852, 873852]
[873868, 873868]
[873872, 873872]
[873876, 873876]
[873912, 873912]
[873916, 873916]
[873932, 873932]
[873948, 873948]
[873952, 873952]
[873956, 873956]
[873992, 873992]
[873996, 873996]
[874012, 874012]
[874028, 874028]
[874032, 874032]
[874036, 874036]
[874072, 874072]
[874076, 874076]
[874092, 874092]
[874108, 874108]
[874112, 874112]
[874116, 874116]
[874152, 874152]
[874156, 874156]
[874172, 874172]
[874188, 874188]
[874192, 874192]
[874196, 874196]
[874232, 874232]
[874236, 874236]
[874252, 874252]
[874268, 874268]
[874272, 874272]
[874276, 874276]
[874312, 874312]
[874316, 874316]
[874332, 874332]
[874348, 874348]
[874352, 874352]
[874356, 874356]
[874392, 874392]
[874396, 874396]
[874412, 874412]
[874428, 874428]
[874432, 874432]
[874436, 874436]
[874472, 874472]
[874476, 874476]
[874492, 874492]
[874508, 874508]
[874512, 874512]
[874516, 874516]
[874552, 874552]
[874556, 874556]
[874572, 874572]
[874588, 874588]
[874592, 874592]
[874596, 874596]
[874632, 874632]
[874636, 874636]
[874652, 874652]
[874668, 874668]
[874672, 874672]
[874676, 874676]
[874712, 874712]
[874716, 874716]
[874732, 874732]
[874748, 874748]
[874752, 874752]
[874756, 874756]
[874792, 874792]
[874796, 874796]
[874812, 874812]
[874828, 874828]
[874832, 874832]
[874836, 874836]
[874872, 874872]
[874876, 874876]
[874892, 874892]
[874908, 874908]
[874912, 874912]
[874916, 874916]
[874952, 874952]
[874956, 874956]
[874972, 874972]
[874988, 874988]
[874992, 874992]
[874996, 874996]
[875032, 875032]
[875036, 875036]
[875052, 875052]
[875068, 875068]
[875072, 875072]
[875076, 875076]
[875112, 875112]
[875116, 875116]
[875132, 875132]
[875148, 875148]
[875152, 875152]
[875156, 875156]
[875192, 875192]
[875196, 875196]
[875212, 875212]
[875228, 875228]
[875232, 875232]
[875236, 875236]
[875272, 875272]
[875276, 875276]
[875292, 875292]
[875308, 875308]
[875312, 875312]
[875316, 875316]
[875352, 875352]
[875356, 875356]
[875372, 875372]
[875388, 875388]
[875392, 875392]
[875396, 875396]
[875432, 875432]
[875436, 875436]
[875452, 875452]
[875468, 875468]
[875472, 875472]
[875476, 875476]
[875512, 875512]
[875516, 875516]
[875532, 875532]
[875548, 875548]
[875552, 875552]
[875556, 875556]
[875592, 875592]
[875596, 875596]
[875612, 875612]
[875628, 875628]
[875632, 875632]
[875636, 875636]
[875672, 875672]
[875676, 875676]
[875692, 875692]
[875708, 875708]
[875712, 875712]
[875716, 875716]
[875752, 875752]
[875756, 875756]
[875772, 875772]
[875788, 875788]
[875792, 875792]
[875796, 875796]
[875832, 875832]
[875836, 875836]
[875852, 875852]
[875868, 875868]
[875872, 875872]
[875876, 875876]
[875912, 875912]
[875916, 875916]
[875932, 875932]
[875948, 875948]
[875952, 875952]
[875956, 875956]
[875992, 875992]
[875996, 875996]
[876012, 876012]
[876028, 876028]
[876032, 876032]
[876036, 876036]
[876072, 876072]
[876076, 876076]
[876092, 876092]
[876108, 876108]
[876112, 876112]
[876116, 876116]
[876152, 876152]
[876156, 876156]
[876172, 876172]
[876188, 876188]
[876192, 876192]
[876196, 876196]
[876232, 876232]
[876236, 876236]
[876252, 876252]
[876268, 876268]
[876272, 876272]
[876276, 876276]
[876312, 876312]
[876316, 876316]
[876332, 876332]
[876348, 876348]
[876352, 876352]
[876356, 876356]
[876392, 876392]
[876396, 876396]
[876412, 876412]
[876428, 876428]
[876432, 876432]
[876436, 876436]
[876472, 876472]
[876476, 876476]
[876492, 876492]
[876508, 876508]
[876512, 876512]
[876516, 876516]
[876552, 876552]
[876556, 876556]
[876572, 876572]
[876588, 876588]
[876592, 876592]
[876596, 876596]
[876632, 876632]
[876636, 876636]
[876652, 876652]
[876668, 876668]
[876672, 876672]
[876676, 876676]
[876712, 876712]
[876716, 876716]
[876732, 876732]
[876748, 876748]
[876752, 876752]
[876756, 876756]
[876792, 876792]
[876796, 876796]
[876812, 876812]
[876828, 876828]
[876832, 876832]
[876836, 876836]
[876872, 876872]
[876876, 876876]
[876892, 876892]
[876908, 876908]
[876912, 876912]
[876916, 876916]
[876952, 876952]
[876956, 876956]
[876972, 876972]
[876988, 876988]
[876992, 876992]
[876996, 876996]
[877032, 877032]
[877036, 877036]
[877052, 877052]
[877068, 877068]
[877072, 877072]
[877076, 877076]
[877112, 877112]
[877116, 877116]
[877132, 877132]
[877148, 877148]
[877152, 877152]
[877156, 877156]
[877192, 877192]
[877196, 877196]
[877212, 877212]
[877228, 877228]
[877232, 877232]
[877236, 877236]
[877272, 877272]
[877276, 877276]
[877292, 877292]
[877308, 877308]
[877312, 877312]
[877316, 877316]
[877352, 877352]
[877356, 877356]
[877372, 877372]
[877388, 877388]
[877392, 877392]
[877396, 877396]
[877432, 877432]
[877436, 877436]
[877452, 877452]
[877468, 877468]
[877472, 877472]
[877476, 877476]
[877512, 877512]
[877516, 877516]
[877532, 877532]
[877548, 877548]
[877552, 877552]
[877556, 877556]
[877592, 877592]
[877596, 877596]
[877612, 877612]
[877628, 877628]
[877632, 877632]
[877636, 877636]
[877672, 877672]
[877676, 877676]
[877692, 877692]
[877708, 877708]
[877712, 877712]
[877716, 877716]
[877752, 877752]
[877756, 877756]
[877772, 877772]
[877788, 877788]
[877792, 877792]
[877796, 877796]
[877832, 877832]
[877836, 877836]
[877852, 877852]
[877868, 877868]
[877872, 877872]
[877876, 877876]
[877912, 877912]
[877916, 877916]
[877932, 877932]
[877948, 877948]
[877952, 877952]
[877956, 877956]
[877992, 877992]
[877996, 877996]
[878012, 878012]
[878028, 878028]
[878032, 878032]
[878036, 878036]
[878072, 878072]
[878076, 878076]
[878092, 878092]
[878108, 878108]
[878112, 878112]
[878116, 878116]
[878152, 878152]
[878156, 878156]
[878172, 878172]
[878188, 878188]
[878192, 878192]
[878196, 878196]
[878232, 878232]
[878236, 878236]
[878252, 878252]
[878268, 878268]
[878272, 878272]
[878276, 878276]
[878312, 878312]
[878316, 878316]
[878332, 878332]
[878348, 878348]
[878352, 878352]
[878356, 878356]
[878392, 878392]
[878396, 878396]
[878412, 878412]
[878428, 878428]
[878432, 878432]
[878436, 878436]
[878472, 878472]
[878476, 878476]
[878492, 878492]
[878508, 878508]
[878512, 878512]
[878516, 878516]
[878552, 878552]
[878556, 878556]
[878572, 878572]
[878588, 878588]
[878592, 878592]
[878596, 878596]
[878632, 878632]
[878636, 878636]
[878652, 878652]
[878668, 878668]
[878672, 878672]
[878676, 878676]
[878712, 878713]
[878716, 878716]
[878732, 878732]
[878748, 878748]
[878752, 878753]
[878756, 878757]
[878792, 878792]
[878796, 878797]
[878812, 878812]
[878828, 878828]
[878832, 878832]
[878836, 878836]
[878872, 878872]
[878876, 878876]
[878892, 878892]
[878908, 878908]
[878912, 878912]
[878916, 878916]
[878952, 878952]
[878956, 878956]
[878972, 878972]
[878988, 878988]
[878992, 878992]
[878996, 878996]
[879032, 879032]
[879036, 879036]
[879052, 879052]
[879068, 879068]
[879072, 879072]
[879076, 879076]
[879112, 879112]
[879116, 879116]
[879132, 879132]
[879148, 879148]
[879152, 879152]
[879156, 879156]
[879192, 879192]
[879196, 879196]
[879212, 879212]
[879228, 879228]
[879232, 879232]
[879236, 879236]
[879272, 879272]
[879276, 879276]
[879292, 879292]
[879308, 879308]
[879312, 879312]
[879316, 879316]
[879352, 879352]
[879356, 879356]
[879372, 879372]
[879388, 879388]
[879392, 879392]
[879396, 879396]
[879432, 879432]
[879436, 879436]
[879452, 879452]
[879468, 879468]
[879472, 879472]
[879476, 879476]
[879512, 879512]
[879516, 879516]
[879532, 879532]
[879548, 879548]
[879552, 879552]
[879556, 879556]
[879592, 879592]
[879596, 879596]
[879612, 879612]
[879628, 879628]
[879632, 879632]
[879636, 879636]
[879672, 879672]
[879676, 879676]
[879692, 879692]
[879708, 879708]
[879712, 879712]
[879716, 879716]
[879752, 879752]
[879756, 879756]
[879772, 879772]
[879788, 879788]
[879792, 879792]
[879796, 879796]
[879832, 879832]
[879836, 879836]
[879852, 879852]
[879868, 879868]
[879872, 879872]
[879876, 879876]
[879912, 879912]
[879916, 879916]
[879932, 879932]
[879948, 879948]
[879952, 879952]
[879956, 879956]
[879992, 879992]
[879996, 879996]
[880012, 880012]
[880028, 880028]
[880032, 880032]
[880036, 880036]
[880072, 880072]
[880076, 880076]
[880092, 880092]
[880108, 880108]
[880112, 880112]
[880116, 880116]
[880152, 880152]
[880156, 880156]
[880172, 880172]
[880188, 880188]
[880192, 880192]
[880196, 880196]
[880232, 880232]
[880236, 880236]
[880252, 880252]
[880268, 880268]
[880272, 880272]
[880276, 880276]
[880312, 880312]
[880316, 880316]
[880332, 880332]
[880348, 880348]
[880352, 880352]
[880356, 880356]
[880392, 880392]
[880396, 880396]
[880412, 880412]
[880428, 880428]
[880432, 880432]
[880436, 880436]
[880472, 880472]
[880476, 880476]
[880492, 880492]
[880508, 880508]
[880512, 880512]
[880516, 880516]
[880552, 880552]
[880556, 880556]
[880572, 880572]
[880588, 880588]
[880592, 880592]
[880596, 880596]
[880632, 880632]
[880636, 880636]
[880652, 880652]
[880668, 880668]
[880672, 880672]
[880676, 880676]
[880712, 880712]
[880716, 880716]
[880732, 880732]
[880748, 880748]
[880752, 880752]
[880756, 880756]
[880792, 880792]
[880796, 880796]
[880812, 880812]
[880828, 880828]
[880832, 880832]
[880836, 880836]
[880872, 880872]
[880876, 880876]
[880892, 880892]
[880908, 880908]
[880912, 880912]
[880916, 880916]
[880952, 880952]
[880956, 880956]
[880972, 880972]
[880988, 880988]
[880992, 880992]
[880996, 880996]
[881032, 881032]
[881036, 881036]
[881052, 881052]
[881068, 881068]
[881072, 881072]
[881076, 881076]
[881112, 881112]
[881116, 881116]
[881132, 881132]
[881148, 881148]
[881152, 881152]
[881156, 881156]
[881192, 881192]
[881196, 881196]
[881212, 881212]
[881228, 881228]
[881232, 881232]
[881236, 881236]
[881272, 881272]
[881276, 881276]
[881292, 881292]
[881308, 881308]
[881312, 881312]
[881316, 881316]
[881352, 881352]
[881356, 881356]
[881372, 881372]
[881388, 881388]
[881392, 881392]
[881396, 881396]
[881432, 881432]
[881436, 881436]
[881452, 881452]
[881468, 881468]
[881472, 881472]
[881476, 881476]
[881512, 881512]
[881516, 881516]
[881532, 881532]
[881548, 881548]
[881552, 881552]
[881556, 881556]
[881592, 881592]
[881596, 881596]
[881612, 881612]
[881628, 881628]
[881632, 881632]
[881636, 881636]
[881672, 881672]
[881676, 881676]
[881692, 881692]
[881708, 881708]
[881712, 881712]
[881716, 881716]
[881752, 881752]
[881756, 881756]
[881772, 881772]
[881788, 881788]
[881792, 881792]
[881796, 881796]
[881832, 881832]
[881836, 881836]
[881852, 881852]
[881868, 881868]
[881872, 881872]
[881876, 881876]
[881912, 881912]
[881916, 881916]
[881932, 881932]
[881948, 881948]
[881952, 881952]
[881956, 881956]
[881992, 881992]
[881996, 881996]
[882012, 882012]
[882028, 882028]
[882032, 882032]
[882036, 882036]
[882072, 882072]
[882076, 882076]
[882092, 882092]
[882108, 882108]
[882112, 882112]
[882116, 882116]
[882152, 882152]
[882156, 882156]
[882172, 882172]
[882188, 882188]
[882192, 882192]
[882196, 882196]
[882232, 882232]
[882236, 882236]
[882252, 882252]
[882268, 882268]
[882272, 882272]
[882276, 882276]
[882312, 882312]
[882316, 882316]
[882332, 882332]
[882348, 882348]
[882352, 882352]
[882356, 882356]
[882392, 882392]
[882396, 882396]
[882412, 882412]
[882428, 882428]
[882432, 882432]
[882436, 882436]
[882472, 882472]
[882476, 882476]
[882492, 882492]
[882508, 882508]
[882512, 882512]
[882516, 882516]
[882552, 882552]
[882556, 882556]
[882572, 882572]
[882588, 882588]
[882592, 882592]
[882596, 882596]
[882632, 882632]
[882636, 882636]
[882652, 882652]
[882668, 882668]
[882672, 882672]
[882676, 882676]
[882712, 882712]
[882716, 882716]
[882732, 882732]
[882748, 882748]
[882752, 882752]
[882756, 882756]
[882792, 882792]
[882796, 882796]
[882812, 882812]
[882828, 882828]
[882832, 882832]
[882836, 882836]
[882872, 882872]
[882876, 882876]
[882892, 882892]
[882908, 882908]
[882912, 882912]
[882916, 882916]
[882952, 882952]
[882956, 882956]
[882972, 882972]
[882988, 882988]
[882992, 882992]
[882996, 882996]
[883032, 883032]
[883036, 883036]
[883052, 883052]
[883068, 883068]
[883072, 883072]
[883076, 883076]
[883112, 883112]
[883116, 883116]
[883132, 883132]
[883148, 883148]
[883152, 883152]
[883156, 883156]
[883192, 883192]
[883196, 883196]
[883212, 883212]
[883228, 883228]
[883232, 883232]
[883236, 883236]
[883272, 883272]
[883276, 883276]
[883292, 883292]
[883308, 883308]
[883312, 883312]
[883316, 883316]
[883352, 883352]
[883356, 883356]
[883372, 883372]
[883388, 883388]
[883392, 883392]
[883396, 883396]
[883432, 883432]
[883436, 883436]
[883452, 883452]
[883468, 883468]
[883472, 883472]
[883476, 883476]
[883512, 883512]
[883516, 883516]
[883532, 883532]
[883548, 883548]
[883552, 883552]
[883556, 883556]
[883592, 883592]
[883596, 883596]
[883612, 883612]
[883628, 883628]
[883632, 883632]
[883636, 883636]
[883672, 883672]
[883676, 883676]
[883692, 883692]
[883708, 883708]
[883712, 883712]
[883716, 883716]
[883752, 883752]
[883756, 883756]
[883772, 883772]
[883788, 883788]
[883792, 883792]
[883796, 883796]
[883832, 883832]
[883836, 883836]
[883852, 883852]
[883868, 883868]
[883872, 883872]
[883876, 883876]
[883912, 883912]
[883916, 883916]
[883932, 883932]
[883948, 883948]
[883952, 883952]
[883956, 883956]
[883992, 883992]
[883996, 883996]
[884012, 884012]
[884028, 884028]
[884032, 884032]
[884036, 884036]
[884072, 884072]
[884076, 884076]
[884092, 884092]
[884108, 884108]
[884112, 884112]
[884116, 884116]
[884152, 884152]
[884156, 884156]
[884172, 884172]
[884188, 884188]
[884192, 884192]
[884196, 884196]
[884232, 884232]
[884236, 884236]
[884252, 884252]
[884268, 884268]
[884272, 884272]
[884276, 884276]
[884312, 884312]
[884316, 884316]
[884332, 884332]
[884348, 884348]
[884352, 884352]
[884356, 884356]
[884392, 884392]
[884396, 884396]
[884412, 884412]
[884428, 884428]
[884432, 884432]
[884436, 884436]
[884472, 884472]
[884476, 884476]
[884492, 884492]
[884508, 884508]
[884512, 884512]
[884516, 884516]
[884552, 884552]
[884556, 884556]
[884572, 884572]
[884588, 884588]
[884592, 884592]
[884596, 884596]
[884632, 884632]
[884636, 884636]
[884652, 884652]
[884668, 884668]
[884672, 884672]
[884676, 884676]
[884712, 884712]
[884716, 884716]
[884732, 884732]
[884748, 884748]
[884752, 884752]
[884756, 884756]
[884792, 884792]
[884796, 884796]
[884812, 884812]
[884828, 884828]
[884832, 884832]
[884836, 884836]
[884872, 884872]
[884876, 884876]
[884892, 884892]
[884908, 884908]
[884912, 884912]
[884916, 884916]
[884952, 884952]
[884956, 884956]
[884972, 884972]
[884988, 884988]
[884992, 884992]
[884996, 884996]
[885032, 885032]
[885036, 885036]
[885052, 885052]
[885068, 885068]
[885072, 885072]
[885076, 885076]
[885112, 885112]
[885116, 885116]
[885132, 885132]
[885148, 885148]
[885152, 885152]
[885156, 885156]
[885192, 885192]
[885196, 885196]
[885212, 885212]
[885228, 885228]
[885232, 885232]
[885236, 885236]
[885272, 885272]
[885276, 885276]
[885292, 885292]
[885308, 885308]
[885312, 885312]
[885316, 885316]
[885352, 885352]
[885356, 885356]
[885372, 885372]
[885388, 885388]
[885392, 885392]
[885396, 885396]
[885432, 885432]
[885436, 885436]
[885452, 885452]
[885468, 885468]
[885472, 885472]
[885476, 885476]
[885512, 885512]
[885516, 885516]
[885532, 885532]
[885548, 885548]
[885552, 885552]
[885556, 885556]
[885592, 885592]
[885596, 885596]
[885612, 885612]
[885628, 885628]
[885632, 885632]
[885636, 885636]
[885672, 885672]
[885676, 885676]
[885692, 885692]
[885708, 885708]
[885712, 885712]
[885716, 885716]
[885752, 885752]
[885756, 885756]
[885772, 885772]
[885788, 885788]
[885792, 885792]
[885796, 885796]
[885832, 885832]
[885836, 885836]
[885852, 885852]
[885868, 885868]
[885872, 885872]
[885876, 885876]
[885912, 885912]
[885916, 885916]
[885932, 885932]
[885948, 885948]
[885952, 885952]
[885956, 885956]
[885992, 885992]
[885996, 885996]
[886012, 886012]
[886028, 886028]
[886032, 886032]
[886036, 886036]
[886072, 886072]
[886076, 886076]
[886092, 886092]
[886108, 886108]
[886112, 886112]
[886116, 886116]
[886152, 886152]
[886156, 886156]
[886172, 886172]
[886188, 886188]
[886192, 886192]
[886196, 886196]
[886232, 886232]
[886236, 886236]
[886252, 886252]
[886268, 886268]
[886272, 886272]
[886276, 886276]
[886312, 886312]
[886316, 886316]
[886332, 886332]
[886348, 886348]
[886352, 886352]
[886356, 886356]
[886392, 886392]
[886396, 886396]
[886412, 886412]
[886428, 886428]
[886432, 886432]
[886436, 886436]
[886472, 886472]
[886476, 886476]
[886492, 886492]
[886508, 886508]
[886512, 886512]
[886516, 886516]
[886552, 886552]
[886556, 886556]
[886572, 886572]
[886588, 886588]
[886592, 886592]
[886596, 886596]
[886632, 886632]
[886636, 886636]
[886652, 886652]
[886668, 886668]
[886672, 886672]
[886676, 886676]
[886712, 886712]
[886716, 886716]
[886732, 886732]
[886748, 886748]
[886752, 886752]
[886756, 886756]
[886792, 886792]
[886796, 886796]
[886812, 886812]
[886828, 886828]
[886832, 886832]
[886836, 886836]
[886872, 886872]
[886876, 886876]
[886892, 886892]
[886908, 886908]
[886912, 886912]
[886916, 886916]
[886952, 886952]
[886956, 886956]
[886972, 886972]
[886988, 886988]
[886992, 886992]
[886996, 886996]
[887032, 887032]
[887036, 887036]
[887052, 887052]
[887068, 887068]
[887072, 887072]
[887076, 887076]
[887112, 887112]
[887116, 887116]
[887132, 887132]
[887148, 887148]
[887152, 887152]
[887156, 887156]
[887192, 887192]
[887196, 887196]
[887212, 887212]
[887228, 887228]
[887232, 887232]
[887236, 887236]
[887272, 887272]
[887276, 887276]
[887292, 887292]
[887308, 887308]
[887312, 887312]
[887316, 887316]
[887352, 887352]
[887356, 887356]
[887372, 887372]
[887388, 887388]
[887392, 887392]
[887396, 887396]
[887432, 887432]
[887436, 887436]
[887452, 887452]
[887468, 887468]
[887472, 887472]
[887476, 887476]
[887512, 887512]
[887516, 887516]
[887532, 887532]
[887548, 887548]
[887552, 887552]
[887556, 887556]
[887592, 887592]
[887596, 887596]
[887612, 887612]
[887628, 887628]
[887632, 887632]
[887636, 887636]
[887672, 887672]
[887676, 887676]
[887692, 887692]
[887708, 887708]
[887712, 887712]
[887716, 887716]
[887752, 887752]
[887756, 887756]
[887772, 887772]
[887788, 887788]
[887792, 887792]
[887796, 887796]
[887832, 887832]
[887836, 887836]
[887852, 887852]
[887868, 887868]
[887872, 887872]
[887876, 887876]
[887912, 887912]
[887916, 887916]
[887932, 887932]
[887948, 887948]
[887952, 887952]
[887956, 887956]
[887992, 887992]
[887996, 887996]
[888012, 888012]
[888028, 888028]
[888032, 888032]
[888036, 888036]
[888072, 888072]
[888076, 888076]
[888092, 888092]
[888108, 888108]
[888112, 888112]
[888116, 888116]
[888152, 888152]
[888156, 888156]
[888172, 888172]
[888188, 888188]
[888192, 888192]
[888196, 888196]
[888232, 888232]
[888236, 888236]
[888252, 888252]
[888268, 888268]
[888272, 888272]
[888276, 888276]
[888312, 888312]
[888316, 888316]
[888332, 888332]
[888348, 888348]
[888352, 888352]
[888356, 888356]
[888392, 888392]
[888396, 888396]
[888412, 888412]
[888428, 888428]
[888432, 888432]
[888436, 888436]
[888472, 888472]
[888476, 888476]
[888492, 888492]
[888508, 888508]
[888512, 888512]
[888516, 888516]
[888552, 888552]
[888556, 888556]
[888572, 888572]
[888588, 888588]
[888592, 888592]
[888596, 888596]
[888632, 888632]
[888636, 888636]
[888652, 888652]
[888668, 888668]
[888672, 888672]
[888676, 888676]
[888712, 888712]
[888716, 888716]
[888732, 888732]
[888748, 888748]
[888752, 888752]
[888756, 888756]
[888792, 888792]
[888796, 888796]
[888812, 888812]
[888828, 888828]
[888832, 888832]
[888836, 888836]
[888872, 888872]
[888876, 888876]
[888892, 888892]
[888908, 888908]
[888912, 888912]
[888916, 888916]
[888952, 888953]
[888956, 888956]
[888972, 888972]
[888988, 888988]
[888992, 888993]
[888996, 888997]
[889032, 889032]
[889036, 889037]
[889052, 889052]
[889068, 889068]
[889072, 889072]
[889076, 889076]
[889112, 889112]
[889116, 889116]
[889132, 889132]
[889148, 889148]
[889152, 889152]
[889156, 889156]
[889192, 889192]
[889196, 889196]
[889212, 889212]
[889228, 889228]
[889232, 889232]
[889236, 889236]
[889272, 889272]
[889276, 889276]
[889292, 889292]
[889308, 889308]
[889312, 889312]
[889316, 889316]
[889352, 889352]
[889356, 889356]
[889372, 889372]
[889388, 889388]
[889392, 889392]
[889396, 889396]
[889432, 889432]
[889436, 889436]
[889452, 889452]
[889468, 889468]
[889472, 889472]
[889476, 889476]
[889512, 889512]
[889516, 889516]
[889532, 889532]
[889548, 889548]
[889552, 889552]
[889556, 889556]
[889592, 889592]
[889596, 889596]
[889612, 889612]
[889628, 889628]
[889632, 889632]
[889636, 889636]
[889672, 889672]
[889676, 889676]
[889692, 889692]
[889708, 889708]
[889712, 889712]
[889716, 889716]
[889752, 889752]
[889756, 889756]
[889772, 889772]
[889788, 889788]
[889792, 889792]
[889796, 889796]
[889832, 889832]
[889836, 889836]
[889852, 889852]
[889868, 889868]
[889872, 889872]
[889876, 889876]
[889912, 889912]
[889916, 889916]
[889932, 889932]
[889948, 889948]
[889952, 889952]
[889956, 889956]
[889992, 889992]
[889996, 889996]
[890012, 890012]
[890028, 890028]
[890032, 890032]
[890036, 890036]
[890072, 890072]
[890076, 890076]
[890092, 890092]
[890108, 890108]
[890112, 890112]
[890116, 890116]
[890152, 890152]
[890156, 890156]
[890172, 890172]
[890188, 890188]
[890192, 890192]
[890196, 890196]
[890232, 890232]
[890236, 890236]
[890252, 890252]
[890268, 890268]
[890272, 890272]
[890276, 890276]
[890312, 890312]
[890316, 890316]
[890332, 890332]
[890348, 890348]
[890352, 890352]
[890356, 890356]
[890392, 890392]
[890396, 890396]
[890412, 890412]
[890428, 890428]
[890432, 890432]
[890436, 890436]
[890472, 890472]
[890476, 890476]
[890492, 890492]
[890508, 890508]
[890512, 890512]
[890516, 890516]
[890552, 890552]
[890556, 890556]
[890572, 890572]
[890588, 890588]
[890592, 890592]
[890596, 890596]
[890632, 890632]
[890636, 890636]
[890652, 890652]
[890668, 890668]
[890672, 890672]
[890676, 890676]
[890712, 890712]
[890716, 890716]
[890732, 890732]
[890748, 890748]
[890752, 890752]
[890756, 890756]
[890792, 890792]
[890796, 890796]
[890812, 890812]
[890828, 890828]
[890832, 890832]
[890836, 890836]
[890872, 890872]
[890876, 890876]
[890892, 890892]
[890908, 890908]
[890912, 890912]
[890916, 890916]
[890952, 890952]
[890956, 890956]
[890972, 890972]
[890988, 890988]
[890992, 890992]
[890996, 890996]
[891032, 891032]
[891036, 891036]
[891052, 891052]
[891068, 891068]
[891072, 891072]
[891076, 891076]
[891112, 891112]
[891116, 891116]
[891132, 891132]
[891148, 891148]
[891152, 891152]
[891156, 891156]
[891192, 891192]
[891196, 891196]
[891212, 891212]
[891228, 891228]
[891232, 891232]
[891236, 891236]
[891272, 891272]
[891276, 891276]
[891292, 891292]
[891308, 891308]
[891312, 891312]
[891316, 891316]
[891352, 891352]
[891356, 891356]
[891372, 891372]
[891388, 891388]
[891392, 891392]
[891396, 891396]
[891432, 891432]
[891436, 891436]
[891452, 891452]
[891468, 891468]
[891472, 891472]
[891476, 891476]
[891512, 891512]
[891516, 891516]
[891532, 891532]
[891548, 891548]
[891552, 891552]
[891556, 891556]
[891592, 891592]
[891596, 891596]
[891612, 891612]
[891628, 891628]
[891632, 891632]
[891636, 891636]
[891672, 891672]
[891676, 891676]
[891692, 891692]
[891708, 891708]
[891712, 891712]
[891716, 891716]
[891752, 891752]
[891756, 891756]
[891772, 891772]
[891788, 891788]
[891792, 891792]
[891796, 891796]
[891832, 891832]
[891836, 891836]
[891852, 891852]
[891868, 891868]
[891872, 891872]
[891876, 891876]
[891912, 891912]
[891916, 891916]
[891932, 891932]
[891948, 891948]
[891952, 891952]
[891956, 891956]
[891992, 891992]
[891996, 891996]
[892012, 892012]
[892028, 892028]
[892032, 892032]
[892036, 892036]
[892072, 892072]
[892076, 892076]
[892092, 892092]
[892108, 892108]
[892112, 892112]
[892116, 892116]
[892152, 892152]
[892156, 892156]
[892172, 892172]
[892188, 892188]
[892192, 892192]
[892196, 892196]
[892232, 892232]
[892236, 892236]
[892252, 892252]
[892268, 892268]
[892272, 892272]
[892276, 892276]
[892312, 892312]
[892316, 892316]
[892332, 892332]
[892348, 892348]
[892352, 892352]
[892356, 892356]
[892392, 892392]
[892396, 892396]
[892412, 892412]
[892428, 892428]
[892432, 892432]
[892436, 892436]
[892472, 892472]
[892476, 892476]
[892492, 892492]
[892508, 892508]
[892512, 892512]
[892516, 892516]
[892552, 892552]
[892556, 892556]
[892572, 892572]
[892588, 892588]
[892592, 892592]
[892596, 892596]
[892632, 892632]
[892636, 892636]
[892652, 892652]
[892668, 892668]
[892672, 892672]
[892676, 892676]
[892712, 892712]
[892716, 892716]
[892732, 892732]
[892748, 892748]
[892752, 892752]
[892756, 892756]
[892792, 892792]
[892796, 892796]
[892812, 892812]
[892828, 892828]
[892832, 892832]
[892836, 892836]
[892872, 892872]
[892876, 892876]
[892892, 892892]
[892908, 892908]
[892912, 892912]
[892916, 892916]
[892952, 892952]
[892956, 892956]
[892972, 892972]
[892988, 892988]
[892992, 892992]
[892996, 892996]
[893032, 893032]
[893036, 893036]
[893052, 893052]
[893068, 893068]
[893072, 893072]
[893076, 893076]
[893112, 893112]
[893116, 893116]
[893132, 893132]
[893148, 893148]
[893152, 893152]
[893156, 893156]
[893192, 893192]
[893196, 893196]
[893212, 893212]
[893228, 893228]
[893232, 893232]
[893236, 893236]
[893272, 893272]
[893276, 893276]
[893292, 893292]
[893308, 893308]
[893312, 893312]
[893316, 893316]
[893352, 893352]
[893356, 893356]
[893372, 893372]
[893388, 893388]
[893392, 893392]
[893396, 893396]
[893432, 893432]
[893436, 893436]
[893452, 893452]
[893468, 893468]
[893472, 893472]
[893476, 893476]
[893512, 893512]
[893516, 893516]
[893532, 893532]
[893548, 893548]
[893552, 893552]
[893556, 893556]
[893592, 893592]
[893596, 893596]
[893612, 893612]
[893628, 893628]
[893632, 893632]
[893636, 893636]
[893672, 893672]
[893676, 893676]
[893692, 893692]
[893708, 893708]
[893712, 893712]
[893716, 893716]
[893752, 893752]
[893756, 893756]
[893772, 893772]
[893788, 893788]
[893792, 893792]
[893796, 893796]
[893832, 893832]
[893836, 893836]
[893852, 893852]
[893868, 893868]
[893872, 893872]
[893876, 893876]
[893912, 893912]
[893916, 893916]
[893932, 893932]
[893948, 893948]
[893952, 893952]
[893956, 893956]
[893992, 893992]
[893996, 893996]
[894012, 894012]
[894028, 894028]
[894032, 894032]
[894036, 894036]
[894072, 894072]
[894076, 894076]
[894092, 894092]
[894108, 894108]
[894112, 894112]
[894116, 894116]
[894152, 894152]
[894156, 894156]
[894172, 894172]
[894188, 894188]
[894192, 894192]
[894196, 894196]
[894232, 894232]
[894236, 894236]
[894252, 894252]
[894268, 894268]
[894272, 894272]
[894276, 894276]
[894312, 894312]
[894316, 894316]
[894332, 894332]
[894348, 894348]
[894352, 894352]
[894356, 894356]
[894392, 894392]
[894396, 894396]
[894412, 894412]
[894428, 894428]
[894432, 894432]
[894436, 894436]
[894472, 894472]
[894476, 894476]
[894492, 894492]
[894508, 894508]
[894512, 894512]
[894516, 894516]
[894552, 894552]
[894556, 894556]
[894572, 894572]
[894588, 894588]
[894592, 894592]
[894596, 894596]
[894632, 894632]
[894636, 894636]
[894652, 894652]
[894668, 894668]
[894672, 894672]
[894676, 894676]
[894712, 894712]
[894716, 894716]
[894732, 894732]
[894748, 894748]
[894752, 894752]
[894756, 894756]
[894792, 894792]
[894796, 894796]
[894812, 894812]
[894828, 894828]
[894832, 894832]
[894836, 894836]
[894872, 894872]
[894876, 894876]
[894892, 894892]
[894908, 894908]
[894912, 894912]
[894916, 894916]
[894952, 894952]
[894956, 894956]
[894972, 894972]
[894988, 894988]
[894992, 894992]
[894996, 894996]
[895032, 895032]
[895036, 895036]
[895052, 895052]
[895068, 895068]
[895072, 895072]
[895076, 895076]
[895112, 895112]
[895116, 895116]
[895132, 895132]
[895148, 895148]
[895152, 895152]
[895156, 895156]
[895192, 895192]
[895196, 895196]
[895212, 895212]
[895228, 895228]
[895232, 895232]
[895236, 895236]
[895272, 895272]
[895276, 895276]
[895292, 895292]
[895308, 895308]
[895312, 895312]
[895316, 895316]
[895352, 895352]
[895356, 895356]
[895372, 895372]
[895388, 895388]
[895392, 895392]
[895396, 895396]
[895432, 895432]
[895436, 895436]
[895452, 895452]
[895468, 895468]
[895472, 895472]
[895476, 895476]
[895512, 895512]
[895516, 895516]
[895532, 895532]
[895548, 895548]
[895552, 895552]
[895556, 895556]
[895592, 895592]
[895596, 895596]
[895612, 895612]
[895628, 895628]
[895632, 895632]
[895636, 895636]
[895672, 895672]
[895676, 895676]
[895692, 895692]
[895708, 895708]
[895712, 895712]
[895716, 895716]
[895752, 895752]
[895756, 895756]
[895772, 895772]
[895788, 895788]
[895792, 895792]
[895796, 895796]
[895832, 895832]
[895836, 895836]
[895852, 895852]
[895868, 895868]
[895872, 895872]
[895876, 895876]
[895912, 895912]
[895916, 895916]
[895932, 895932]
[895948, 895948]
[895952, 895952]
[895956, 895956]
[895992, 895992]
[895996, 895996]
[896012, 896012]
[896028, 896028]
[896032, 896032]
[896036, 896036]
[896072, 896072]
[896076, 896076]
[896092, 896092]
[896108, 896108]
[896112, 896112]
[896116, 896116]
[896152, 896152]
[896156, 896156]
[896172, 896172]
[896188, 896188]
[896192, 896192]
[896196, 896196]
[896232, 896232]
[896236, 896236]
[896252, 896252]
[896268, 896268]
[896272, 896272]
[896276, 896276]
[896312, 896312]
[896316, 896316]
[896332, 896332]
[896348, 896348]
[896352, 896352]
[896356, 896356]
[896392, 896392]
[896396, 896396]
[896412, 896412]
[896428, 896428]
[896432, 896432]
[896436, 896436]
[896472, 896472]
[896476, 896476]
[896492, 896492]
[896508, 896508]
[896512, 896512]
[896516, 896516]
[896552, 896552]
[896556, 896556]
[896572, 896572]
[896588, 896588]
[896592, 896592]
[896596, 896596]
[896632, 896632]
[896636, 896636]
[896652, 896652]
[896668, 896668]
[896672, 896672]
[896676, 896676]
[896712, 896712]
[896716, 896716]
[896732, 896732]
[896748, 896748]
[896752, 896752]
[896756, 896756]
[896792, 896792]
[896796, 896796]
[896812, 896812]
[896828, 896828]
[896832, 896832]
[896836, 896836]
[896872, 896872]
[896876, 896876]
[896892, 896892]
[896908, 896908]
[896912, 896912]
[896916, 896916]
[896952, 896952]
[896956, 896956]
[896972, 896972]
[896988, 896988]
[896992, 896992]
[896996, 896996]
[897032, 897032]
[897036, 897036]
[897052, 897052]
[897068, 897068]
[897072, 897072]
[897076, 897076]
[897112, 897112]
[897116, 897116]
[897132, 897132]
[897148, 897148]
[897152, 897152]
[897156, 897156]
[897192, 897192]
[897196, 897196]
[897212, 897212]
[897228, 897228]
[897232, 897232]
[897236, 897236]
[897272, 897272]
[897276, 897276]
[897292, 897292]
[897308, 897308]
[897312, 897312]
[897316, 897316]
[897352, 897352]
[897356, 897356]
[897372, 897372]
[897388, 897388]
[897392, 897392]
[897396, 897396]
[897432, 897432]
[897436, 897436]
[897452, 897452]
[897468, 897468]
[897472, 897472]
[897476, 897476]
[897512, 897512]
[897516, 897516]
[897532, 897532]
[897548, 897548]
[897552, 897552]
[897556, 897556]
[897592, 897592]
[897596, 897596]
[897612, 897612]
[897628, 897628]
[897632, 897632]
[897636, 897636]
[897672, 897672]
[897676, 897676]
[897692, 897692]
[897708, 897708]
[897712, 897712]
[897716, 897716]
[897752, 897752]
[897756, 897756]
[897772, 897772]
[897788, 897788]
[897792, 897792]
[897796, 897796]
[897832, 897832]
[897836, 897836]
[897852, 897852]
[897868, 897868]
[897872, 897872]
[897876, 897876]
[897912, 897912]
[897916, 897916]
[897932, 897932]
[897948, 897948]
[897952, 897952]
[897956, 897956]
[897992, 897992]
[897996, 897996]
[898012, 898012]
[898028, 898028]
[898032, 898032]
[898036, 898036]
[898072, 898072]
[898076, 898076]
[898092, 898092]
[898108, 898108]
[898112, 898112]
[898116, 898116]
[898152, 898152]
[898156, 898156]
[898172, 898172]
[898188, 898188]
[898192, 898192]
[898196, 898196]
[898232, 898232]
[898236, 898236]
[898252, 898252]
[898268, 898268]
[898272, 898272]
[898276, 898276]
[898312, 898312]
[898316, 898316]
[898332, 898332]
[898348, 898348]
[898352, 898352]
[898356, 898356]
[898392, 898392]
[898396, 898396]
[898412, 898412]
[898428, 898428]
[898432, 898432]
[898436, 898436]
[898472, 898472]
[898476, 898476]
[898492, 898492]
[898508, 898508]
[898512, 898512]
[898516, 898516]
[898552, 898552]
[898556, 898556]
[898572, 898572]
[898588, 898588]
[898592, 898592]
[898596, 898596]
[898632, 898632]
[898636, 898636]
[898652, 898652]
[898668, 898668]
[898672, 898672]
[898676, 898676]
[898712, 898712]
[898716, 898716]
[898732, 898732]
[898748, 898748]
[898752, 898752]
[898756, 898756]
[898792, 898792]
[898796, 898796]
[898812, 898812]
[898828, 898828]
[898832, 898832]
[898836, 898836]
[898872, 898872]
[898876, 898876]
[898892, 898892]
[898908, 898908]
[898912, 898912]
[898916, 898916]
[898952, 898952]
[898956, 898956]
[898972, 898972]
[898988, 898988]
[898992, 898992]
[898996, 898996]
[899032, 899032]
[899036, 899036]
[899052, 899052]
[899068, 899068]
[899072, 899072]
[899076, 899076]
[899112, 899112]
[899116, 899116]
[899132, 899132]
[899148, 899148]
[899152, 899152]
[899156, 899156]
[899192, 899193]
[899196, 899196]
[899212, 899212]
[899228, 899228]
[899232, 899233]
[899236, 899237]
[899272, 899272]
[899276, 899277]
[899292, 899292]
[899308, 899308]
[899312, 899312]
[899316, 899316]
[899352, 899352]
[899356, 899356]
[899372, 899372]
[899388, 899388]
[899392, 899392]
[899396, 899396]
[899432, 899432]
[899436, 899436]
[899452, 899452]
[899468, 899468]
[899472, 899472]
[899476, 899476]
[899512, 899512]
[899516, 899516]
[899532, 899532]
[899548, 899548]
[899552, 899552]
[899556, 899556]
[899592, 899592]
[899596, 899596]
[899612, 899612]
[899628, 899628]
[899632, 899632]
[899636, 899636]
[899672, 899672]
[899676, 899676]
[899692, 899692]
[899708, 899708]
[899712, 899712]
[899716, 899716]
[899752, 899752]
[899756, 899756]
[899772, 899772]
[899788, 899788]
[899792, 899792]
[899796, 899796]
[899832, 899832]
[899836, 899836]
[899852, 899852]
[899868, 899868]
[899872, 899872]
[899876, 899876]
[899912, 899912]
[899916, 899916]
[899932, 899932]
[899948, 899948]
[899952, 899952]
[899956, 899956]
[899992, 899992]
[899996, 899996]
[900012, 900012]
[900028, 900028]
[900032, 900032]
[900036, 900036]
[900072, 900072]
[900076, 900076]
[900092, 900092]
[900108, 900108]
[900112, 900112]
[900116, 900116]
[900152, 900152]
[900156, 900156]
[900172, 900172]
[900188, 900188]
[900192, 900192]
[900196, 900196]
[900232, 900232]
[900236, 900236]
[900252, 900252]
[900268, 900268]
[900272, 900272]
[900276, 900276]
[900312, 900312]
[900316, 900316]
[900332, 900332]
[900348, 900348]
[900352, 900352]
[900356, 900356]
[900392, 900392]
[900396, 900396]
[900412, 900412]
[900428, 900428]
[900432, 900432]
[900436, 900436]
[900472, 900472]
[900476, 900476]
[900492, 900492]
[900508, 900508]
[900512, 900512]
[900516, 900516]
[900552, 900552]
[900556, 900556]
[900572, 900572]
[900588, 900588]
[900592, 900592]
[900596, 900596]
[900632, 900632]
[900636, 900636]
[900652, 900652]
[900668, 900668]
[900672, 900672]
[900676, 900676]
[900712, 900712]
[900716, 900716]
[900732, 900732]
[900748, 900748]
[900752, 900752]
[900756, 900756]
[900792, 900792]
[900796, 900796]
[900812, 900812]
[900828, 900828]
[900832, 900832]
[900836, 900836]
[900872, 900872]
[900876, 900876]
[900892, 900892]
[900908, 900908]
[900912, 900912]
[900916, 900916]
[900952, 900952]
[900956, 900956]
[900972, 900972]
[900988, 900988]
[900992, 900992]
[900996, 900996]
[901032, 901032]
[901036, 901036]
[901052, 901052]
[901068, 901068]
[901072, 901072]
[901076, 901076]
[901112, 901112]
[901116, 901116]
[901132, 901132]
[901148, 901148]
[901152, 901152]
[901156, 901156]
[901192, 901192]
[901196, 901196]
[901212, 901212]
[901228, 901228]
[901232, 901232]
[901236, 901236]
[901272, 901272]
[901276, 901276]
[901292, 901292]
[901308, 901308]
[901312, 901312]
[901316, 901316]
[901352, 901352]
[901356, 901356]
[901372, 901372]
[901388, 901388]
[901392, 901392]
[901396, 901396]
[901432, 901432]
[901436, 901436]
[901452, 901452]
[901468, 901468]
[901472, 901472]
[901476, 901476]
[901512, 901512]
[901516, 901516]
[901532, 901532]
[901548, 901548]
[901552, 901552]
[901556, 901556]
[901592, 901592]
[901596, 901596]
[901612, 901612]
[901628, 901628]
[901632, 901632]
[901636, 901636]
[901672, 901672]
[901676, 901676]
[901692, 901692]
[901708, 901708]
[901712, 901712]
[901716, 901716]
[901752, 901752]
[901756, 901756]
[901772, 901772]
[901788, 901788]
[901792, 901792]
[901796, 901796]
[901832, 901832]
[901836, 901836]
[901852, 901852]
[901868, 901868]
[901872, 901872]
[901876, 901876]
[901912, 901912]
[901916, 901916]
[901932, 901932]
[901948, 901948]
[901952, 901952]
[901956, 901956]
[901992, 901992]
[901996, 901996]
[902012, 902012]
[902028, 902028]
[902032, 902032]
[902036, 902036]
[902072, 902072]
[902076, 902076]
[902092, 902092]
[902108, 902108]
[902112, 902112]
[902116, 902116]
[902152, 902152]
[902156, 902156]
[902172, 902172]
[902188, 902188]
[902192, 902192]
[902196, 902196]
[902232, 902232]
[902236, 902236]
[902252, 902252]
[902268, 902268]
[902272, 902272]
[902276, 902276]
[902312, 902312]
[902316, 902316]
[902332, 902332]
[902348, 902348]
[902352, 902352]
[902356, 902356]
[902392, 902392]
[902396, 902396]
[902412, 902412]
[902428, 902428]
[902432, 902432]
[902436, 902436]
[902472, 902472]
[902476, 902476]
[902492, 902492]
[902508, 902508]
[902512, 902512]
[902516, 902516]
[902552, 902552]
[902556, 902556]
[902572, 902572]
[902588, 902588]
[902592, 902592]
[902596, 902596]
[902632, 902632]
[902636, 902636]
[902652, 902652]
[902668, 902668]
[902672, 902672]
[902676, 902676]
[902712, 902712]
[902716, 902716]
[902732, 902732]
[902748, 902748]
[902752, 902752]
[902756, 902756]
[902792, 902792]
[902796, 902796]
[902812, 902812]
[902828, 902828]
[902832, 902832]
[902836, 902836]
[902872, 902872]
[902876, 902876]
[902892, 902892]
[902908, 902908]
[902912, 902912]
[902916, 902916]
[902952, 902952]
[902956, 902956]
[902972, 902972]
[902988, 902988]
[902992, 902992]
[902996, 902996]
[903032, 903032]
[903036, 903036]
[903052, 903052]
[903068, 903068]
[903072, 903072]
[903076, 903076]
[903112, 903112]
[903116, 903116]
[903132, 903132]
[903148, 903148]
[903152, 903152]
[903156, 903156]
[903192, 903192]
[903196, 903196]
[903212, 903212]
[903228, 903228]
[903232, 903232]
[903236, 903236]
[903272, 903272]
[903276, 903276]
[903292, 903292]
[903308, 903308]
[903312, 903312]
[903316, 903316]
[903352, 903352]
[903356, 903356]
[903372, 903372]
[903388, 903388]
[903392, 903392]
[903396, 903396]
[903432, 903432]
[903436, 903436]
[903452, 903452]
[903468, 903468]
[903472, 903472]
[903476, 903476]
[903512, 903512]
[903516, 903516]
[903532, 903532]
[903548, 903548]
[903552, 903552]
[903556, 903556]
[903592, 903592]
[903596, 903596]
[903612, 903612]
[903628, 903628]
[903632, 903632]
[903636, 903636]
[903672, 903672]
[903676, 903676]
[903692, 903692]
[903708, 903708]
[903712, 903712]
[903716, 903716]
[903752, 903752]
[903756, 903756]
[903772, 903772]
[903788, 903788]
[903792, 903792]
[903796, 903796]
[903832, 903832]
[903836, 903836]
[903852, 903852]
[903868, 903868]
[903872, 903872]
[903876, 903876]
[903912, 903912]
[903916, 903916]
[903932, 903932]
[903948, 903948]
[903952, 903952]
[903956, 903956]
[903992, 903992]
[903996, 903996]
[904012, 904012]
[904028, 904028]
[904032, 904032]
[904036, 904036]
[904072, 904072]
[904076, 904076]
[904092, 904092]
[904108, 904108]
[904112, 904112]
[904116, 904116]
[904152, 904152]
[904156, 904156]
[904172, 904172]
[904188, 904188]
[904192, 904192]
[904196, 904196]
[904232, 904232]
[904236, 904236]
[904252, 904252]
[904268, 904268]
[904272, 904272]
[904276, 904276]
[904312, 904312]
[904316, 904316]
[904332, 904332]
[904348, 904348]
[904352, 904352]
[904356, 904356]
[904392, 904392]
[904396, 904396]
[904412, 904412]
[904428, 904428]
[904432, 904432]
[904436, 904436]
[904472, 904472]
[904476, 904476]
[904492, 904492]
[904508, 904508]
[904512, 904512]
[904516, 904516]
[904552, 904552]
[904556, 904556]
[904572, 904572]
[904588, 904588]
[904592, 904592]
[904596, 904596]
[904632, 904632]
[904636, 904636]
[904652, 904652]
[904668, 904668]
[904672, 904672]
[904676, 904676]
[904712, 904712]
[904716, 904716]
[904732, 904732]
[904748, 904748]
[904752, 904752]
[904756, 904756]
[904792, 904792]
[904796, 904796]
[904812, 904812]
[904828, 904828]
[904832, 904832]
[904836, 904836]
[904872, 904872]
[904876, 904876]
[904892, 904892]
[904908, 904908]
[904912, 904912]
[904916, 904916]
[904952, 904952]
[904956, 904956]
[904972, 904972]
[904988, 904988]
[904992, 904992]
[904996, 904996]
[905032, 905032]
[905036, 905036]
[905052, 905052]
[905068, 905068]
[905072, 905072]
[905076, 905076]
[905112, 905112]
[905116, 905116]
[905132, 905132]
[905148, 905148]
[905152, 905152]
[905156, 905156]
[905192, 905192]
[905196, 905196]
[905212, 905212]
[905228, 905228]
[905232, 905232]
[905236, 905236]
[905272, 905272]
[905276, 905276]
[905292, 905292]
[905308, 905308]
[905312, 905312]
[905316, 905316]
[905352, 905352]
[905356, 905356]
[905372, 905372]
[905388, 905388]
[905392, 905392]
[905396, 905396]
[905432, 905432]
[905436, 905436]
[905452, 905452]
[905468, 905468]
[905472, 905472]
[905476, 905476]
[905512, 905512]
[905516, 905516]
[905532, 905532]
[905548, 905548]
[905552, 905552]
[905556, 905556]
[905592, 905592]
[905596, 905596]
[905612, 905612]
[905628, 905628]
[905632, 905632]
[905636, 905636]
[905672, 905672]
[905676, 905676]
[905692, 905692]
[905708, 905708]
[905712, 905712]
[905716, 905716]
[905752, 905752]
[905756, 905756]
[905772, 905772]
[905788, 905788]
[905792, 905792]
[905796, 905796]
[905832, 905832]
[905836, 905836]
[905852, 905852]
[905868, 905868]
[905872, 905872]
[905876, 905876]
[905912, 905912]
[905916, 905916]
[905932, 905932]
[905948, 905948]
[905952, 905952]
[905956, 905956]
[905992, 905992]
[905996, 905996]
[906012, 906012]
[906028, 906028]
[906032, 906032]
[906036, 906036]
[906072, 906072]
[906076, 906076]
[906092, 906092]
[906108, 906108]
[906112, 906112]
[906116, 906116]
[906152, 906152]
[906156, 906156]
[906172, 906172]
[906188, 906188]
[906192, 906192]
[906196, 906196]
[906232, 906232]
[906236, 906236]
[906252, 906252]
[906268, 906268]
[906272, 906272]
[906276, 906276]
[906312, 906312]
[906316, 906316]
[906332, 906332]
[906348, 906348]
[906352, 906352]
[906356, 906356]
[906392, 906392]
[906396, 906396]
[906412, 906412]
[906428, 906428]
[906432, 906432]
[906436, 906436]
[906472, 906472]
[906476, 906476]
[906492, 906492]
[906508, 906508]
[906512, 906512]
[906516, 906516]
[906552, 906552]
[906556, 906556]
[906572, 906572]
[906588, 906588]
[906592, 906592]
[906596, 906596]
[906632, 906632]
[906636, 906636]
[906652, 906652]
[906668, 906668]
[906672, 906672]
[906676, 906676]
[906712, 906712]
[906716, 906716]
[906732, 906732]
[906748, 906748]
[906752, 906752]
[906756, 906756]
[906792, 906792]
[906796, 906796]
[906812, 906812]
[906828, 906828]
[906832, 906832]
[906836, 906836]
[906872, 906872]
[906876, 906876]
[906892, 906892]
[906908, 906908]
[906912, 906912]
[906916, 906916]
[906952, 906952]
[906956, 906956]
[906972, 906972]
[906988, 906988]
[906992, 906992]
[906996, 906996]
[907032, 907032]
[907036, 907036]
[907052, 907052]
[907068, 907068]
[907072, 907072]
[907076, 907076]
[907112, 907112]
[907116, 907116]
[907132, 907132]
[907148, 907148]
[907152, 907152]
[907156, 907156]
[907192, 907192]
[907196, 907196]
[907212, 907212]
[907228, 907228]
[907232, 907232]
[907236, 907236]
[907272, 907272]
[907276, 907276]
[907292, 907292]
[907308, 907308]
[907312, 907312]
[907316, 907316]
[907352, 907352]
[907356, 907356]
[907372, 907372]
[907388, 907388]
[907392, 907392]
[907396, 907396]
[907432, 907432]
[907436, 907436]
[907452, 907452]
[907468, 907468]
[907472, 907472]
[907476, 907476]
[907512, 907512]
[907516, 907516]
[907532, 907532]
[907548, 907548]
[907552, 907552]
[907556, 907556]
[907592, 907592]
[907596, 907596]
[907612, 907612]
[907628, 907628]
[907632, 907632]
[907636, 907636]
[907672, 907672]
[907676, 907676]
[907692, 907692]
[907708, 907708]
[907712, 907712]
[907716, 907716]
[907752, 907752]
[907756, 907756]
[907772, 907772]
[907788, 907788]
[907792, 907792]
[907796, 907796]
[907832, 907832]
[907836, 907836]
[907852, 907852]
[907868, 907868]
[907872, 907872]
[907876, 907876]
[907912, 907912]
[907916, 907916]
[907932, 907932]
[907948, 907948]
[907952, 907952]
[907956, 907956]
[907992, 907992]
[907996, 907996]
[908012, 908012]
[908028, 908028]
[908032, 908032]
[908036, 908036]
[908072, 908072]
[908076, 908076]
[908092, 908092]
[908108, 908108]
[908112, 908112]
[908116, 908116]
[908152, 908152]
[908156, 908156]
[908172, 908172]
[908188, 908188]
[908192, 908192]
[908196, 908196]
[908232, 908232]
[908236, 908236]
[908252, 908252]
[908268, 908268]
[908272, 908272]
[908276, 908276]
[908312, 908312]
[908316, 908316]
[908332, 908332]
[908348, 908348]
[908352, 908352]
[908356, 908356]
[908392, 908392]
[908396, 908396]
[908412, 908412]
[908428, 908428]
[908432, 908432]
[908436, 908436]
[908472, 908472]
[908476, 908476]
[908492, 908492]
[908508, 908508]
[908512, 908512]
[908516, 908516]
[908552, 908552]
[908556, 908556]
[908572, 908572]
[908588, 908588]
[908592, 908592]
[908596, 908596]
[908632, 908632]
[908636, 908636]
[908652, 908652]
[908668, 908668]
[908672, 908672]
[908676, 908676]
[908712, 908712]
[908716, 908716]
[908732, 908732]
[908748, 908748]
[908752, 908752]
[908756, 908756]
[908792, 908792]
[908796, 908796]
[908812, 908812]
[908828, 908828]
[908832, 908832]
[908836, 908836]
[908872, 908872]
[908876, 908876]
[908892, 908892]
[908908, 908908]
[908912, 908912]
[908916, 908916]
[908952, 908952]
[908956, 908956]
[908972, 908972]
[908988, 908988]
[908992, 908992]
[908996, 908996]
[909032, 909032]
[909036, 909036]
[909052, 909052]
[909068, 909068]
[909072, 909072]
[909076, 909076]
[909112, 909112]
[909116, 909116]
[909132, 909132]
[909148, 909148]
[909152, 909152]
[909156, 909156]
[909192, 909192]
[909196, 909196]
[909212, 909212]
[909228, 909228]
[909232, 909232]
[909236, 909236]
[909272, 909272]
[909276, 909276]
[909292, 909292]
[909308, 909308]
[909312, 909312]
[909316, 909316]
[909352, 909352]
[909356, 909356]
[909372, 909372]
[909388, 909388]
[909392, 909392]
[909396, 909396]
[909432, 909433]
[909436, 909436]
[909452, 909452]
[909468, 909468]
[909472, 909473]
[909476, 909477]
[909512, 909512]
[909516, 909517]
[909532, 909532]
[909548, 909548]
[909552, 909552]
[909556, 909556]
[909592, 909592]
[909596, 909596]
[909612, 909612]
[909628, 909628]
[909632, 909632]
[909636, 909636]
[909672, 909672]
[909676, 909676]
[909692, 909692]
[909708, 909708]
[909712, 909712]
[909716, 909716]
[909752, 909752]
[909756, 909756]
[909772, 909772]
[909788, 909788]
[909792, 909792]
[909796, 909796]
[909832, 909832]
[909836, 909836]
[909852, 909852]
[909868, 909868]
[909872, 909872]
[909876, 909876]
[909912, 909912]
[909916, 909916]
[909932, 909932]
[909948, 909948]
[909952, 909952]
[909956, 909956]
[909992, 909992]
[909996, 909996]
[910012, 910012]
[910028, 910028]
[910032, 910032]
[910036, 910036]
[910072, 910072]
[910076, 910076]
[910092, 910092]
[910108, 910108]
[910112, 910112]
[910116, 910116]
[910152, 910152]
[910156, 910156]
[910172, 910172]
[910188, 910188]
[910192, 910192]
[910196, 910196]
[910232, 910232]
[910236, 910236]
[910252, 910252]
[910268, 910268]
[910272, 910272]
[910276, 910276]
[910312, 910312]
[910316, 910316]
[910332, 910332]
[910348, 910348]
[910352, 910352]
[910356, 910356]
[910392, 910392]
[910396, 910396]
[910412, 910412]
[910428, 910428]
[910432, 910432]
[910436, 910436]
[910472, 910472]
[910476, 910476]
[910492, 910492]
[910508, 910508]
[910512, 910512]
[910516, 910516]
[910552, 910552]
[910556, 910556]
[910572, 910572]
[910588, 910588]
[910592, 910592]
[910596, 910596]
[910632, 910632]
[910636, 910636]
[910652, 910652]
[910668, 910668]
[910672, 910672]
[910676, 910676]
[910712, 910712]
[910716, 910716]
[910732, 910732]
[910748, 910748]
[910752, 910752]
[910756, 910756]
[910792, 910792]
[910796, 910796]
[910812, 910812]
[910828, 910828]
[910832, 910832]
[910836, 910836]
[910872, 910872]
[910876, 910876]
[910892, 910892]
[910908, 910908]
[910912, 910912]
[910916, 910916]
[910952, 910952]
[910956, 910956]
[910972, 910972]
[910988, 910988]
[910992, 910992]
[910996, 910996]
[911032, 911032]
[911036, 911036]
[911052, 911052]
[911068, 911068]
[911072, 911072]
[911076, 911076]
[911112, 911112]
[911116, 911116]
[911132, 911132]
[911148, 911148]
[911152, 911152]
[911156, 911156]
[911192, 911192]
[911196, 911196]
[911212, 911212]
[911228, 911228]
[911232, 911232]
[911236, 911236]
[911272, 911272]
[911276, 911276]
[911292, 911292]
[911308, 911308]
[911312, 911312]
[911316, 911316]
[911352, 911352]
[911356, 911356]
[911372, 911372]
[911388, 911388]
[911392, 911392]
[911396, 911396]
[911432, 911432]
[911436, 911436]
[911452, 911452]
[911468, 911468]
[911472, 911472]
[911476, 911476]
[911512, 911512]
[911516, 911516]
[911532, 911532]
[911548, 911548]
[911552, 911552]
[911556, 911556]
[911592, 911592]
[911596, 911596]
[911612, 911612]
[911628, 911628]
[911632, 911632]
[911636, 911636]
[911672, 911672]
[911676, 911676]
[911692, 911692]
[911708, 911708]
[911712, 911712]
[911716, 911716]
[911752, 911752]
[911756, 911756]
[911772, 911772]
[911788, 911788]
[911792, 911792]
[911796, 911796]
[911832, 911832]
[911836, 911836]
[911852, 911852]
[911868, 911868]
[911872, 911872]
[911876, 911876]
[911912, 911912]
[911916, 911916]
[911932, 911932]
[911948, 911948]
[911952, 911952]
[911956, 911956]
[911992, 911992]
[911996, 911996]
[912012, 912012]
[912028, 912028]
[912032, 912032]
[912036, 912036]
[912072, 912072]
[912076, 912076]
[912092, 912092]
[912108, 912108]
[912112, 912112]
[912116, 912116]
[912152, 912152]
[912156, 912156]
[912172, 912172]
[912188, 912188]
[912192, 912192]
[912196, 912196]
[912232, 912232]
[912236, 912236]
[912252, 912252]
[912268, 912268]
[912272, 912272]
[912276, 912276]
[912312, 912312]
[912316, 912316]
[912332, 912332]
[912348, 912348]
[912352, 912352]
[912356, 912356]
[912392, 912392]
[912396, 912396]
[912412, 912412]
[912428, 912428]
[912432, 912432]
[912436, 912436]
[912472, 912472]
[912476, 912476]
[912492, 912492]
[912508, 912508]
[912512, 912512]
[912516, 912516]
[912552, 912552]
[912556, 912556]
[912572, 912572]
[912588, 912588]
[912592, 912592]
[912596, 912596]
[912632, 912632]
[912636, 912636]
[912652, 912652]
[912668, 912668]
[912672, 912672]
[912676, 912676]
[912712, 912712]
[912716, 912716]
[912732, 912732]
[912748, 912748]
[912752, 912752]
[912756, 912756]
[912792, 912792]
[912796, 912796]
[912812, 912812]
[912828, 912828]
[912832, 912832]
[912836, 912836]
[912872, 912872]
[912876, 912876]
[912892, 912892]
[912908, 912908]
[912912, 912912]
[912916, 912916]
[912952, 912952]
[912956, 912956]
[912972, 912972]
[912988, 912988]
[912992, 912992]
[912996, 912996]
[913032, 913032]
[913036, 913036]
[913052, 913052]
[913068, 913068]
[913072, 913072]
[913076, 913076]
[913112, 913112]
[913116, 913116]
[913132, 913132]
[913148, 913148]
[913152, 913152]
[913156, 913156]
[913192, 913192]
[913196, 913196]
[913212, 913212]
[913228, 913228]
[913232, 913232]
[913236, 913236]
[913272, 913272]
[913276, 913276]
[913292, 913292]
[913308, 913308]
[913312, 913312]
[913316, 913316]
[913352, 913352]
[913356, 913356]
[913372, 913372]
[913388, 913388]
[913392, 913392]
[913396, 913396]
[913432, 913432]
[913436, 913436]
[913452, 913452]
[913468, 913468]
[913472, 913472]
[913476, 913476]
[913512, 913512]
[913516, 913516]
[913532, 913532]
[913548, 913548]
[913552, 913552]
[913556, 913556]
[913592, 913592]
[913596, 913596]
[913612, 913612]
[913628, 913628]
[913632, 913632]
[913636, 913636]
[913672, 913672]
[913676, 913676]
[913692, 913692]
[913708, 913708]
[913712, 913712]
[913716, 913716]
[913752, 913752]
[913756, 913756]
[913772, 913772]
[913788, 913788]
[913792, 913792]
[913796, 913796]
[913832, 913832]
[913836, 913836]
[913852, 913852]
[913868, 913868]
[913872, 913872]
[913876, 913876]
[913912, 913912]
[913916, 913916]
[913932, 913932]
[913948, 913948]
[913952, 913952]
[913956, 913956]
[913992, 913992]
[913996, 913996]
[914012, 914012]
[914028, 914028]
[914032, 914032]
[914036, 914036]
[914072, 914072]
[914076, 914076]
[914092, 914092]
[914108, 914108]
[914112, 914112]
[914116, 914116]
[914152, 914152]
[914156, 914156]
[914172, 914172]
[914188, 914188]
[914192, 914192]
[914196, 914196]
[914232, 914232]
[914236, 914236]
[914252, 914252]
[914268, 914268]
[914272, 914272]
[914276, 914276]
[914312, 914312]
[914316, 914316]
[914332, 914332]
[914348, 914348]
[914352, 914352]
[914356, 914356]
[914392, 914392]
[914396, 914396]
[914412, 914412]
[914428, 914428]
[914432, 914432]
[914436, 914436]
[914472, 914472]
[914476, 914476]
[914492, 914492]
[914508, 914508]
[914512, 914512]
[914516, 914516]
[914552, 914552]
[914556, 914556]
[914572, 914572]
[914588, 914588]
[914592, 914592]
[914596, 914596]
[914632, 914632]
[914636, 914636]
[914652, 914652]
[914668, 914668]
[914672, 914672]
[914676, 914676]
[914712, 914712]
[914716, 914716]
[914732, 914732]
[914748, 914748]
[914752, 914752]
[914756, 914756]
[914792, 914792]
[914796, 914796]
[914812, 914812]
[914828, 914828]
[914832, 914832]
[914836, 914836]
[914872, 914872]
[914876, 914876]
[914892, 914892]
[914908, 914908]
[914912, 914912]
[914916, 914916]
[914952, 914952]
[914956, 914956]
[914972, 914972]
[914988, 914988]
[914992, 914992]
[914996, 914996]
[915032, 915032]
[915036, 915036]
[915052, 915052]
[915068, 915068]
[915072, 915072]
[915076, 915076]
[915112, 915112]
[915116, 915116]
[915132, 915132]
[915148, 915148]
[915152, 915152]
[915156, 915156]
[915192, 915192]
[915196, 915196]
[915212, 915212]
[915228, 915228]
[915232, 915232]
[915236, 915236]
[915272, 915272]
[915276, 915276]
[915292, 915292]
[915308, 915308]
[915312, 915312]
[915316, 915316]
[915352, 915352]
[915356, 915356]
[915372, 915372]
[915388, 915388]
[915392, 915392]
[915396, 915396]
[915432, 915432]
[915436, 915436]
[915452, 915452]
[915468, 915468]
[915472, 915472]
[915476, 915476]
[915512, 915512]
[915516, 915516]
[915532, 915532]
[915548, 915548]
[915552, 915552]
[915556, 915556]
[915592, 915592]
[915596, 915596]
[915612, 915612]
[915628, 915628]
[915632, 915632]
[915636, 915636]
[915672, 915672]
[915676, 915676]
[915692, 915692]
[915708, 915708]
[915712, 915712]
[915716, 915716]
[915752, 915752]
[915756, 915756]
[915772, 915772]
[915788, 915788]
[915792, 915792]
[915796, 915796]
[915832, 915832]
[915836, 915836]
[915852, 915852]
[915868, 915868]
[915872, 915872]
[915876, 915876]
[915912, 915912]
[915916, 915916]
[915932, 915932]
[915948, 915948]
[915952, 915952]
[915956, 915956]
[915992, 915992]
[915996, 915996]
[916012, 916012]
[916028, 916028]
[916032, 916032]
[916036, 916036]
[916072, 916072]
[916076, 916076]
[916092, 916092]
[916108, 916108]
[916112, 916112]
[916116, 916116]
[916152, 916152]
[916156, 916156]
[916172, 916172]
[916188, 916188]
[916192, 916192]
[916196, 916196]
[916232, 916232]
[916236, 916236]
[916252, 916252]
[916268, 916268]
[916272, 916272]
[916276, 916276]
[916312, 916312]
[916316, 916316]
[916332, 916332]
[916348, 916348]
[916352, 916352]
[916356, 916356]
[916392, 916392]
[916396, 916396]
[916412, 916412]
[916428, 916428]
[916432, 916432]
[916436, 916436]
[916472, 916472]
[916476, 916476]
[916492, 916492]
[916508, 916508]
[916512, 916512]
[916516, 916516]
[916552, 916552]
[916556, 916556]
[916572, 916572]
[916588, 916588]
[916592, 916592]
[916596, 916596]
[916632, 916632]
[916636, 916636]
[916652, 916652]
[916668, 916668]
[916672, 916672]
[916676, 916676]
[916712, 916712]
[916716, 916716]
[916732, 916732]
[916748, 916748]
[916752, 916752]
[916756, 916756]
[916792, 916792]
[916796, 916796]
[916812, 916812]
[916828, 916828]
[916832, 916832]
[916836, 916836]
[916872, 916872]
[916876, 916876]
[916892, 916892]
[916908, 916908]
[916912, 916912]
[916916, 916916]
[916952, 916952]
[916956, 916956]
[916972, 916972]
[916988, 916988]
[916992, 916992]
[916996, 916996]
[917032, 917032]
[917036, 917036]
[917052, 917052]
[917068, 917068]
[917072, 917072]
[917076, 917076]
[917112, 917112]
[917116, 917116]
[917132, 917132]
[917148, 917148]
[917152, 917152]
[917156, 917156]
[917192, 917192]
[917196, 917196]
[917212, 917212]
[917228, 917228]
[917232, 917232]
[917236, 917236]
[917272, 917272]
[917276, 917276]
[917292, 917292]
[917308, 917308]
[917312, 917312]
[917316, 917316]
[917352, 917352]
[917356, 917356]
[917372, 917372]
[917388, 917388]
[917392, 917392]
[917396, 917396]
[917432, 917432]
[917436, 917436]
[917452, 917452]
[917468, 917468]
[917472, 917472]
[917476, 917476]
[917512, 917512]
[917516, 917516]
[917532, 917532]
[917548, 917548]
[917552, 917552]
[917556, 917556]
[917592, 917592]
[917596, 917596]
[917612, 917612]
[917628, 917628]
[917632, 917632]
[917636, 917636]
[917672, 917672]
[917676, 917676]
[917692, 917692]
[917708, 917708]
[917712, 917712]
[917716, 917716]
[917752, 917752]
[917756, 917756]
[917772, 917772]
[917788, 917788]
[917792, 917792]
[917796, 917796]
[917832, 917832]
[917836, 917836]
[917852, 917852]
[917868, 917868]
[917872, 917872]
[917876, 917876]
[917912, 917912]
[917916, 917916]
[917932, 917932]
[917948, 917948]
[917952, 917952]
[917956, 917956]
[917992, 917992]
[917996, 917996]
[918012, 918012]
[918028, 918028]
[918032, 918032]
[918036, 918036]
[918072, 918072]
[918076, 918076]
[918092, 918092]
[918108, 918108]
[918112, 918112]
[918116, 918116]
[918152, 918152]
[918156, 918156]
[918172, 918172]
[918188, 918188]
[918192, 918192]
[918196, 918196]
[918232, 918232]
[918236, 918236]
[918252, 918252]
[918268, 918268]
[918272, 918272]
[918276, 918276]
[918312, 918312]
[918316, 918316]
[918332, 918332]
[918348, 918348]
[918352, 918352]
[918356, 918356]
[918392, 918392]
[918396, 918396]
[918412, 918412]
[918428, 918428]
[918432, 918432]
[918436, 918436]
[918472, 918472]
[918476, 918476]
[918492, 918492]
[918508, 918508]
[918512, 918512]
[918516, 918516]
[918552, 918552]
[918556, 918556]
[918572, 918572]
[918588, 918588]
[918592, 918592]
[918596, 918596]
[918632, 918632]
[918636, 918636]
[918652, 918652]
[918668, 918668]
[918672, 918672]
[918676, 918676]
[918712, 918712]
[918716, 918716]
[918732, 918732]
[918748, 918748]
[918752, 918752]
[918756, 918756]
[918792, 918792]
[918796, 918796]
[918812, 918812]
[918828, 918828]
[918832, 918832]
[918836, 918836]
[918872, 918872]
[918876, 918876]
[918892, 918892]
[918908, 918908]
[918912, 918912]
[918916, 918916]
[918952, 918952]
[918956, 918956]
[918972, 918972]
[918988, 918988]
[918992, 918992]
[918996, 918996]
[919032, 919032]
[919036, 919036]
[919052, 919052]
[919068, 919068]
[919072, 919072]
[919076, 919076]
[919112, 919112]
[919116, 919116]
[919132, 919132]
[919148, 919148]
[919152, 919152]
[919156, 919156]
[919192, 919192]
[919196, 919196]
[919212, 919212]
[919228, 919228]
[919232, 919232]
[919236, 919236]
[919272, 919272]
[919276, 919276]
[919292, 919292]
[919308, 919308]
[919312, 919312]
[919316, 919316]
[919352, 919352]
[919356, 919356]
[919372, 919372]
[919388, 919388]
[919392, 919392]
[919396, 919396]
[919432, 919432]
[919436, 919436]
[919452, 919452]
[919468, 919468]
[919472, 919472]
[919476, 919476]
[919512, 919512]
[919516, 919516]
[919532, 919532]
[919548, 919548]
[919552, 919552]
[919556, 919556]
[919592, 919592]
[919596, 919596]
[919612, 919612]
[919628, 919628]
[919632, 919632]
[919636, 919636]
[919672, 919673]
[919676, 919676]
[919692, 919692]
[919708, 919708]
[919712, 919713]
[919716, 919717]
[919752, 919752]
[919756, 919757]
[919772, 919772]
[919788, 919788]
[919792, 919792]
[919796, 919796]
[919832, 919832]
[919836, 919836]
[919852, 919852]
[919868, 919868]
[919872, 919872]
[919876, 919876]
[919912, 919912]
[919916, 919916]
[919932, 919932]
[919948, 919948]
[919952, 919952]
[919956, 919956]
[919992, 919992]
[919996, 919996]
[920012, 920012]
[920028, 920028]
[920032, 920032]
[920036, 920036]
[920072, 920072]
[920076, 920076]
[920092, 920092]
[920108, 920108]
[920112, 920112]
[920116, 920116]
[920152, 920152]
[920156, 920156]
[920172, 920172]
[920188, 920188]
[920192, 920192]
[920196, 920196]
[920232, 920232]
[920236, 920236]
[920252, 920252]
[920268, 920268]
[920272, 920272]
[920276, 920276]
[920312, 920312]
[920316, 920316]
[920332, 920332]
[920348, 920348]
[920352, 920352]
[920356, 920356]
[920392, 920392]
[920396, 920396]
[920412, 920412]
[920428, 920428]
[920432, 920432]
[920436, 920436]
[920472, 920472]
[920476, 920476]
[920492, 920492]
[920508, 920508]
[920512, 920512]
[920516, 920516]
[920552, 920552]
[920556, 920556]
[920572, 920572]
[920588, 920588]
[920592, 920592]
[920596, 920596]
[920632, 920632]
[920636, 920636]
[920652, 920652]
[920668, 920668]
[920672, 920672]
[920676, 920676]
[920712, 920712]
[920716, 920716]
[920732, 920732]
[920748, 920748]
[920752, 920752]
[920756, 920756]
[920792, 920792]
[920796, 920796]
[920812, 920812]
[920828, 920828]
[920832, 920832]
[920836, 920836]
[920872, 920872]
[920876, 920876]
[920892, 920892]
[920908, 920908]
[920912, 920912]
[920916, 920916]
[920952, 920952]
[920956, 920956]
[920972, 920972]
[920988, 920988]
[920992, 920992]
[920996, 920996]
[921032, 921032]
[921036, 921036]
[921052, 921052]
[921068, 921068]
[921072, 921072]
[921076, 921076]
[921112, 921112]
[921116, 921116]
[921132, 921132]
[921148, 921148]
[921152, 921152]
[921156, 921156]
[921192, 921192]
[921196, 921196]
[921212, 921212]
[921228, 921228]
[921232, 921232]
[921236, 921236]
[921272, 921272]
[921276, 921276]
[921292, 921292]
[921308, 921308]
[921312, 921312]
[921316, 921316]
[921352, 921352]
[921356, 921356]
[921372, 921372]
[921388, 921388]
[921392, 921392]
[921396, 921396]
[921432, 921432]
[921436, 921436]
[921452, 921452]
[921468, 921468]
[921472, 921472]
[921476, 921476]
[921512, 921512]
[921516, 921516]
[921532, 921532]
[921548, 921548]
[921552, 921552]
[921556, 921556]
[921592, 921592]
[921596, 921596]
[921612, 921612]
[921628, 921628]
[921632, 921632]
[921636, 921636]
[921672, 921672]
[921676, 921676]
[921692, 921692]
[921708, 921708]
[921712, 921712]
[921716, 921716]
[921752, 921752]
[921756, 921756]
[921772, 921772]
[921788, 921788]
[921792, 921792]
[921796, 921796]
[921832, 921832]
[921836, 921836]
[921852, 921852]
[921868, 921868]
[921872, 921872]
[921876, 921876]
[921912, 921912]
[921916, 921916]
[921932, 921932]
[921948, 921948]
[921952, 921952]
[921956, 921956]
[921992, 921992]
[921996, 921996]
[922012, 922012]
[922028, 922028]
[922032, 922032]
[922036, 922036]
[922072, 922072]
[922076, 922076]
[922092, 922092]
[922108, 922108]
[922112, 922112]
[922116, 922116]
[922152, 922152]
[922156, 922156]
[922172, 922172]
[922188, 922188]
[922192, 922192]
[922196, 922196]
[922232, 922232]
[922236, 922236]
[922252, 922252]
[922268, 922268]
[922272, 922272]
[922276, 922276]
[922312, 922312]
[922316, 922316]
[922332, 922332]
[922348, 922348]
[922352, 922352]
[922356, 922356]
[922392, 922392]
[922396, 922396]
[922412, 922412]
[922428, 922428]
[922432, 922432]
[922436, 922436]
[922472, 922472]
[922476, 922476]
[922492, 922492]
[922508, 922508]
[922512, 922512]
[922516, 922516]
[922552, 922552]
[922556, 922556]
[922572, 922572]
[922588, 922588]
[922592, 922592]
[922596, 922596]
[922632, 922632]
[922636, 922636]
[922652, 922652]
[922668, 922668]
[922672, 922672]
[922676, 922676]
[922712, 922712]
[922716, 922716]
[922732, 922732]
[922748, 922748]
[922752, 922752]
[922756, 922756]
[922792, 922792]
[922796, 922796]
[922812, 922812]
[922828, 922828]
[922832, 922832]
[922836, 922836]
[922872, 922872]
[922876, 922876]
[922892, 922892]
[922908, 922908]
[922912, 922912]
[922916, 922916]
[922952, 922952]
[922956, 922956]
[922972, 922972]
[922988, 922988]
[922992, 922992]
[922996, 922996]
[923032, 923032]
[923036, 923036]
[923052, 923052]
[923068, 923068]
[923072, 923072]
[923076, 923076]
[923112, 923112]
[923116, 923116]
[923132, 923132]
[923148, 923148]
[923152, 923152]
[923156, 923156]
[923192, 923192]
[923196, 923196]
[923212, 923212]
[923228, 923228]
[923232, 923232]
[923236, 923236]
[923272, 923272]
[923276, 923276]
[923292, 923292]
[923308, 923308]
[923312, 923312]
[923316, 923316]
[923352, 923352]
[923356, 923356]
[923372, 923372]
[923388, 923388]
[923392, 923392]
[923396, 923396]
[923432, 923432]
[923436, 923436]
[923452, 923452]
[923468, 923468]
[923472, 923472]
[923476, 923476]
[923512, 923512]
[923516, 923516]
[923532, 923532]
[923548, 923548]
[923552, 923552]
[923556, 923556]
[923592, 923592]
[923596, 923596]
[923612, 923612]
[923628, 923628]
[923632, 923632]
[923636, 923636]
[923672, 923672]
[923676, 923676]
[923692, 923692]
[923708, 923708]
[923712, 923712]
[923716, 923716]
[923752, 923752]
[923756, 923756]
[923772, 923772]
[923788, 923788]
[923792, 923792]
[923796, 923796]
[923832, 923832]
[923836, 923836]
[923852, 923852]
[923868, 923868]
[923872, 923872]
[923876, 923876]
[923912, 923912]
[923916, 923916]
[923932, 923932]
[923948, 923948]
[923952, 923952]
[923956, 923956]
[923992, 923992]
[923996, 923996]
[924012, 924012]
[924028, 924028]
[924032, 924032]
[924036, 924036]
[924072, 924072]
[924076, 924076]
[924092, 924092]
[924108, 924108]
[924112, 924112]
[924116, 924116]
[924152, 924152]
[924156, 924156]
[924172, 924172]
[924188, 924188]
[924192, 924192]
[924196, 924196]
[924232, 924232]
[924236, 924236]
[924252, 924252]
[924268, 924268]
[924272, 924272]
[924276, 924276]
[924312, 924312]
[924316, 924316]
[924332, 924332]
[924348, 924348]
[924352, 924352]
[924356, 924356]
[924392, 924392]
[924396, 924396]
[924412, 924412]
[924428, 924428]
[924432, 924432]
[924436, 924436]
[924472, 924472]
[924476, 924476]
[924492, 924492]
[924508, 924508]
[924512, 924512]
[924516, 924516]
[924552, 924552]
[924556, 924556]
[924572, 924572]
[924588, 924588]
[924592, 924592]
[924596, 924596]
[924632, 924632]
[924636, 924636]
[924652, 924652]
[924668, 924668]
[924672, 924672]
[924676, 924676]
[924712, 924712]
[924716, 924716]
[924732, 924732]
[924748, 924748]
[924752, 924752]
[924756, 924756]
[924792, 924792]
[924796, 924796]
[924812, 924812]
[924828, 924828]
[924832, 924832]
[924836, 924836]
[924872, 924872]
[924876, 924876]
[924892, 924892]
[924908, 924908]
[924912, 924912]
[924916, 924916]
[924952, 924952]
[924956, 924956]
[924972, 924972]
[924988, 924988]
[924992, 924992]
[924996, 924996]
[925032, 925032]
[925036, 925036]
[925052, 925052]
[925068, 925068]
[925072, 925072]
[925076, 925076]
[925112, 925112]
[925116, 925116]
[925132, 925132]
[925148, 925148]
[925152, 925152]
[925156, 925156]
[925192, 925192]
[925196, 925196]
[925212, 925212]
[925228, 925228]
[925232, 925232]
[925236, 925236]
[925272, 925272]
[925276, 925276]
[925292, 925292]
[925308, 925308]
[925312, 925312]
[925316, 925316]
[925352, 925352]
[925356, 925356]
[925372, 925372]
[925388, 925388]
[925392, 925392]
[925396, 925396]
[925432, 925432]
[925436, 925436]
[925452, 925452]
[925468, 925468]
[925472, 925472]
[925476, 925476]
[925512, 925512]
[925516, 925516]
[925532, 925532]
[925548, 925548]
[925552, 925552]
[925556, 925556]
[925592, 925592]
[925596, 925596]
[925612, 925612]
[925628, 925628]
[925632, 925632]
[925636, 925636]
[925672, 925672]
[925676, 925676]
[925692, 925692]
[925708, 925708]
[925712, 925712]
[925716, 925716]
[925752, 925752]
[925756, 925756]
[925772, 925772]
[925788, 925788]
[925792, 925792]
[925796, 925796]
[925832, 925832]
[925836, 925836]
[925852, 925852]
[925868, 925868]
[925872, 925872]
[925876, 925876]
[925912, 925912]
[925916, 925916]
[925932, 925932]
[925948, 925948]
[925952, 925952]
[925956, 925956]
[925992, 925992]
[925996, 925996]
[926012, 926012]
[926028, 926028]
[926032, 926032]
[926036, 926036]
[926072, 926072]
[926076, 926076]
[926092, 926092]
[926108, 926108]
[926112, 926112]
[926116, 926116]
[926152, 926152]
[926156, 926156]
[926172, 926172]
[926188, 926188]
[926192, 926192]
[926196, 926196]
[926232, 926232]
[926236, 926236]
[926252, 926252]
[926268, 926268]
[926272, 926272]
[926276, 926276]
[926312, 926312]
[926316, 926316]
[926332, 926332]
[926348, 926348]
[926352, 926352]
[926356, 926356]
[926392, 926392]
[926396, 926396]
[926412, 926412]
[926428, 926428]
[926432, 926432]
[926436, 926436]
[926472, 926472]
[926476, 926476]
[926492, 926492]
[926508, 926508]
[926512, 926512]
[926516, 926516]
[926552, 926552]
[926556, 926556]
[926572, 926572]
[926588, 926588]
[926592, 926592]
[926596, 926596]
[926632, 926632]
[926636, 926636]
[926652, 926652]
[926668, 926668]
[926672, 926672]
[926676, 926676]
[926712, 926712]
[926716, 926716]
[926732, 926732]
[926748, 926748]
[926752, 926752]
[926756, 926756]
[926792, 926792]
[926796, 926796]
[926812, 926812]
[926828, 926828]
[926832, 926832]
[926836, 926836]
[926872, 926872]
[926876, 926876]
[926892, 926892]
[926908, 926908]
[926912, 926912]
[926916, 926916]
[926952, 926952]
[926956, 926956]
[926972, 926972]
[926988, 926988]
[926992, 926992]
[926996, 926996]
[927032, 927032]
[927036, 927036]
[927052, 927052]
[927068, 927068]
[927072, 927072]
[927076, 927076]
[927112, 927112]
[927116, 927116]
[927132, 927132]
[927148, 927148]
[927152, 927152]
[927156, 927156]
[927192, 927192]
[927196, 927196]
[927212, 927212]
[927228, 927228]
[927232, 927232]
[927236, 927236]
[927272, 927272]
[927276, 927276]
[927292, 927292]
[927308, 927308]
[927312, 927312]
[927316, 927316]
[927352, 927352]
[927356, 927356]
[927372, 927372]
[927388, 927388]
[927392, 927392]
[927396, 927396]
[927432, 927432]
[927436, 927436]
[927452, 927452]
[927468, 927468]
[927472, 927472]
[927476, 927476]
[927512, 927512]
[927516, 927516]
[927532, 927532]
[927548, 927548]
[927552, 927552]
[927556, 927556]
[927592, 927592]
[927596, 927596]
[927612, 927612]
[927628, 927628]
[927632, 927632]
[927636, 927636]
[927672, 927672]
[927676, 927676]
[927692, 927692]
[927708, 927708]
[927712, 927712]
[927716, 927716]
[927752, 927752]
[927756, 927756]
[927772, 927772]
[927788, 927788]
[927792, 927792]
[927796, 927796]
[927832, 927832]
[927836, 927836]
[927852, 927852]
[927868, 927868]
[927872, 927872]
[927876, 927876]
[927912, 927912]
[927916, 927916]
[927932, 927932]
[927948, 927948]
[927952, 927952]
[927956, 927956]
[927992, 927992]
[927996, 927996]
[928012, 928012]
[928028, 928028]
[928032, 928032]
[928036, 928036]
[928072, 928072]
[928076, 928076]
[928092, 928092]
[928108, 928108]
[928112, 928112]
[928116, 928116]
[928152, 928152]
[928156, 928156]
[928172, 928172]
[928188, 928188]
[928192, 928192]
[928196, 928196]
[928232, 928232]
[928236, 928236]
[928252, 928252]
[928268, 928268]
[928272, 928272]
[928276, 928276]
[928312, 928312]
[928316, 928316]
[928332, 928332]
[928348, 928348]
[928352, 928352]
[928356, 928356]
[928392, 928392]
[928396, 928396]
[928412, 928412]
[928428, 928428]
[928432, 928432]
[928436, 928436]
[928472, 928472]
[928476, 928476]
[928492, 928492]
[928508, 928508]
[928512, 928512]
[928516, 928516]
[928552, 928552]
[928556, 928556]
[928572, 928572]
[928588, 928588]
[928592, 928592]
[928596, 928596]
[928632, 928632]
[928636, 928636]
[928652, 928652]
[928668, 928668]
[928672, 928672]
[928676, 928676]
[928712, 928712]
[928716, 928716]
[928732, 928732]
[928748, 928748]
[928752, 928752]
[928756, 928756]
[928792, 928792]
[928796, 928796]
[928812, 928812]
[928828, 928828]
[928832, 928832]
[928836, 928836]
[928872, 928872]
[928876, 928876]
[928892, 928892]
[928908, 928908]
[928912, 928912]
[928916, 928916]
[928952, 928952]
[928956, 928956]
[928972, 928972]
[928988, 928988]
[928992, 928992]
[928996, 928996]
[929032, 929032]
[929036, 929036]
[929052, 929052]
[929068, 929068]
[929072, 929072]
[929076, 929076]
[929112, 929112]
[929116, 929116]
[929132, 929132]
[929148, 929148]
[929152, 929152]
[929156, 929156]
[929192, 929192]
[929196, 929196]
[929212, 929212]
[929228, 929228]
[929232, 929232]
[929236, 929236]
[929272, 929272]
[929276, 929276]
[929292, 929292]
[929308, 929308]
[929312, 929312]
[929316, 929316]
[929352, 929352]
[929356, 929356]
[929372, 929372]
[929388, 929388]
[929392, 929392]
[929396, 929396]
[929432, 929432]
[929436, 929436]
[929452, 929452]
[929468, 929468]
[929472, 929472]
[929476, 929476]
[929512, 929512]
[929516, 929516]
[929532, 929532]
[929548, 929548]
[929552, 929552]
[929556, 929556]
[929592, 929592]
[929596, 929596]
[929612, 929612]
[929628, 929628]
[929632, 929632]
[929636, 929636]
[929672, 929672]
[929676, 929676]
[929692, 929692]
[929708, 929708]
[929712, 929712]
[929716, 929716]
[929752, 929752]
[929756, 929756]
[929772, 929772]
[929788, 929788]
[929792, 929792]
[929796, 929796]
[929832, 929832]
[929836, 929836]
[929852, 929852]
[929868, 929868]
[929872, 929872]
[929876, 929876]
[929912, 929913]
[929916, 929916]
[929932, 929932]
[929948, 929948]
[929952, 929953]
[929956, 929957]
[929992, 929992]
[929996, 929997]
[930012, 930012]
[930028, 930028]
[930032, 930032]
[930036, 930036]
[930072, 930072]
[930076, 930076]
[930092, 930092]
[930108, 930108]
[930112, 930112]
[930116, 930116]
[930152, 930152]
[930156, 930156]
[930172, 930172]
[930188, 930188]
[930192, 930192]
[930196, 930196]
[930232, 930232]
[930236, 930236]
[930252, 930252]
[930268, 930268]
[930272, 930272]
[930276, 930276]
[930312, 930312]
[930316, 930316]
[930332, 930332]
[930348, 930348]
[930352, 930352]
[930356, 930356]
[930392, 930392]
[930396, 930396]
[930412, 930412]
[930428, 930428]
[930432, 930432]
[930436, 930436]
[930472, 930472]
[930476, 930476]
[930492, 930492]
[930508, 930508]
[930512, 930512]
[930516, 930516]
[930552, 930552]
[930556, 930556]
[930572, 930572]
[930588, 930588]
[930592, 930592]
[930596, 930596]
[930632, 930632]
[930636, 930636]
[930652, 930652]
[930668, 930668]
[930672, 930672]
[930676, 930676]
[930712, 930712]
[930716, 930716]
[930732, 930732]
[930748, 930748]
[930752, 930752]
[930756, 930756]
[930792, 930792]
[930796, 930796]
[930812, 930812]
[930828, 930828]
[930832, 930832]
[930836, 930836]
[930872, 930872]
[930876, 930876]
[930892, 930892]
[930908, 930908]
[930912, 930912]
[930916, 930916]
[930952, 930952]
[930956, 930956]
[930972, 930972]
[930988, 930988]
[930992, 930992]
[930996, 930996]
[931032, 931032]
[931036, 931036]
[931052, 931052]
[931068, 931068]
[931072, 931072]
[931076, 931076]
[931112, 931112]
[931116, 931116]
[931132, 931132]
[931148, 931148]
[931152, 931152]
[931156, 931156]
[931192, 931192]
[931196, 931196]
[931212, 931212]
[931228, 931228]
[931232, 931232]
[931236, 931236]
[931272, 931272]
[931276, 931276]
[931292, 931292]
[931308, 931308]
[931312, 931312]
[931316, 931316]
[931352, 931352]
[931356, 931356]
[931372, 931372]
[931388, 931388]
[931392, 931392]
[931396, 931396]
[931432, 931432]
[931436, 931436]
[931452, 931452]
[931468, 931468]
[931472, 931472]
[931476, 931476]
[931512, 931512]
[931516, 931516]
[931532, 931532]
[931548, 931548]
[931552, 931552]
[931556, 931556]
[931592, 931592]
[931596, 931596]
[931612, 931612]
[931628, 931628]
[931632, 931632]
[931636, 931636]
[931672, 931672]
[931676, 931676]
[931692, 931692]
[931708, 931708]
[931712, 931712]
[931716, 931716]
[931752, 931752]
[931756, 931756]
[931772, 931772]
[931788, 931788]
[931792, 931792]
[931796, 931796]
[931832, 931832]
[931836, 931836]
[931852, 931852]
[931868, 931868]
[931872, 931872]
[931876, 931876]
[931912, 931912]
[931916, 931916]
[931932, 931932]
[931948, 931948]
[931952, 931952]
[931956, 931956]
[931992, 931992]
[931996, 931996]
[932012, 932012]
[932028, 932028]
[932032, 932032]
[932036, 932036]
[932072, 932072]
[932076, 932076]
[932092, 932092]
[932108, 932108]
[932112, 932112]
[932116, 932116]
[932152, 932152]
[932156, 932156]
[932172, 932172]
[932188, 932188]
[932192, 932192]
[932196, 932196]
[932232, 932232]
[932236, 932236]
[932252, 932252]
[932268, 932268]
[932272, 932272]
[932276, 932276]
[932312, 932312]
[932316, 932316]
[932332, 932332]
[932348, 932348]
[932352, 932352]
[932356, 932356]
[932392, 932392]
[932396, 932396]
[932412, 932412]
[932428, 932428]
[932432, 932432]
[932436, 932436]
[932472, 932472]
[932476, 932476]
[932492, 932492]
[932508, 932508]
[932512, 932512]
[932516, 932516]
[932552, 932552]
[932556, 932556]
[932572, 932572]
[932588, 932588]
[932592, 932592]
[932596, 932596]
[932632, 932632]
[932636, 932636]
[932652, 932652]
[932668, 932668]
[932672, 932672]
[932676, 932676]
[932712, 932712]
[932716, 932716]
[932732, 932732]
[932748, 932748]
[932752, 932752]
[932756, 932756]
[932792, 932792]
[932796, 932796]
[932812, 932812]
[932828, 932828]
[932832, 932832]
[932836, 932836]
[932872, 932872]
[932876, 932876]
[932892, 932892]
[932908, 932908]
[932912, 932912]
[932916, 932916]
[932952, 932952]
[932956, 932956]
[932972, 932972]
[932988, 932988]
[932992, 932992]
[932996, 932996]
[933032, 933032]
[933036, 933036]
[933052, 933052]
[933068, 933068]
[933072, 933072]
[933076, 933076]
[933112, 933112]
[933116, 933116]
[933132, 933132]
[933148, 933148]
[933152, 933152]
[933156, 933156]
[933192, 933192]
[933196, 933196]
[933212, 933212]
[933228, 933228]
[933232, 933232]
[933236, 933236]
[933272, 933272]
[933276, 933276]
[933292, 933292]
[933308, 933308]
[933312, 933312]
[933316, 933316]
[933352, 933352]
[933356, 933356]
[933372, 933372]
[933388, 933388]
[933392, 933392]
[933396, 933396]
[933432, 933432]
[933436, 933436]
[933452, 933452]
[933468, 933468]
[933472, 933472]
[933476, 933476]
[933512, 933512]
[933516, 933516]
[933532, 933532]
[933548, 933548]
[933552, 933552]
[933556, 933556]
[933592, 933592]
[933596, 933596]
[933612, 933612]
[933628, 933628]
[933632, 933632]
[933636, 933636]
[933672, 933672]
[933676, 933676]
[933692, 933692]
[933708, 933708]
[933712, 933712]
[933716, 933716]
[933752, 933752]
[933756, 933756]
[933772, 933772]
[933788, 933788]
[933792, 933792]
[933796, 933796]
[933832, 933832]
[933836, 933836]
[933852, 933852]
[933868, 933868]
[933872, 933872]
[933876, 933876]
[933912, 933912]
[933916, 933916]
[933932, 933932]
[933948, 933948]
[933952, 933952]
[933956, 933956]
[933992, 933992]
[933996, 933996]
[934012, 934012]
[934028, 934028]
[934032, 934032]
[934036, 934036]
[934072, 934072]
[934076, 934076]
[934092, 934092]
[934108, 934108]
[934112, 934112]
[934116, 934116]
[934152, 934152]
[934156, 934156]
[934172, 934172]
[934188, 934188]
[934192, 934192]
[934196, 934196]
[934232, 934232]
[934236, 934236]
[934252, 934252]
[934268, 934268]
[934272, 934272]
[934276, 934276]
[934312, 934312]
[934316, 934316]
[934332, 934332]
[934348, 934348]
[934352, 934352]
[934356, 934356]
[934392, 934392]
[934396, 934396]
[934412, 934412]
[934428, 934428]
[934432, 934432]
[934436, 934436]
[934472, 934472]
[934476, 934476]
[934492, 934492]
[934508, 934508]
[934512, 934512]
[934516, 934516]
[934552, 934552]
[934556, 934556]
[934572, 934572]
[934588, 934588]
[934592, 934592]
[934596, 934596]
[934632, 934632]
[934636, 934636]
[934652, 934652]
[934668, 934668]
[934672, 934672]
[934676, 934676]
[934712, 934712]
[934716, 934716]
[934732, 934732]
[934748, 934748]
[934752, 934752]
[934756, 934756]
[934792, 934792]
[934796, 934796]
[934812, 934812]
[934828, 934828]
[934832, 934832]
[934836, 934836]
[934872, 934872]
[934876, 934876]
[934892, 934892]
[934908, 934908]
[934912, 934912]
[934916, 934916]
[934952, 934952]
[934956, 934956]
[934972, 934972]
[934988, 934988]
[934992, 934992]
[934996, 934996]
[935032, 935032]
[935036, 935036]
[935052, 935052]
[935068, 935068]
[935072, 935072]
[935076, 935076]
[935112, 935112]
[935116, 935116]
[935132, 935132]
[935148, 935148]
[935152, 935152]
[935156, 935156]
[935192, 935192]
[935196, 935196]
[935212, 935212]
[935228, 935228]
[935232, 935232]
[935236, 935236]
[935272, 935272]
[935276, 935276]
[935292, 935292]
[935308, 935308]
[935312, 935312]
[935316, 935316]
[935352, 935352]
[935356, 935356]
[935372, 935372]
[935388, 935388]
[935392, 935392]
[935396, 935396]
[935432, 935432]
[935436, 935436]
[935452, 935452]
[935468, 935468]
[935472, 935472]
[935476, 935476]
[935512, 935512]
[935516, 935516]
[935532, 935532]
[935548, 935548]
[935552, 935552]
[935556, 935556]
[935592, 935592]
[935596, 935596]
[935612, 935612]
[935628, 935628]
[935632, 935632]
[935636, 935636]
[935672, 935672]
[935676, 935676]
[935692, 935692]
[935708, 935708]
[935712, 935712]
[935716, 935716]
[935752, 935752]
[935756, 935756]
[935772, 935772]
[935788, 935788]
[935792, 935792]
[935796, 935796]
[935832, 935832]
[935836, 935836]
[935852, 935852]
[935868, 935868]
[935872, 935872]
[935876, 935876]
[935912, 935912]
[935916, 935916]
[935932, 935932]
[935948, 935948]
[935952, 935952]
[935956, 935956]
[935992, 935992]
[935996, 935996]
[936012, 936012]
[936028, 936028]
[936032, 936032]
[936036, 936036]
[936072, 936072]
[936076, 936076]
[936092, 936092]
[936108, 936108]
[936112, 936112]
[936116, 936116]
[936152, 936152]
[936156, 936156]
[936172, 936172]
[936188, 936188]
[936192, 936192]
[936196, 936196]
[936232, 936232]
[936236, 936236]
[936252, 936252]
[936268, 936268]
[936272, 936272]
[936276, 936276]
[936312, 936312]
[936316, 936316]
[936332, 936332]
[936348, 936348]
[936352, 936352]
[936356, 936356]
[936392, 936392]
[936396, 936396]
[936412, 936412]
[936428, 936428]
[936432, 936432]
[936436, 936436]
[936472, 936472]
[936476, 936476]
[936492, 936492]
[936508, 936508]
[936512, 936512]
[936516, 936516]
[936552, 936552]
[936556, 936556]
[936572, 936572]
[936588, 936588]
[936592, 936592]
[936596, 936596]
[936632, 936632]
[936636, 936636]
[936652, 936652]
[936668, 936668]
[936672, 936672]
[936676, 936676]
[936712, 936712]
[936716, 936716]
[936732, 936732]
[936748, 936748]
[936752, 936752]
[936756, 936756]
[936792, 936792]
[936796, 936796]
[936812, 936812]
[936828, 936828]
[936832, 936832]
[936836, 936836]
[936872, 936872]
[936876, 936876]
[936892, 936892]
[936908, 936908]
[936912, 936912]
[936916, 936916]
[936952, 936952]
[936956, 936956]
[936972, 936972]
[936988, 936988]
[936992, 936992]
[936996, 936996]
[937032, 937032]
[937036, 937036]
[937052, 937052]
[937068, 937068]
[937072, 937072]
[937076, 937076]
[937112, 937112]
[937116, 937116]
[937132, 937132]
[937148, 937148]
[937152, 937152]
[937156, 937156]
[937192, 937192]
[937196, 937196]
[937212, 937212]
[937228, 937228]
[937232, 937232]
[937236, 937236]
[937272, 937272]
[937276, 937276]
[937292, 937292]
[937308, 937308]
[937312, 937312]
[937316, 937316]
[937352, 937352]
[937356, 937356]
[937372, 937372]
[937388, 937388]
[937392, 937392]
[937396, 937396]
[937432, 937432]
[937436, 937436]
[937452, 937452]
[937468, 937468]
[937472, 937472]
[937476, 937476]
[937512, 937512]
[937516, 937516]
[937532, 937532]
[937548, 937548]
[937552, 937552]
[937556, 937556]
[937592, 937592]
[937596, 937596]
[937612, 937612]
[937628, 937628]
[937632, 937632]
[937636, 937636]
[937672, 937672]
[937676, 937676]
[937692, 937692]
[937708, 937708]
[937712, 937712]
[937716, 937716]
[937752, 937752]
[937756, 937756]
[937772, 937772]
[937788, 937788]
[937792, 937792]
[937796, 937796]
[937832, 937832]
[937836, 937836]
[937852, 937852]
[937868, 937868]
[937872, 937872]
[937876, 937876]
[937912, 937912]
[937916, 937916]
[937932, 937932]
[937948, 937948]
[937952, 937952]
[937956, 937956]
[937992, 937992]
[937996, 937996]
[938012, 938012]
[938028, 938028]
[938032, 938032]
[938036, 938036]
[938072, 938072]
[938076, 938076]
[938092, 938092]
[938108, 938108]
[938112, 938112]
[938116, 938116]
[938152, 938152]
[938156, 938156]
[938172, 938172]
[938188, 938188]
[938192, 938192]
[938196, 938196]
[938232, 938232]
[938236, 938236]
[938252, 938252]
[938268, 938268]
[938272, 938272]
[938276, 938276]
[938312, 938312]
[938316, 938316]
[938332, 938332]
[938348, 938348]
[938352, 938352]
[938356, 938356]
[938392, 938392]
[938396, 938396]
[938412, 938412]
[938428, 938428]
[938432, 938432]
[938436, 938436]
[938472, 938472]
[938476, 938476]
[938492, 938492]
[938508, 938508]
[938512, 938512]
[938516, 938516]
[938552, 938552]
[938556, 938556]
[938572, 938572]
[938588, 938588]
[938592, 938592]
[938596, 938596]
[938632, 938632]
[938636, 938636]
[938652, 938652]
[938668, 938668]
[938672, 938672]
[938676, 938676]
[938712, 938712]
[938716, 938716]
[938732, 938732]
[938748, 938748]
[938752, 938752]
[938756, 938756]
[938792, 938792]
[938796, 938796]
[938812, 938812]
[938828, 938828]
[938832, 938832]
[938836, 938836]
[938872, 938872]
[938876, 938876]
[938892, 938892]
[938908, 938908]
[938912, 938912]
[938916, 938916]
[938952, 938952]
[938956, 938956]
[938972, 938972]
[938988, 938988]
[938992, 938992]
[938996, 938996]
[939032, 939032]
[939036, 939036]
[939052, 939052]
[939068, 939068]
[939072, 939072]
[939076, 939076]
[939112, 939112]
[939116, 939116]
[939132, 939132]
[939148, 939148]
[939152, 939152]
[939156, 939156]
[939192, 939192]
[939196, 939196]
[939212, 939212]
[939228, 939228]
[939232, 939232]
[939236, 939236]
[939272, 939272]
[939276, 939276]
[939292, 939292]
[939308, 939308]
[939312, 939312]
[939316, 939316]
[939352, 939352]
[939356, 939356]
[939372, 939372]
[939388, 939388]
[939392, 939392]
[939396, 939396]
[939432, 939432]
[939436, 939436]
[939452, 939452]
[939468, 939468]
[939472, 939472]
[939476, 939476]
[939512, 939512]
[939516, 939516]
[939532, 939532]
[939548, 939548]
[939552, 939552]
[939556, 939556]
[939592, 939592]
[939596, 939596]
[939612, 939612]
[939628, 939628]
[939632, 939632]
[939636, 939636]
[939672, 939672]
[939676, 939676]
[939692, 939692]
[939708, 939708]
[939712, 939712]
[939716, 939716]
[939752, 939752]
[939756, 939756]
[939772, 939772]
[939788, 939788]
[939792, 939792]
[939796, 939796]
[939832, 939832]
[939836, 939836]
[939852, 939852]
[939868, 939868]
[939872, 939872]
[939876, 939876]
[939912, 939912]
[939916, 939916]
[939932, 939932]
[939948, 939948]
[939952, 939952]
[939956, 939956]
[939992, 939992]
[939996, 939996]
[940012, 940012]
[940028, 940028]
[940032, 940032]
[940036, 940036]
[940072, 940072]
[940076, 940076]
[940092, 940092]
[940108, 940108]
[940112, 940112]
[940116, 940116]
[940152, 940153]
[940156, 940156]
[940172, 940172]
[940188, 940188]
[940192, 940193]
[940196, 940197]
[940232, 940232]
[940236, 940237]
[940252, 940252]
[940268, 940268]
[940272, 940272]
[940276, 940276]
[940312, 940312]
[940316, 940316]
[940332, 940332]
[940348, 940348]
[940352, 940352]
[940356, 940356]
[940392, 940392]
[940396, 940396]
[940412, 940412]
[940428, 940428]
[940432, 940432]
[940436, 940436]
[940472, 940472]
[940476, 940476]
[940492, 940492]
[940508, 940508]
[940512, 940512]
[940516, 940516]
[940552, 940552]
[940556, 940556]
[940572, 940572]
[940588, 940588]
[940592, 940592]
[940596, 940596]
[940632, 940632]
[940636, 940636]
[940652, 940652]
[940668, 940668]
[940672, 940672]
[940676, 940676]
[940712, 940712]
[940716, 940716]
[940732, 940732]
[940748, 940748]
[940752, 940752]
[940756, 940756]
[940792, 940792]
[940796, 940796]
[940812, 940812]
[940828, 940828]
[940832, 940832]
[940836, 940836]
[940872, 940872]
[940876, 940876]
[940892, 940892]
[940908, 940908]
[940912, 940912]
[940916, 940916]
[940952, 940952]
[940956, 940956]
[940972, 940972]
[940988, 940988]
[940992, 940992]
[940996, 940996]
[941032, 941032]
[941036, 941036]
[941052, 941052]
[941068, 941068]
[941072, 941072]
[941076, 941076]
[941112, 941112]
[941116, 941116]
[941132, 941132]
[941148, 941148]
[941152, 941152]
[941156, 941156]
[941192, 941192]
[941196, 941196]
[941212, 941212]
[941228, 941228]
[941232, 941232]
[941236, 941236]
[941272, 941272]
[941276, 941276]
[941292, 941292]
[941308, 941308]
[941312, 941312]
[941316, 941316]
[941352, 941352]
[941356, 941356]
[941372, 941372]
[941388, 941388]
[941392, 941392]
[941396, 941396]
[941432, 941432]
[941436, 941436]
[941452, 941452]
[941468, 941468]
[941472, 941472]
[941476, 941476]
[941512, 941512]
[941516, 941516]
[941532, 941532]
[941548, 941548]
[941552, 941552]
[941556, 941556]
[941592, 941592]
[941596, 941596]
[941612, 941612]
[941628, 941628]
[941632, 941632]
[941636, 941636]
[941672, 941672]
[941676, 941676]
[941692, 941692]
[941708, 941708]
[941712, 941712]
[941716, 941716]
[941752, 941752]
[941756, 941756]
[941772, 941772]
[941788, 941788]
[941792, 941792]
[941796, 941796]
[941832, 941832]
[941836, 941836]
[941852, 941852]
[941868, 941868]
[941872, 941872]
[941876, 941876]
[941912, 941912]
[941916, 941916]
[941932, 941932]
[941948, 941948]
[941952, 941952]
[941956, 941956]
[941992, 941992]
[941996, 941996]
[942012, 942012]
[942028, 942028]
[942032, 942032]
[942036, 942036]
[942072, 942072]
[942076, 942076]
[942092, 942092]
[942108, 942108]
[942112, 942112]
[942116, 942116]
[942152, 942152]
[942156, 942156]
[942172, 942172]
[942188, 942188]
[942192, 942192]
[942196, 942196]
[942232, 942232]
[942236, 942236]
[942252, 942252]
[942268, 942268]
[942272, 942272]
[942276, 942276]
[942312, 942312]
[942316, 942316]
[942332, 942332]
[942348, 942348]
[942352, 942352]
[942356, 942356]
[942392, 942392]
[942396, 942396]
[942412, 942412]
[942428, 942428]
[942432, 942432]
[942436, 942436]
[942472, 942472]
[942476, 942476]
[942492, 942492]
[942508, 942508]
[942512, 942512]
[942516, 942516]
[942552, 942552]
[942556, 942556]
[942572, 942572]
[942588, 942588]
[942592, 942592]
[942596, 942596]
[942632, 942632]
[942636, 942636]
[942652, 942652]
[942668, 942668]
[942672, 942672]
[942676, 942676]
[942712, 942712]
[942716, 942716]
[942732, 942732]
[942748, 942748]
[942752, 942752]
[942756, 942756]
[942792, 942792]
[942796, 942796]
[942812, 942812]
[942828, 942828]
[942832, 942832]
[942836, 942836]
[942872, 942872]
[942876, 942876]
[942892, 942892]
[942908, 942908]
[942912, 942912]
[942916, 942916]
[942952, 942952]
[942956, 942956]
[942972, 942972]
[942988, 942988]
[942992, 942992]
[942996, 942996]
[943032, 943032]
[943036, 943036]
[943052, 943052]
[943068, 943068]
[943072, 943072]
[943076, 943076]
[943112, 943112]
[943116, 943116]
[943132, 943132]
[943148, 943148]
[943152, 943152]
[943156, 943156]
[943192, 943192]
[943196, 943196]
[943212, 943212]
[943228, 943228]
[943232, 943232]
[943236, 943236]
[943272, 943272]
[943276, 943276]
[943292, 943292]
[943308, 943308]
[943312, 943312]
[943316, 943316]
[943352, 943352]
[943356, 943356]
[943372, 943372]
[943388, 943388]
[943392, 943392]
[943396, 943396]
[943432, 943432]
[943436, 943436]
[943452, 943452]
[943468, 943468]
[943472, 943472]
[943476, 943476]
[943512, 943512]
[943516, 943516]
[943532, 943532]
[943548, 943548]
[943552, 943552]
[943556, 943556]
[943592, 943592]
[943596, 943596]
[943612, 943612]
[943628, 943628]
[943632, 943632]
[943636, 943636]
[943672, 943672]
[943676, 943676]
[943692, 943692]
[943708, 943708]
[943712, 943712]
[943716, 943716]
[943752, 943752]
[943756, 943756]
[943772, 943772]
[943788, 943788]
[943792, 943792]
[943796, 943796]
[943832, 943832]
[943836, 943836]
[943852, 943852]
[943868, 943868]
[943872, 943872]
[943876, 943876]
[943912, 943912]
[943916, 943916]
[943932, 943932]
[943948, 943948]
[943952, 943952]
[943956, 943956]
[943992, 943992]
[943996, 943996]
[944012, 944012]
[944028, 944028]
[944032, 944032]
[944036, 944036]
[944072, 944072]
[944076, 944076]
[944092, 944092]
[944108, 944108]
[944112, 944112]
[944116, 944116]
[944152, 944152]
[944156, 944156]
[944172, 944172]
[944188, 944188]
[944192, 944192]
[944196, 944196]
[944232, 944232]
[944236, 944236]
[944252, 944252]
[944268, 944268]
[944272, 944272]
[944276, 944276]
[944312, 944312]
[944316, 944316]
[944332, 944332]
[944348, 944348]
[944352, 944352]
[944356, 944356]
[944392, 944392]
[944396, 944396]
[944412, 944412]
[944428, 944428]
[944432, 944432]
[944436, 944436]
[944472, 944472]
[944476, 944476]
[944492, 944492]
[944508, 944508]
[944512, 944512]
[944516, 944516]
[944552, 944552]
[944556, 944556]
[944572, 944572]
[944588, 944588]
[944592, 944592]
[944596, 944596]
[944632, 944632]
[944636, 944636]
[944652, 944652]
[944668, 944668]
[944672, 944672]
[944676, 944676]
[944712, 944712]
[944716, 944716]
[944732, 944732]
[944748, 944748]
[944752, 944752]
[944756, 944756]
[944792, 944792]
[944796, 944796]
[944812, 944812]
[944828, 944828]
[944832, 944832]
[944836, 944836]
[944872, 944872]
[944876, 944876]
[944892, 944892]
[944908, 944908]
[944912, 944912]
[944916, 944916]
[944952, 944952]
[944956, 944956]
[944972, 944972]
[944988, 944988]
[944992, 944992]
[944996, 944996]
[945032, 945032]
[945036, 945036]
[945052, 945052]
[945068, 945068]
[945072, 945072]
[945076, 945076]
[945112, 945112]
[945116, 945116]
[945132, 945132]
[945148, 945148]
[945152, 945152]
[945156, 945156]
[945192, 945192]
[945196, 945196]
[945212, 945212]
[945228, 945228]
[945232, 945232]
[945236, 945236]
[945272, 945272]
[945276, 945276]
[945292, 945292]
[945308, 945308]
[945312, 945312]
[945316, 945316]
[945352, 945352]
[945356, 945356]
[945372, 945372]
[945388, 945388]
[945392, 945392]
[945396, 945396]
[945432, 945432]
[945436, 945436]
[945452, 945452]
[945468, 945468]
[945472, 945472]
[945476, 945476]
[945512, 945512]
[945516, 945516]
[945532, 945532]
[945548, 945548]
[945552, 945552]
[945556, 945556]
[945592, 945592]
[945596, 945596]
[945612, 945612]
[945628, 945628]
[945632, 945632]
[945636, 945636]
[945672, 945672]
[945676, 945676]
[945692, 945692]
[945708, 945708]
[945712, 945712]
[945716, 945716]
[945752, 945752]
[945756, 945756]
[945772, 945772]
[945788, 945788]
[945792, 945792]
[945796, 945796]
[945832, 945832]
[945836, 945836]
[945852, 945852]
[945868, 945868]
[945872, 945872]
[945876, 945876]
[945912, 945912]
[945916, 945916]
[945932, 945932]
[945948, 945948]
[945952, 945952]
[945956, 945956]
[945992, 945992]
[945996, 945996]
[946012, 946012]
[946028, 946028]
[946032, 946032]
[946036, 946036]
[946072, 946072]
[946076, 946076]
[946092, 946092]
[946108, 946108]
[946112, 946112]
[946116, 946116]
[946152, 946152]
[946156, 946156]
[946172, 946172]
[946188, 946188]
[946192, 946192]
[946196, 946196]
[946232, 946232]
[946236, 946236]
[946252, 946252]
[946268, 946268]
[946272, 946272]
[946276, 946276]
[946312, 946312]
[946316, 946316]
[946332, 946332]
[946348, 946348]
[946352, 946352]
[946356, 946356]
[946392, 946392]
[946396, 946396]
[946412, 946412]
[946428, 946428]
[946432, 946432]
[946436, 946436]
[946472, 946472]
[946476, 946476]
[946492, 946492]
[946508, 946508]
[946512, 946512]
[946516, 946516]
[946552, 946552]
[946556, 946556]
[946572, 946572]
[946588, 946588]
[946592, 946592]
[946596, 946596]
[946632, 946632]
[946636, 946636]
[946652, 946652]
[946668, 946668]
[946672, 946672]
[946676, 946676]
[946712, 946712]
[946716, 946716]
[946732, 946732]
[946748, 946748]
[946752, 946752]
[946756, 946756]
[946792, 946792]
[946796, 946796]
[946812, 946812]
[946828, 946828]
[946832, 946832]
[946836, 946836]
[946872, 946872]
[946876, 946876]
[946892, 946892]
[946908, 946908]
[946912, 946912]
[946916, 946916]
[946952, 946952]
[946956, 946956]
[946972, 946972]
[946988, 946988]
[946992, 946992]
[946996, 946996]
[947032, 947032]
[947036, 947036]
[947052, 947052]
[947068, 947068]
[947072, 947072]
[947076, 947076]
[947112, 947112]
[947116, 947116]
[947132, 947132]
[947148, 947148]
[947152, 947152]
[947156, 947156]
[947192, 947192]
[947196, 947196]
[947212, 947212]
[947228, 947228]
[947232, 947232]
[947236, 947236]
[947272, 947272]
[947276, 947276]
[947292, 947292]
[947308, 947308]
[947312, 947312]
[947316, 947316]
[947352, 947352]
[947356, 947356]
[947372, 947372]
[947388, 947388]
[947392, 947392]
[947396, 947396]
[947432, 947432]
[947436, 947436]
[947452, 947452]
[947468, 947468]
[947472, 947472]
[947476, 947476]
[947512, 947512]
[947516, 947516]
[947532, 947532]
[947548, 947548]
[947552, 947552]
[947556, 947556]
[947592, 947592]
[947596, 947596]
[947612, 947612]
[947628, 947628]
[947632, 947632]
[947636, 947636]
[947672, 947672]
[947676, 947676]
[947692, 947692]
[947708, 947708]
[947712, 947712]
[947716, 947716]
[947752, 947752]
[947756, 947756]
[947772, 947772]
[947788, 947788]
[947792, 947792]
[947796, 947796]
[947832, 947832]
[947836, 947836]
[947852, 947852]
[947868, 947868]
[947872, 947872]
[947876, 947876]
[947912, 947912]
[947916, 947916]
[947932, 947932]
[947948, 947948]
[947952, 947952]
[947956, 947956]
[947992, 947992]
[947996, 947996]
[948012, 948012]
[948028, 948028]
[948032, 948032]
[948036, 948036]
[948072, 948072]
[948076, 948076]
[948092, 948092]
[948108, 948108]
[948112, 948112]
[948116, 948116]
[948152, 948152]
[948156, 948156]
[948172, 948172]
[948188, 948188]
[948192, 948192]
[948196, 948196]
[948232, 948232]
[948236, 948236]
[948252, 948252]
[948268, 948268]
[948272, 948272]
[948276, 948276]
[948312, 948312]
[948316, 948316]
[948332, 948332]
[948348, 948348]
[948352, 948352]
[948356, 948356]
[948392, 948392]
[948396, 948396]
[948412, 948412]
[948428, 948428]
[948432, 948432]
[948436, 948436]
[948472, 948472]
[948476, 948476]
[948492, 948492]
[948508, 948508]
[948512, 948512]
[948516, 948516]
[948552, 948552]
[948556, 948556]
[948572, 948572]
[948588, 948588]
[948592, 948592]
[948596, 948596]
[948632, 948632]
[948636, 948636]
[948652, 948652]
[948668, 948668]
[948672, 948672]
[948676, 948676]
[948712, 948712]
[948716, 948716]
[948732, 948732]
[948748, 948748]
[948752, 948752]
[948756, 948756]
[948792, 948792]
[948796, 948796]
[948812, 948812]
[948828, 948828]
[948832, 948832]
[948836, 948836]
[948872, 948872]
[948876, 948876]
[948892, 948892]
[948908, 948908]
[948912, 948912]
[948916, 948916]
[948952, 948952]
[948956, 948956]
[948972, 948972]
[948988, 948988]
[948992, 948992]
[948996, 948996]
[949032, 949032]
[949036, 949036]
[949052, 949052]
[949068, 949068]
[949072, 949072]
[949076, 949076]
[949112, 949112]
[949116, 949116]
[949132, 949132]
[949148, 949148]
[949152, 949152]
[949156, 949156]
[949192, 949192]
[949196, 949196]
[949212, 949212]
[949228, 949228]
[949232, 949232]
[949236, 949236]
[949272, 949272]
[949276, 949276]
[949292, 949292]
[949308, 949308]
[949312, 949312]
[949316, 949316]
[949352, 949352]
[949356, 949356]
[949372, 949372]
[949388, 949388]
[949392, 949392]
[949396, 949396]
[949432, 949432]
[949436, 949436]
[949452, 949452]
[949468, 949468]
[949472, 949472]
[949476, 949476]
[949512, 949512]
[949516, 949516]
[949532, 949532]
[949548, 949548]
[949552, 949552]
[949556, 949556]
[949592, 949592]
[949596, 949596]
[949612, 949612]
[949628, 949628]
[949632, 949632]
[949636, 949636]
[949672, 949672]
[949676, 949676]
[949692, 949692]
[949708, 949708]
[949712, 949712]
[949716, 949716]
[949752, 949752]
[949756, 949756]
[949772, 949772]
[949788, 949788]
[949792, 949792]
[949796, 949796]
[949832, 949832]
[949836, 949836]
[949852, 949852]
[949868, 949868]
[949872, 949872]
[949876, 949876]
[949912, 949912]
[949916, 949916]
[949932, 949932]
[949948, 949948]
[949952, 949952]
[949956, 949956]
[949992, 949992]
[949996, 949996]
[950012, 950012]
[950028, 950028]
[950032, 950032]
[950036, 950036]
[950072, 950072]
[950076, 950076]
[950092, 950092]
[950108, 950108]
[950112, 950112]
[950116, 950116]
[950152, 950152]
[950156, 950156]
[950172, 950172]
[950188, 950188]
[950192, 950192]
[950196, 950196]
[950232, 950232]
[950236, 950236]
[950252, 950252]
[950268, 950268]
[950272, 950272]
[950276, 950276]
[950312, 950312]
[950316, 950316]
[950332, 950332]
[950348, 950348]
[950352, 950352]
[950356, 950356]
[950392, 950393]
[950396, 950396]
[950412, 950412]
[950428, 950428]
[950432, 950433]
[950436, 950437]
[950472, 950472]
[950476, 950477]
[950492, 950492]
[950508, 950508]
[950512, 950512]
[950516, 950516]
[950552, 950552]
[950556, 950556]
[950572, 950572]
[950588, 950588]
[950592, 950592]
[950596, 950596]
[950632, 950632]
[950636, 950636]
[950652, 950652]
[950668, 950668]
[950672, 950672]
[950676, 950676]
[950712, 950712]
[950716, 950716]
[950732, 950732]
[950748, 950748]
[950752, 950752]
[950756, 950756]
[950792, 950792]
[950796, 950796]
[950812, 950812]
[950828, 950828]
[950832, 950832]
[950836, 950836]
[950872, 950872]
[950876, 950876]
[950892, 950892]
[950908, 950908]
[950912, 950912]
[950916, 950916]
[950952, 950952]
[950956, 950956]
[950972, 950972]
[950988, 950988]
[950992, 950992]
[950996, 950996]
[951032, 951032]
[951036, 951036]
[951052, 951052]
[951068, 951068]
[951072, 951072]
[951076, 951076]
[951112, 951112]
[951116, 951116]
[951132, 951132]
[951148, 951148]
[951152, 951152]
[951156, 951156]
[951192, 951192]
[951196, 951196]
[951212, 951212]
[951228, 951228]
[951232, 951232]
[951236, 951236]
[951272, 951272]
[951276, 951276]
[951292, 951292]
[951308, 951308]
[951312, 951312]
[951316, 951316]
[951352, 951352]
[951356, 951356]
[951372, 951372]
[951388, 951388]
[951392, 951392]
[951396, 951396]
[951432, 951432]
[951436, 951436]
[951452, 951452]
[951468, 951468]
[951472, 951472]
[951476, 951476]
[951512, 951512]
[951516, 951516]
[951532, 951532]
[951548, 951548]
[951552, 951552]
[951556, 951556]
[951592, 951592]
[951596, 951596]
[951612, 951612]
[951628, 951628]
[951632, 951632]
[951636, 951636]
[951672, 951672]
[951676, 951676]
[951692, 951692]
[951708, 951708]
[951712, 951712]
[951716, 951716]
[951752, 951752]
[951756, 951756]
[951772, 951772]
[951788, 951788]
[951792, 951792]
[951796, 951796]
[951832, 951832]
[951836, 951836]
[951852, 951852]
[951868, 951868]
[951872, 951872]
[951876, 951876]
[951912, 951912]
[951916, 951916]
[951932, 951932]
[951948, 951948]
[951952, 951952]
[951956, 951956]
[951992, 951992]
[951996, 951996]
[952012, 952012]
[952028, 952028]
[952032, 952032]
[952036, 952036]
[952072, 952072]
[952076, 952076]
[952092, 952092]
[952108, 952108]
[952112, 952112]
[952116, 952116]
[952152, 952152]
[952156, 952156]
[952172, 952172]
[952188, 952188]
[952192, 952192]
[952196, 952196]
[952232, 952232]
[952236, 952236]
[952252, 952252]
[952268, 952268]
[952272, 952272]
[952276, 952276]
[952312, 952312]
[952316, 952316]
[952332, 952332]
[952348, 952348]
[952352, 952352]
[952356, 952356]
[952392, 952392]
[952396, 952396]
[952412, 952412]
[952428, 952428]
[952432, 952432]
[952436, 952436]
[952472, 952472]
[952476, 952476]
[952492, 952492]
[952508, 952508]
[952512, 952512]
[952516, 952516]
[952552, 952552]
[952556, 952556]
[952572, 952572]
[952588, 952588]
[952592, 952592]
[952596, 952596]
[952632, 952632]
[952636, 952636]
[952652, 952652]
[952668, 952668]
[952672, 952672]
[952676, 952676]
[952712, 952712]
[952716, 952716]
[952732, 952732]
[952748, 952748]
[952752, 952752]
[952756, 952756]
[952792, 952792]
[952796, 952796]
[952812, 952812]
[952828, 952828]
[952832, 952832]
[952836, 952836]
[952872, 952872]
[952876, 952876]
[952892, 952892]
[952908, 952908]
[952912, 952912]
[952916, 952916]
[952952, 952952]
[952956, 952956]
[952972, 952972]
[952988, 952988]
[952992, 952992]
[952996, 952996]
[953032, 953032]
[953036, 953036]
[953052, 953052]
[953068, 953068]
[953072, 953072]
[953076, 953076]
[953112, 953112]
[953116, 953116]
[953132, 953132]
[953148, 953148]
[953152, 953152]
[953156, 953156]
[953192, 953192]
[953196, 953196]
[953212, 953212]
[953228, 953228]
[953232, 953232]
[953236, 953236]
[953272, 953272]
[953276, 953276]
[953292, 953292]
[953308, 953308]
[953312, 953312]
[953316, 953316]
[953352, 953352]
[953356, 953356]
[953372, 953372]
[953388, 953388]
[953392, 953392]
[953396, 953396]
[953432, 953432]
[953436, 953436]
[953452, 953452]
[953468, 953468]
[953472, 953472]
[953476, 953476]
[953512, 953512]
[953516, 953516]
[953532, 953532]
[953548, 953548]
[953552, 953552]
[953556, 953556]
[953592, 953592]
[953596, 953596]
[953612, 953612]
[953628, 953628]
[953632, 953632]
[953636, 953636]
[953672, 953672]
[953676, 953676]
[953692, 953692]
[953708, 953708]
[953712, 953712]
[953716, 953716]
[953752, 953752]
[953756, 953756]
[953772, 953772]
[953788, 953788]
[953792, 953792]
[953796, 953796]
[953832, 953832]
[953836, 953836]
[953852, 953852]
[953868, 953868]
[953872, 953872]
[953876, 953876]
[953912, 953912]
[953916, 953916]
[953932, 953932]
[953948, 953948]
[953952, 953952]
[953956, 953956]
[953992, 953992]
[953996, 953996]
[954012, 954012]
[954028, 954028]
[954032, 954032]
[954036, 954036]
[954072, 954072]
[954076, 954076]
[954092, 954092]
[954108, 954108]
[954112, 954112]
[954116, 954116]
[954152, 954152]
[954156, 954156]
[954172, 954172]
[954188, 954188]
[954192, 954192]
[954196, 954196]
[954232, 954232]
[954236, 954236]
[954252, 954252]
[954268, 954268]
[954272, 954272]
[954276, 954276]
[954312, 954312]
[954316, 954316]
[954332, 954332]
[954348, 954348]
[954352, 954352]
[954356, 954356]
[954392, 954392]
[954396, 954396]
[954412, 954412]
[954428, 954428]
[954432, 954432]
[954436, 954436]
[954472, 954472]
[954476, 954476]
[954492, 954492]
[954508, 954508]
[954512, 954512]
[954516, 954516]
[954552, 954552]
[954556, 954556]
[954572, 954572]
[954588, 954588]
[954592, 954592]
[954596, 954596]
[954632, 954632]
[954636, 954636]
[954652, 954652]
[954668, 954668]
[954672, 954672]
[954676, 954676]
[954712, 954712]
[954716, 954716]
[954732, 954732]
[954748, 954748]
[954752, 954752]
[954756, 954756]
[954792, 954792]
[954796, 954796]
[954812, 954812]
[954828, 954828]
[954832, 954832]
[954836, 954836]
[954872, 954872]
[954876, 954876]
[954892, 954892]
[954908, 954908]
[954912, 954912]
[954916, 954916]
[954952, 954952]
[954956, 954956]
[954972, 954972]
[954988, 954988]
[954992, 954992]
[954996, 954996]
[955032, 955032]
[955036, 955036]
[955052, 955052]
[955068, 955068]
[955072, 955072]
[955076, 955076]
[955112, 955112]
[955116, 955116]
[955132, 955132]
[955148, 955148]
[955152, 955152]
[955156, 955156]
[955192, 955192]
[955196, 955196]
[955212, 955212]
[955228, 955228]
[955232, 955232]
[955236, 955236]
[955272, 955272]
[955276, 955276]
[955292, 955292]
[955308, 955308]
[955312, 955312]
[955316, 955316]
[955352, 955352]
[955356, 955356]
[955372, 955372]
[955388, 955388]
[955392, 955392]
[955396, 955396]
[955432, 955432]
[955436, 955436]
[955452, 955452]
[955468, 955468]
[955472, 955472]
[955476, 955476]
[955512, 955512]
[955516, 955516]
[955532, 955532]
[955548, 955548]
[955552, 955552]
[955556, 955556]
[955592, 955592]
[955596, 955596]
[955612, 955612]
[955628, 955628]
[955632, 955632]
[955636, 955636]
[955672, 955672]
[955676, 955676]
[955692, 955692]
[955708, 955708]
[955712, 955712]
[955716, 955716]
[955752, 955752]
[955756, 955756]
[955772, 955772]
[955788, 955788]
[955792, 955792]
[955796, 955796]
[955832, 955832]
[955836, 955836]
[955852, 955852]
[955868, 955868]
[955872, 955872]
[955876, 955876]
[955912, 955912]
[955916, 955916]
[955932, 955932]
[955948, 955948]
[955952, 955952]
[955956, 955956]
[955992, 955992]
[955996, 955996]
[956012, 956012]
[956028, 956028]
[956032, 956032]
[956036, 956036]
[956072, 956072]
[956076, 956076]
[956092, 956092]
[956108, 956108]
[956112, 956112]
[956116, 956116]
[956152, 956152]
[956156, 956156]
[956172, 956172]
[956188, 956188]
[956192, 956192]
[956196, 956196]
[956232, 956232]
[956236, 956236]
[956252, 956252]
[956268, 956268]
[956272, 956272]
[956276, 956276]
[956312, 956312]
[956316, 956316]
[956332, 956332]
[956348, 956348]
[956352, 956352]
[956356, 956356]
[956392, 956392]
[956396, 956396]
[956412, 956412]
[956428, 956428]
[956432, 956432]
[956436, 956436]
[956472, 956472]
[956476, 956476]
[956492, 956492]
[956508, 956508]
[956512, 956512]
[956516, 956516]
[956552, 956552]
[956556, 956556]
[956572, 956572]
[956588, 956588]
[956592, 956592]
[956596, 956596]
[956632, 956632]
[956636, 956636]
[956652, 956652]
[956668, 956668]
[956672, 956672]
[956676, 956676]
[956712, 956712]
[956716, 956716]
[956732, 956732]
[956748, 956748]
[956752, 956752]
[956756, 956756]
[956792, 956792]
[956796, 956796]
[956812, 956812]
[956828, 956828]
[956832, 956832]
[956836, 956836]
[956872, 956872]
[956876, 956876]
[956892, 956892]
[956908, 956908]
[956912, 956912]
[956916, 956916]
[956952, 956952]
[956956, 956956]
[956972, 956972]
[956988, 956988]
[956992, 956992]
[956996, 956996]
[957032, 957032]
[957036, 957036]
[957052, 957052]
[957068, 957068]
[957072, 957072]
[957076, 957076]
[957112, 957112]
[957116, 957116]
[957132, 957132]
[957148, 957148]
[957152, 957152]
[957156, 957156]
[957192, 957192]
[957196, 957196]
[957212, 957212]
[957228, 957228]
[957232, 957232]
[957236, 957236]
[957272, 957272]
[957276, 957276]
[957292, 957292]
[957308, 957308]
[957312, 957312]
[957316, 957316]
[957352, 957352]
[957356, 957356]
[957372, 957372]
[957388, 957388]
[957392, 957392]
[957396, 957396]
[957432, 957432]
[957436, 957436]
[957452, 957452]
[957468, 957468]
[957472, 957472]
[957476, 957476]
[957512, 957512]
[957516, 957516]
[957532, 957532]
[957548, 957548]
[957552, 957552]
[957556, 957556]
[957592, 957592]
[957596, 957596]
[957612, 957612]
[957628, 957628]
[957632, 957632]
[957636, 957636]
[957672, 957672]
[957676, 957676]
[957692, 957692]
[957708, 957708]
[957712, 957712]
[957716, 957716]
[957752, 957752]
[957756, 957756]
[957772, 957772]
[957788, 957788]
[957792, 957792]
[957796, 957796]
[957832, 957832]
[957836, 957836]
[957852, 957852]
[957868, 957868]
[957872, 957872]
[957876, 957876]
[957912, 957912]
[957916, 957916]
[957932, 957932]
[957948, 957948]
[957952, 957952]
[957956, 957956]
[957992, 957992]
[957996, 957996]
[958012, 958012]
[958028, 958028]
[958032, 958032]
[958036, 958036]
[958072, 958072]
[958076, 958076]
[958092, 958092]
[958108, 958108]
[958112, 958112]
[958116, 958116]
[958152, 958152]
[958156, 958156]
[958172, 958172]
[958188, 958188]
[958192, 958192]
[958196, 958196]
[958232, 958232]
[958236, 958236]
[958252, 958252]
[958268, 958268]
[958272, 958272]
[958276, 958276]
[958312, 958312]
[958316, 958316]
[958332, 958332]
[958348, 958348]
[958352, 958352]
[958356, 958356]
[958392, 958392]
[958396, 958396]
[958412, 958412]
[958428, 958428]
[958432, 958432]
[958436, 958436]
[958472, 958472]
[958476, 958476]
[958492, 958492]
[958508, 958508]
[958512, 958512]
[958516, 958516]
[958552, 958552]
[958556, 958556]
[958572, 958572]
[958588, 958588]
[958592, 958592]
[958596, 958596]
[958632, 958632]
[958636, 958636]
[958652, 958652]
[958668, 958668]
[958672, 958672]
[958676, 958676]
[958712, 958712]
[958716, 958716]
[958732, 958732]
[958748, 958748]
[958752, 958752]
[958756, 958756]
[958792, 958792]
[958796, 958796]
[958812, 958812]
[958828, 958828]
[958832, 958832]
[958836, 958836]
[958872, 958872]
[958876, 958876]
[958892, 958892]
[958908, 958908]
[958912, 958912]
[958916, 958916]
[958952, 958952]
[958956, 958956]
[958972, 958972]
[958988, 958988]
[958992, 958992]
[958996, 958996]
[959032, 959032]
[959036, 959036]
[959052, 959052]
[959068, 959068]
[959072, 959072]
[959076, 959076]
[959112, 959112]
[959116, 959116]
[959132, 959132]
[959148, 959148]
[959152, 959152]
[959156, 959156]
[959192, 959192]
[959196, 959196]
[959212, 959212]
[959228, 959228]
[959232, 959232]
[959236, 959236]
[959272, 959272]
[959276, 959276]
[959292, 959292]
[959308, 959308]
[959312, 959312]
[959316, 959316]
[959352, 959352]
[959356, 959356]
[959372, 959372]
[959388, 959388]
[959392, 959392]
[959396, 959396]
[959432, 959432]
[959436, 959436]
[959452, 959452]
[959468, 959468]
[959472, 959472]
[959476, 959476]
[959512, 959512]
[959516, 959516]
[959532, 959532]
[959548, 959548]
[959552, 959552]
[959556, 959556]
[959592, 959592]
[959596, 959596]
[959612, 959612]
[959628, 959628]
[959632, 959632]
[959636, 959636]
[959672, 959672]
[959676, 959676]
[959692, 959692]
[959708, 959708]
[959712, 959712]
[959716, 959716]
[959752, 959752]
[959756, 959756]
[959772, 959772]
[959788, 959788]
[959792, 959792]
[959796, 959796]
[959832, 959832]
[959836, 959836]
[959852, 959852]
[959868, 959868]
[959872, 959872]
[959876, 959876]
[959912, 959912]
[959916, 959916]
[959932, 959932]
[959948, 959948]
[959952, 959952]
[959956, 959956]
[959992, 959992]
[959996, 959996]
[960012, 960012]
[960028, 960028]
[960032, 960032]
[960036, 960036]
[960072, 960072]
[960076, 960076]
[960092, 960092]
[960108, 960108]
[960112, 960112]
[960116, 960116]
[960152, 960152]
[960156, 960156]
[960172, 960172]
[960188, 960188]
[960192, 960192]
[960196, 960196]
[960232, 960232]
[960236, 960236]
[960252, 960252]
[960268, 960268]
[960272, 960272]
[960276, 960276]
[960312, 960312]
[960316, 960316]
[960332, 960332]
[960348, 960348]
[960352, 960352]
[960356, 960356]
[960392, 960392]
[960396, 960396]
[960412, 960412]
[960428, 960428]
[960432, 960432]
[960436, 960436]
[960472, 960472]
[960476, 960476]
[960492, 960492]
[960508, 960508]
[960512, 960512]
[960516, 960516]
[960552, 960552]
[960556, 960556]
[960572, 960572]
[960588, 960588]
[960592, 960592]
[960596, 960596]
[960632, 960633]
[960636, 960636]
[960652, 960652]
[960668, 960668]
[960672, 960673]
[960676, 960677]
[960712, 960712]
[960716, 960717]
[960732, 960732]
[960748, 960748]
[960752, 960752]
[960756, 960756]
[960792, 960792]
[960796, 960796]
[960812, 960812]
[960828, 960828]
[960832, 960832]
[960836, 960836]
[960872, 960872]
[960876, 960876]
[960892, 960892]
[960908, 960908]
[960912, 960912]
[960916, 960916]
[960952, 960952]
[960956, 960956]
[960972, 960972]
[960988, 960988]
[960992, 960992]
[960996, 960996]
[961032, 961032]
[961036, 961036]
[961052, 961052]
[961068, 961068]
[961072, 961072]
[961076, 961076]
[961112, 961112]
[961116, 961116]
[961132, 961132]
[961148, 961148]
[961152, 961152]
[961156, 961156]
[961192, 961192]
[961196, 961196]
[961212, 961212]
[961228, 961228]
[961232, 961232]
[961236, 961236]
[961272, 961272]
[961276, 961276]
[961292, 961292]
[961308, 961308]
[961312, 961312]
[961316, 961316]
[961352, 961352]
[961356, 961356]
[961372, 961372]
[961388, 961388]
[961392, 961392]
[961396, 961396]
[961432, 961432]
[961436, 961436]
[961452, 961452]
[961468, 961468]
[961472, 961472]
[961476, 961476]
[961512, 961512]
[961516, 961516]
[961532, 961532]
[961548, 961548]
[961552, 961552]
[961556, 961556]
[961592, 961592]
[961596, 961596]
[961612, 961612]
[961628, 961628]
[961632, 961632]
[961636, 961636]
[961672, 961672]
[961676, 961676]
[961692, 961692]
[961708, 961708]
[961712, 961712]
[961716, 961716]
[961752, 961752]
[961756, 961756]
[961772, 961772]
[961788, 961788]
[961792, 961792]
[961796, 961796]
[961832, 961832]
[961836, 961836]
[961852, 961852]
[961868, 961868]
[961872, 961872]
[961876, 961876]
[961912, 961912]
[961916, 961916]
[961932, 961932]
[961948, 961948]
[961952, 961952]
[961956, 961956]
[961992, 961992]
[961996, 961996]
[962012, 962012]
[962028, 962028]
[962032, 962032]
[962036, 962036]
[962072, 962072]
[962076, 962076]
[962092, 962092]
[962108, 962108]
[962112, 962112]
[962116, 962116]
[962152, 962152]
[962156, 962156]
[962172, 962172]
[962188, 962188]
[962192, 962192]
[962196, 962196]
[962232, 962232]
[962236, 962236]
[962252, 962252]
[962268, 962268]
[962272, 962272]
[962276, 962276]
[962312, 962312]
[962316, 962316]
[962332, 962332]
[962348, 962348]
[962352, 962352]
[962356, 962356]
[962392, 962392]
[962396, 962396]
[962412, 962412]
[962428, 962428]
[962432, 962432]
[962436, 962436]
[962472, 962472]
[962476, 962476]
[962492, 962492]
[962508, 962508]
[962512, 962512]
[962516, 962516]
[962552, 962552]
[962556, 962556]
[962572, 962572]
[962588, 962588]
[962592, 962592]
[962596, 962596]
[962632, 962632]
[962636, 962636]
[962652, 962652]
[962668, 962668]
[962672, 962672]
[962676, 962676]
[962712, 962712]
[962716, 962716]
[962732, 962732]
[962748, 962748]
[962752, 962752]
[962756, 962756]
[962792, 962792]
[962796, 962796]
[962812, 962812]
[962828, 962828]
[962832, 962832]
[962836, 962836]
[962872, 962872]
[962876, 962876]
[962892, 962892]
[962908, 962908]
[962912, 962912]
[962916, 962916]
[962952, 962952]
[962956, 962956]
[962972, 962972]
[962988, 962988]
[962992, 962992]
[962996, 962996]
[963032, 963032]
[963036, 963036]
[963052, 963052]
[963068, 963068]
[963072, 963072]
[963076, 963076]
[963112, 963112]
[963116, 963116]
[963132, 963132]
[963148, 963148]
[963152, 963152]
[963156, 963156]
[963192, 963192]
[963196, 963196]
[963212, 963212]
[963228, 963228]
[963232, 963232]
[963236, 963236]
[963272, 963272]
[963276, 963276]
[963292, 963292]
[963308, 963308]
[963312, 963312]
[963316, 963316]
[963352, 963352]
[963356, 963356]
[963372, 963372]
[963388, 963388]
[963392, 963392]
[963396, 963396]
[963432, 963432]
[963436, 963436]
[963452, 963452]
[963468, 963468]
[963472, 963472]
[963476, 963476]
[963512, 963512]
[963516, 963516]
[963532, 963532]
[963548, 963548]
[963552, 963552]
[963556, 963556]
[963592, 963592]
[963596, 963596]
[963612, 963612]
[963628, 963628]
[963632, 963632]
[963636, 963636]
[963672, 963672]
[963676, 963676]
[963692, 963692]
[963708, 963708]
[963712, 963712]
[963716, 963716]
[963752, 963752]
[963756, 963756]
[963772, 963772]
[963788, 963788]
[963792, 963792]
[963796, 963796]
[963832, 963832]
[963836, 963836]
[963852, 963852]
[963868, 963868]
[963872, 963872]
[963876, 963876]
[963912, 963912]
[963916, 963916]
[963932, 963932]
[963948, 963948]
[963952, 963952]
[963956, 963956]
[963992, 963992]
[963996, 963996]
[964012, 964012]
[964028, 964028]
[964032, 964032]
[964036, 964036]
[964072, 964072]
[964076, 964076]
[964092, 964092]
[964108, 964108]
[964112, 964112]
[964116, 964116]
[964152, 964152]
[964156, 964156]
[964172, 964172]
[964188, 964188]
[964192, 964192]
[964196, 964196]
[964232, 964232]
[964236, 964236]
[964252, 964252]
[964268, 964268]
[964272, 964272]
[964276, 964276]
[964312, 964312]
[964316, 964316]
[964332, 964332]
[964348, 964348]
[964352, 964352]
[964356, 964356]
[964392, 964392]
[964396, 964396]
[964412, 964412]
[964428, 964428]
[964432, 964432]
[964436, 964436]
[964472, 964472]
[964476, 964476]
[964492, 964492]
[964508, 964508]
[964512, 964512]
[964516, 964516]
[964552, 964552]
[964556, 964556]
[964572, 964572]
[964588, 964588]
[964592, 964592]
[964596, 964596]
[964632, 964632]
[964636, 964636]
[964652, 964652]
[964668, 964668]
[964672, 964672]
[964676, 964676]
[964712, 964712]
[964716, 964716]
[964732, 964732]
[964748, 964748]
[964752, 964752]
[964756, 964756]
[964832, 964832]
[964836, 964836]
[964852, 964852]
[964868, 964868]
[964872, 964872]
[964876, 964876]
[964952, 964952]
[964956, 964956]
[964972, 964972]
[964988, 964988]
[964992, 964992]
[964996, 964996]
[965072, 965072]
[965076, 965076]
[965092, 965092]
[965108, 965108]
[965112, 965112]
[965116, 965116]
[965192, 965192]
[965196, 965196]
[965212, 965212]
[965228, 965228]
[965232, 965232]
[965236, 965236]
[965312, 965312]
[965316, 965316]
[965332, 965332]
[965348, 965348]
[965352, 965352]
[965356, 965356]
[965432, 965432]
[965436, 965436]
[965452, 965452]
[965468, 965468]
[965472, 965472]
[965476, 965476]
[965552, 965552]
[965556, 965556]
[965572, 965572]
[965588, 965588]
[965592, 965592]
[965596, 965596]
[965672, 965672]
[965676, 965676]
[965692, 965692]
[965708, 965708]
[965712, 965712]
[965716, 965716]
[965792, 965792]
[965796, 965796]
[965812, 965812]
[965828, 965828]
[965832, 965832]
[965836, 965836]
[965912, 965912]
[965916, 965916]
[965932, 965932]
[965948, 965948]
[965952, 965952]
[965956, 965956]
[966032, 966032]
[966036, 966036]
[966052, 966052]
[966068, 966068]
[966072, 966072]
[966076, 966076]
[966152, 966152]
[966156, 966156]
[966172, 966172]
[966188, 966188]
[966192, 966192]
[966196, 966196]
[966272, 966272]
[966276, 966276]
[966292, 966292]
[966308, 966308]
[966312, 966312]
[966316, 966316]
[966392, 966392]
[966396, 966396]
[966412, 966412]
[966428, 966428]
[966432, 966432]
[966436, 966436]
[966512, 966512]
[966516, 966516]
[966532, 966532]
[966548, 966548]
[966552, 966552]
[966556, 966556]
[966632, 966632]
[966636, 966636]
[966652, 966652]
[966668, 966668]
[966672, 966672]
[966676, 966676]
[966752, 966752]
[966756, 966756]
[966772, 966772]
[966788, 966788]
[966792, 966792]
[966796, 966796]
[966872, 966872]
[966876, 966876]
[966892, 966892]
[966908, 966908]
[966912, 966912]
[966916, 966916]
[966992, 966992]
[966996, 966996]
[967012, 967012]
[967028, 967028]
[967032, 967032]
[967036, 967036]
[967112, 967112]
[967116, 967116]
[967132, 967132]
[967148, 967148]
[967152, 967152]
[967156, 967156]
[967232, 967232]
[967236, 967236]
[967252, 967252]
[967268, 967268]
[967272, 967272]
[967276, 967276]
[967352, 967352]
[967356, 967356]
[967372, 967372]
[967388, 967388]
[967392, 967392]
[967396, 967396]
[967472, 967472]
[967476, 967476]
[967492, 967492]
[967508, 967508]
[967512, 967512]
[967516, 967516]
[967592, 967592]
[967596, 967596]
[967612, 967612]
[967628, 967628]
[967632, 967632]
[967636, 967636]
[967712, 967712]
[967716, 967716]
[967732, 967732]
[967748, 967748]
[967752, 967752]
[967756, 967756]
[967832, 967832]
[967836, 967836]
[967852, 967852]
[967868, 967868]
[967872, 967872]
[967876, 967876]
[967952, 967952]
[967956, 967956]
[967972, 967972]
[967988, 967988]
[967992, 967992]
[967996, 967996]
[968072, 968072]
[968076, 968076]
[968092, 968092]
[968108, 968108]
[968112, 968112]
[968116, 968116]
[968192, 968192]
[968196, 968196]
[968212, 968212]
[968228, 968228]
[968232, 968232]
[968236, 968236]
[968312, 968312]
[968316, 968316]
[968332, 968332]
[968348, 968348]
[968352, 968352]
[968356, 968356]
[968432, 968432]
[968436, 968436]
[968452, 968452]
[968468, 968468]
[968472, 968472]
[968476, 968476]
[968552, 968552]
[968556, 968556]
[968572, 968572]
[968588, 968588]
[968592, 968592]
[968596, 968596]
[968672, 968672]
[968676, 968676]
[968692, 968692]
[968708, 968708]
[968712, 968712]
[968716, 968716]
[968792, 968792]
[968796, 968796]
[968812, 968812]
[968828, 968828]
[968832, 968832]
[968836, 968836]
[968912, 968912]
[968916, 968916]
[968932, 968932]
[968948, 968948]
[968952, 968952]
[968956, 968956]
[969032, 969032]
[969036, 969036]
[969052, 969052]
[969068, 969068]
[969072, 969072]
[969076, 969076]
[969152, 969152]
[969156, 969156]
[969172, 969172]
[969188, 969188]
[969192, 969192]
[969196, 969196]
[969272, 969272]
[969276, 969276]
[969292, 969292]
[969308, 969308]
[969312, 969312]
[969316, 969316]
[969392, 969392]
[969396, 969396]
[969412, 969412]
[969428, 969428]
[969432, 969432]
[969436, 969436]
[969512, 969512]
[969516, 969516]
[969532, 969532]
[969548, 969548]
[969552, 969552]
[969556, 969556]
[969632, 969632]
[969636, 969636]
[969652, 969652]
[969668, 969668]
[969672, 969672]
[969676, 969676]
[969752, 969752]
[969756, 969756]
[969772, 969772]
[969788, 969788]
[969792, 969792]
[969796, 969796]
[969872, 969872]
[969876, 969876]
[969892, 969892]
[969908, 969908]
[969912, 969912]
[969916, 969916]
[969992, 969992]
[969996, 969996]
[970012, 970012]
[970028, 970028]
[970032, 970032]
[970036, 970036]
[970112, 970112]
[970116, 970116]
[970132, 970132]
[970148, 970148]
[970152, 970152]
[970156, 970156]
[970232, 970232]
[970236, 970236]
[970252, 970252]
[970268, 970268]
[970272, 970272]
[970276, 970276]
[970352, 970352]
[970356, 970356]
[970372, 970372]
[970388, 970388]
[970392, 970392]
[970396, 970396]
[970472, 970472]
[970476, 970476]
[970492, 970492]
[970508, 970508]
[970512, 970512]
[970516, 970516]
[970592, 970592]
[970596, 970596]
[970612, 970612]
[970628, 970628]
[970632, 970632]
[970636, 970636]
[970712, 970712]
[970716, 970716]
[970732, 970732]
[970748, 970748]
[970752, 970752]
[970756, 970756]
[970832, 970832]
[970836, 970836]
[970852, 970852]
[970868, 970868]
[970872, 970872]
[970876, 970876]
[970952, 970952]
[970956, 970956]
[970972, 970972]
[970988, 970988]
[970992, 970992]
[970996, 970996]
[971072, 971072]
[971076, 971076]
[971092, 971092]
[971108, 971108]
[971112, 971112]
[971116, 971116]
[971192, 971192]
[971196, 971196]
[971212, 971212]
[971228, 971228]
[971232, 971232]
[971236, 971236]
[971312, 971312]
[971316, 971316]
[971332, 971332]
[971348, 971348]
[971352, 971352]
[971356, 971356]
[971432, 971432]
[971436, 971436]
[971452, 971452]
[971468, 971468]
[971472, 971472]
[971476, 971476]
[971552, 971552]
[971556, 971556]
[971572, 971572]
[971588, 971588]
[971592, 971592]
[971596, 971596]
[971672, 971672]
[971676, 971676]
[971692, 971692]
[971708, 971708]
[971712, 971712]
[971716, 971716]
[971792, 971792]
[971796, 971796]
[971812, 971812]
[971828, 971828]
[971832, 971832]
[971836, 971836]
[971912, 971912]
[971916, 971916]
[971932, 971932]
[971948, 971948]
[971952, 971952]
[971956, 971956]
[972032, 972032]
[972036, 972036]
[972052, 972052]
[972068, 972068]
[972072, 972072]
[972076, 972076]
[972152, 972152]
[972156, 972156]
[972172, 972172]
[972188, 972188]
[972192, 972192]
[972196, 972196]
[972272, 972272]
[972276, 972276]
[972292, 972292]
[972308, 972308]
[972312, 972312]
[972316, 972316]
[972392, 972392]
[972396, 972396]
[972412, 972412]
[972428, 972428]
[972432, 972432]
[972436, 972436]
[972512, 972512]
[972516, 972516]
[972532, 972532]
[972548, 972548]
[972552, 972552]
[972556, 972556]
[972632, 972632]
[972636, 972636]
[972652, 972652]
[972668, 972668]
[972672, 972672]
[972676, 972676]
[972752, 972752]
[972756, 972756]
[972772, 972772]
[972788, 972788]
[972792, 972792]
[972796, 972796]
[972872, 972872]
[972876, 972876]
[972892, 972892]
[972908, 972908]
[972912, 972912]
[972916, 972916]
[972992, 972992]
[972996, 972996]
[973012, 973012]
[973028, 973028]
[973032, 973032]
[973036, 973036]
[973112, 973112]
[973116, 973116]
[973132, 973132]
[973148, 973148]
[973152, 973152]
[973156, 973156]
[973232, 973232]
[973236, 973236]
[973252, 973252]
[973268, 973268]
[973272, 973272]
[973276, 973276]
[973352, 973352]
[973356, 973356]
[973372, 973372]
[973388, 973388]
[973392, 973392]
[973396, 973396]
[973472, 973472]
[973476, 973476]
[973492, 973492]
[973508, 973508]
[973512, 973512]
[973516, 973516]
[973592, 973592]
[973596, 973596]
[973612, 973612]
[973628, 973628]
[973632, 973632]
[973636, 973636]
[973712, 973712]
[973716, 973716]
[973732, 973732]
[973748, 973748]
[973752, 973752]
[973756, 973756]
[973832, 973832]
[973836, 973836]
[973852, 973852]
[973868, 973868]
[973872, 973872]
[973876, 973876]
[973952, 973953]
[973956, 973956]
[973972, 973972]
[973988, 973988]
[973992, 973993]
[973996, 973997]
[974072, 974072]
[974076, 974077]
[974092, 974092]
[974108, 974108]
[974112, 974112]
[974116, 974116]
[974192, 974192]
[974196, 974196]
[974212, 974212]
[974228, 974228]
[974232, 974232]
[974236, 974236]
[974312, 974312]
[974316, 974316]
[974332, 974332]
[974348, 974348]
[974352, 974352]
[974356, 974356]
[974432, 974432]
[974436, 974436]
[974452, 974452]
[974468, 974468]
[974472, 974472]
[974476, 974476]
[974552, 974552]
[974556, 974556]
[974572, 974572]
[974588, 974588]
[974592, 974592]
[974596, 974596]
[974672, 974672]
[974676, 974676]
[974692, 974692]
[974708, 974708]
[974712, 974712]
[974716, 974716]
[974792, 974792]
[974796, 974796]
[974812, 974812]
[974828, 974828]
[974832, 974832]
[974836, 974836]
[974912, 974912]
[974916, 974916]
[974932, 974932]
[974948, 974948]
[974952, 974952]
[974956, 974956]
[975032, 975032]
[975036, 975036]
[975052, 975052]
[975068, 975068]
[975072, 975072]
[975076, 975076]
[975152, 975152]
[975156, 975156]
[975172, 975172]
[975188, 975188]
[975192, 975192]
[975196, 975196]
[975272, 975272]
[975276, 975276]
[975292, 975292]
[975308, 975308]
[975312, 975312]
[975316, 975316]
[975392, 975392]
[975396, 975396]
[975412, 975412]
[975428, 975428]
[975432, 975432]
[975436, 975436]
[975512, 975512]
[975516, 975516]
[975532, 975532]
[975548, 975548]
[975552, 975552]
[975556, 975556]
[975632, 975632]
[975636, 975636]
[975652, 975652]
[975668, 975668]
[975672, 975672]
[975676, 975676]
[975752, 975752]
[975756, 975756]
[975772, 975772]
[975788, 975788]
[975792, 975792]
[975796, 975796]
[975872, 975872]
[975876, 975876]
[975892, 975892]
[975908, 975908]
[975912, 975912]
[975916, 975916]
[975992, 975992]
[975996, 975996]
[976012, 976012]
[976028, 976028]
[976032, 976032]
[976036, 976036]
[976112, 976112]
[976116, 976116]
[976132, 976132]
[976148, 976148]
[976152, 976152]
[976156, 976156]
[976232, 976232]
[976236, 976236]
[976252, 976252]
[976268, 976268]
[976272, 976272]
[976276, 976276]
[976352, 976352]
[976356, 976356]
[976372, 976372]
[976388, 976388]
[976392, 976392]
[976396, 976396]
[976472, 976472]
[976476, 976476]
[976492, 976492]
[976508, 976508]
[976512, 976512]
[976516, 976516]
[976592, 976592]
[976596, 976596]
[976612, 976612]
[976628, 976628]
[976632, 976632]
[976636, 976636]
[976712, 976712]
[976716, 976716]
[976732, 976732]
[976748, 976748]
[976752, 976752]
[976756, 976756]
[976832, 976832]
[976836, 976836]
[976852, 976852]
[976868, 976868]
[976872, 976872]
[976876, 976876]
[976952, 976952]
[976956, 976956]
[976972, 976972]
[976988, 976988]
[976992, 976992]
[976996, 976996]
[977072, 977072]
[977076, 977076]
[977092, 977092]
[977108, 977108]
[977112, 977112]
[977116, 977116]
[977192, 977192]
[977196, 977196]
[977212, 977212]
[977228, 977228]
[977232, 977232]
[977236, 977236]
[977312, 977312]
[977316, 977316]
[977332, 977332]
[977348, 977348]
[977352, 977352]
[977356, 977356]
[977432, 977432]
[977436, 977436]
[977452, 977452]
[977468, 977468]
[977472, 977472]
[977476, 977476]
[977552, 977552]
[977556, 977556]
[977572, 977572]
[977588, 977588]
[977592, 977592]
[977596, 977596]
[977672, 977672]
[977676, 977676]
[977692, 977692]
[977708, 977708]
[977712, 977712]
[977716, 977716]
[977792, 977792]
[977796, 977796]
[977812, 977812]
[977828, 977828]
[977832, 977832]
[977836, 977836]
[977912, 977912]
[977916, 977916]
[977932, 977932]
[977948, 977948]
[977952, 977952]
[977956, 977956]
[978032, 978032]
[978036, 978036]
[978052, 978052]
[978068, 978068]
[978072, 978072]
[978076, 978076]
[978152, 978152]
[978156, 978156]
[978172, 978172]
[978188, 978188]
[978192, 978192]
[978196, 978196]
[978272, 978272]
[978276, 978276]
[978292, 978292]
[978308, 978308]
[978312, 978312]
[978316, 978316]
[978392, 978392]
[978396, 978396]
[978412, 978412]
[978428, 978428]
[978432, 978432]
[978436, 978436]
[978512, 978512]
[978516, 978516]
[978532, 978532]
[978548, 978548]
[978552, 978552]
[978556, 978556]
[978632, 978632]
[978636, 978636]
[978652, 978652]
[978668, 978668]
[978672, 978672]
[978676, 978676]
[978752, 978752]
[978756, 978756]
[978836, 978836]
[978920, 978920]
[979004, 979004]
[979008, 979008]
[979088, 979088]
[979172, 979172]
[979176, 979176]
[979256, 979256]
[979340, 979340]
[979424, 979424]
[979508, 979508]
[979592, 979592]
[979676, 979676]
[979760, 979760]
[979844, 979844]
[979928, 979928]
[979980, 979980]
[979984, 979984]
[979996, 979996]
[980000, 980000]
[980004, 980004]
[980040, 980040]
[980044, 980044]
[980048, 980048]
[980084, 980084]
[980088, 980088]
[980092, 980092]
[980128, 980128]
[980132, 980132]
[980136, 980136]
[980172, 980172]
[980176, 980176]
[980180, 980180]
[980216, 980216]
[980220, 980220]
[980224, 980224]
[980248, 980248]
[980300, 980300]
[980304, 980304]
[980316, 980316]
[980320, 980320]
[980324, 980324]
[980360, 980360]
[980364, 980364]
[980368, 980368]
[980404, 980404]
[980408, 980408]
[980412, 980412]
[980448, 980448]
[980452, 980452]
[980456, 980456]
[980480, 980480]
[980484, 980484]
[980488, 980488]
[980524, 980524]
[980528, 980528]
[980532, 980532]
[980568, 980568]
[980572, 980572]
[980576, 980576]
[980612, 980612]
[980616, 980616]
[980620, 980620]
[980656, 980656]
[980660, 980660]
[980664, 980664]
[980740, 980740]
[980744, 980744]
[980748, 980748]
[980784, 980784]
[980788, 980788]
[980792, 980792]
[980868, 980868]
[980872, 980872]
[980876, 980876]
[980912, 980912]
[980916, 980916]
[980920, 980920]
[980996, 980996]
[981000, 981000]
[981004, 981004]
[981040, 981040]
[981044, 981044]
[981048, 981048]
[981124, 981124]
[981128, 981128]
[981132, 981132]
[981168, 981168]
[981220, 981220]
[981224, 981224]
[981236, 981236]
[981240, 981240]
[981244, 981244]
[981280, 981280]
[981284, 981284]
[981288, 981288]
[981324, 981324]
[981328, 981328]
[981332, 981332]
[981408, 981408]
[981412, 981412]
[981416, 981416]
[981452, 981452]
[981456, 981456]
[981460, 981460]
[981484, 981484]
[981536, 981536]
[981540, 981540]
[981552, 981552]
[981556, 981556]
[981560, 981560]
[981596, 981596]
[981600, 981600]
[981604, 981604]
[981640, 981640]
[981644, 981644]
[981648, 981648]
[981684, 981684]
[981688, 981688]
[981692, 981692]
[981728, 981728]
[981732, 981732]
[981736, 981736]
[981812, 981812]
[981816, 981816]
[981820, 981820]
[981856, 981856]
[981860, 981860]
[981864, 981864]
[981940, 981940]
[981944, 981944]
[981948, 981948]
[981984, 981984]
[981988, 981988]
[981992, 981992]
[982068, 982068]
[982072, 982072]
[982076, 982076]
[982152, 982152]
[982156, 982156]
[982160, 982160]
[982196, 982196]
[982200, 982200]
[982204, 982204]
[982280, 982280]
[982284, 982284]
[982288, 982288]
[982364, 982364]
[982368, 982368]
[982372, 982372]
[982408, 982408]
[982412, 982412]
[982416, 982416]
[982492, 982492]
[982496, 982496]
[982500, 982500]
[982536, 982536]
[982540, 982540]
[982544, 982544]
[982620, 982620]
[982624, 982624]
[982628, 982628]
[982664, 982664]
[982668, 982668]
[982672, 982672]
[982748, 982748]
[982752, 982752]
[982756, 982756]
[982792, 982792]
[982796, 982796]
[982800, 982800]
[982876, 982876]
[982880, 982880]
[982884, 982884]
[982920, 982920]
[982924, 982924]
[982928, 982928]
[983004, 983004]
[983008, 983008]
[983012, 983012]
[983088, 983088]
[983092, 983092]
[983096, 983096]
[983132, 983132]
[983136, 983136]
[983140, 983140]
[983216, 983216]
[983220, 983220]
[983224, 983224]
[983300, 983300]
[983304, 983304]
[983308, 983308]
[983384, 983384]
[983388, 983388]
[983392, 983392]
[983428, 983428]
[983432, 983432]
[983436, 983436]
[983512, 983512]
[983516, 983516]
[983520, 983520]
[983556, 983556]
[983560, 983560]
[983564, 983564]
[983640, 983640]
[983644, 983644]
[983648, 983648]
[983684, 983684]
[983688, 983688]
[983692, 983692]
[983768, 983768]
[983772, 983772]
[983776, 983776]
[983852, 983852]
[983856, 983856]
[983860, 983860]
[983936, 983936]
[983940, 983940]
[983944, 983944]
[984020, 984020]
[984024, 984024]
[984028, 984028]
[984104, 984104]
[984108, 984108]
[984112, 984112]
[984188, 984188]
[984192, 984192]
[984196, 984196]
[984272, 984272]
[984276, 984276]
[984280, 984280]
[984316, 984316]
[984320, 984320]
[984324, 984324]
[984400, 984400]
[984404, 984404]
[984408, 984408]
[984484, 984484]
[984488, 984488]
[984492, 984492]
[984568, 984568]
[984572, 984572]
[984576, 984576]
[984652, 984652]
[984656, 984656]
[984660, 984660]
[984736, 984736]
[984740, 984740]
[984744, 984744]
[984820, 984820]
[984824, 984824]
[984828, 984828]
[984904, 984904]
[984908, 984908]
[984912, 984912]
[984948, 984948]
[984952, 984952]
[984956, 984956]
[985032, 985032]
[985040, 985040]
[985076, 985076]
[985080, 985080]
[985084, 985084]
[985120, 985120]
[985124, 985124]
[985128, 985128]
[985164, 985164]
[985168, 985168]
[985172, 985172]
[985208, 985208]
[985212, 985212]
[985216, 985216]
[985252, 985252]
[985336, 985336]
[985420, 985420]
[985504, 985504]
[985588, 985588]
[985672, 985672]
[985756, 985756]
[985840, 985840]
[985924, 985924]
[985928, 985928]
[986008, 986008]
[986012, 986012]
[986028, 986028]
[986036, 986036]
[986092, 986092]
[986096, 986096]
[986100, 986100]
[986136, 986136]
[986220, 986220]
[986304, 986304]
[986308, 986308]
[986312, 986312]
[986348, 986348]
[986352, 986352]
[986356, 986356]
[986432, 986432]
[986436, 986436]
[986440, 986440]
[986476, 986476]
[986480, 986480]
[986484, 986484]
[986560, 986560]
[986564, 986564]
[986568, 986568]
[986644, 986644]
[986648, 986648]
[986652, 986652]
[986688, 986688]
[986692, 986692]
[986696, 986696]
[986772, 986772]
[986776, 986776]
[986780, 986780]
[986856, 986856]
[986860, 986860]
[986864, 986864]
[986900, 986900]
[986904, 986904]
[986908, 986908]
[986984, 986984]
[986988, 986988]
[986992, 986992]
[987028, 987028]
[987032, 987032]
[987036, 987036]
[987112, 987112]
[987116, 987116]
[987120, 987120]
[987196, 987196]
[987200, 987200]
[987204, 987204]
[987240, 987240]
[987244, 987244]
[987248, 987248]
[987324, 987324]
[987328, 987328]
[987332, 987332]
[987408, 987408]
[987412, 987412]
[987416, 987416]
[987452, 987452]
[987456, 987456]
[987460, 987460]
[987536, 987536]
[987540, 987540]
[987544, 987544]
[987580, 987580]
[987584, 987584]
[987588, 987588]
[987664, 987664]
[987668, 987668]
[987672, 987672]
[987708, 987708]
[987712, 987712]
[987716, 987716]
[987792, 987792]
[987796, 987796]
[987800, 987800]
[987836, 987836]
[987840, 987840]
[987844, 987844]
[987920, 987920]
[987924, 987924]
[987928, 987928]
[987964, 987964]
[987968, 987968]
[987972, 987972]
[988048, 988048]
[988052, 988052]
[988056, 988056]
[988132, 988132]
[988136, 988136]
[988140, 988140]
[988176, 988176]
[988180, 988180]
[988184, 988184]
[988260, 988260]
[988264, 988264]
[988268, 988268]
[988344, 988344]
[988348, 988348]
[988352, 988352]
[988428, 988428]
[988432, 988432]
[988436, 988436]
[988472, 988472]
[988476, 988476]
[988480, 988480]
[988556, 988556]
[988560, 988560]
[988564, 988564]
[988600, 988600]
[988604, 988604]
[988608, 988608]
[988684, 988684]
[988688, 988688]
[988692, 988692]
[988728, 988728]
[988732, 988732]
[988736, 988736]
[988812, 988812]
[988816, 988816]
[988820, 988820]
[988896, 988896]
[988900, 988900]
[988904, 988904]
[988980, 988980]
[988984, 988984]
[988988, 988988]
[989064, 989064]
[989068, 989068]
[989072, 989072]
[989148, 989148]
[989152, 989152]
[989156, 989156]
[989232, 989232]
[989236, 989236]
[989240, 989240]
[989316, 989316]
[989320, 989320]
[989324, 989324]
[989360, 989360]
[989364, 989364]
[989368, 989368]
[989444, 989444]
[989448, 989448]
[989452, 989452]
[989528, 989528]
[989532, 989532]
[989536, 989536]
[989612, 989612]
[989616, 989616]
[989620, 989620]
[989696, 989696]
[989700, 989700]
[989704, 989704]
[989780, 989780]
[989784, 989784]
[989788, 989788]
[989864, 989864]
[989868, 989868]
[989872, 989872]
[989948, 989948]
[989952, 989952]
[989956, 989956]
[989992, 989992]
[989996, 989996]
[990000, 990000]
[990076, 990076]
[990084, 990084]
[990120, 990120]
[990124, 990124]
[990128, 990128]
[990164, 990164]
[990168, 990168]
[990172, 990172]
[990208, 990208]
[990212, 990212]
[990216, 990216]
[990252, 990252]
[990256, 990256]
[990260, 990260]
[990296, 990296]
[990300, 990300]
[990304, 990304]
[990340, 990340]
[990344, 990344]
[990348, 990348]
[990384, 990384]
[990388, 990389]
[990392, 990392]
[990428, 990428]
[990432, 990432]
[990436, 990436]
[990472, 990472]
[990476, 990476]
[990480, 990480]
[990516, 990517]
[990520, 990520]
[990524, 990524]
[990560, 990560]
[990564, 990564]
[990568, 990568]
[990604, 990604]
[990608, 990608]
[990612, 990612]
[990648, 990648]
[990652, 990652]
[990656, 990656]
[990692, 990692]
[990696, 990696]
[990700, 990700]
[990736, 990736]
[990740, 990740]
[990744, 990744]
[990780, 990780]
[990784, 990784]
[990788, 990788]
[990824, 990824]
[990828, 990828]
[990832, 990832]
[990868, 990868]
[990876, 990876]
[990912, 990912]
[990916, 990916]
[990920, 990920]
[990956, 990956]
[990960, 990960]
[990964, 990964]
[991040, 991040]
[991044, 991044]
[991048, 991048]
[991084, 991084]
[991088, 991088]
[991092, 991092]
[991168, 991168]
[991172, 991172]
[991176, 991176]
[991212, 991212]
[991216, 991216]
[991220, 991220]
[991296, 991296]
[991304, 991304]
[991340, 991340]
[991392, 991392]
[991396, 991396]
[991408, 991408]
[991412, 991412]
[991416, 991416]
[991452, 991452]
[991456, 991456]
[991460, 991460]
[991496, 991496]
[991500, 991500]
[991504, 991504]
[991540, 991540]
[991544, 991544]
[991548, 991548]
[991584, 991584]
[991588, 991588]
[991592, 991592]
[991616, 991616]
[991620, 991620]
[991624, 991624]
[991660, 991660]
[991664, 991664]
[991668, 991668]
[991704, 991704]
[991708, 991708]
[991712, 991712]
[991748, 991748]
[991752, 991752]
[991756, 991756]
[991792, 991792]
[991796, 991796]
[991800, 991800]
[991836, 991836]
[991840, 991840]
[991844, 991844]
[991880, 991880]
[991884, 991884]
[991888, 991888]
[991924, 991924]
[991928, 991928]
[991932, 991932]
[991968, 991968]
[992020, 992020]
[992024, 992024]
[992036, 992036]
[992040, 992040]
[992044, 992044]
[992080, 992080]
[992084, 992084]
[992088, 992088]
[992164, 992164]
[992168, 992168]
[992172, 992172]
[992208, 992208]
[992212, 992212]
[992216, 992216]
[992292, 992292]
[992296, 992296]
[992300, 992300]
[992336, 992336]
[992340, 992340]
[992344, 992344]
[992420, 992420]
[992424, 992424]
[992428, 992428]
[992464, 992464]
[992468, 992468]
[992472, 992472]
[992548, 992548]
[992552, 992552]
[992556, 992556]
[992592, 992592]
[992596, 992596]
[992600, 992600]
[992676, 992676]
[992680, 992680]
[992684, 992684]
[992720, 992720]
[992724, 992724]
[992728, 992728]
[992752, 992752]
[992756, 992756]
[992760, 992760]
[992796, 992796]
[992800, 992800]
[992804, 992804]
[992840, 992840]
[992844, 992844]
[992848, 992848]
[992884, 992884]
[992888, 992888]
[992892, 992892]
[992928, 992928]
[992932, 992932]
[992936, 992936]
[992972, 992972]
[992976, 992976]
[992980, 992980]
[993016, 993016]
[993020, 993020]
[993024, 993024]
[993060, 993060]
[993064, 993064]
[993068, 993068]
[993104, 993104]
[993108, 993108]
[993112, 993112]
[993148, 993148]
[993152, 993152]
[993156, 993156]
[993192, 993192]
[993196, 993196]
[993200, 993200]
[993236, 993236]
[993240, 993240]
[993244, 993244]
[993280, 993280]
[993284, 993284]
[993288, 993288]
[993324, 993324]
[993328, 993328]
[993332, 993332]
[993368, 993368]
[993372, 993372]
[993376, 993376]
[993412, 993412]
[993416, 993416]
[993420, 993420]
[993456, 993456]
[993460, 993460]
[993464, 993464]
[993500, 993500]
[993504, 993504]
[993508, 993508]
[993544, 993544]
[993548, 993548]
[993552, 993552]
[993588, 993588]
[993592, 993592]
[993596, 993596]
[993632, 993632]
[993636, 993636]
[993640, 993640]
[993676, 993676]
[993680, 993680]
[993684, 993684]
[993760, 993760]
[993764, 993764]
[993768, 993768]
[993804, 993804]
[993808, 993808]
[993812, 993812]
[993888, 993888]
[993892, 993892]
[993896, 993896]
[993932, 993932]
[993936, 993936]
[993940, 993940]
[994016, 994016]
[994020, 994020]
[994024, 994024]
[994060, 994060]
[994064, 994064]
[994068, 994068]
[994144, 994144]
[994148, 994148]
[994152, 994152]
[994188, 994188]
[994192, 994192]
[994196, 994196]
[994272, 994272]
[994276, 994276]
[994280, 994280]
[994316, 994316]
[994320, 994320]
[994324, 994324]
[994400, 994400]
[994404, 994404]
[994408, 994408]
[994444, 994444]
[994448, 994448]
[994452, 994452]
[994528, 994528]
[994532, 994532]
[994536, 994536]
[994572, 994572]
[994576, 994576]
[994580, 994580]
[994616, 994616]
[994620, 994620]
[994624, 994624]
[994660, 994660]
[994664, 994664]
[994668, 994668]
[994704, 994704]
[994708, 994708]
[994712, 994712]
[994748, 994748]
[994752, 994752]
[994756, 994756]
[994792, 994792]
[994796, 994796]
[994800, 994800]
[994836, 994836]
[994844, 994844]
[994880, 994880]
[994884, 994884]
[994888, 994888]
[994932, 994932]
[994936, 994936]
[994948, 994948]
[994984, 994984]
[995024, 995024]
[995028, 995028]
[995032, 995032]
[995108, 995108]
[995112, 995112]
[995116, 995116]
[995152, 995152]
[995156, 995156]
[995160, 995160]
[995236, 995236]
[995240, 995240]
[995244, 995244]
[995320, 995320]
[995324, 995324]
[995328, 995328]
[995404, 995404]
[995408, 995408]
[995412, 995412]
[995448, 995448]
[995452, 995452]
[995456, 995456]
[995532, 995532]
[995536, 995536]
[995540, 995540]
[995576, 995576]
[995580, 995580]
[995584, 995584]
[995660, 995660]
[995664, 995664]
[995668, 995668]
[995704, 995704]
[995708, 995708]
[995712, 995712]
[995788, 995788]
[995792, 995792]
[995796, 995796]
[995872, 995872]
[995876, 995876]
[995880, 995880]
[995956, 995956]
[995960, 995960]
[995964, 995964]
[996040, 996040]
[996044, 996044]
[996048, 996048]
[996124, 996124]
[996128, 996128]
[996132, 996132]
[996208, 996208]
[996212, 996212]
[996216, 996216]
[996292, 996292]
[996296, 996296]
[996300, 996300]
[996336, 996336]
[996340, 996340]
[996344, 996344]
[996420, 996420]
[996424, 996424]
[996428, 996428]
[996504, 996504]
[996508, 996508]
[996512, 996512]
[996588, 996588]
[996592, 996592]
[996596, 996596]
[996672, 996672]
[996676, 996676]
[996680, 996680]
[996756, 996756]
[996760, 996760]
[996764, 996764]
[996840, 996840]
[996844, 996844]
[996848, 996848]
[996924, 996924]
[996928, 996928]
[996932, 996932]
[996968, 996968]
[996972, 996972]
[996976, 996976]
[997052, 997052]
[997056, 997056]
[997060, 997060]
[997096, 997096]
[997100, 997100]
[997104, 997104]
[997180, 997180]
[997184, 997184]
[997188, 997188]
[997224, 997224]
[997228, 997228]
[997232, 997232]
[997308, 997308]
[997312, 997312]
[997316, 997316]
[997352, 997352]
[997356, 997356]
[997360, 997360]
[997436, 997436]
[997440, 997440]
[997444, 997444]
[997480, 997480]
[997484, 997484]
[997488, 997488]
[997564, 997564]
[997568, 997568]
[997572, 997572]
[997608, 997608]
[997612, 997612]
[997616, 997616]
[997692, 997692]
[997696, 997696]
[997700, 997700]
[997776, 997776]
[997780, 997780]
[997784, 997784]
[997860, 997860]
[997864, 997864]
[997868, 997868]
[997944, 997944]
[997948, 997948]
[997952, 997952]
[998028, 998028]
[998032, 998032]
[998036, 998036]
[998112, 998112]
[998116, 998116]
[998120, 998120]
[998156, 998156]
[998160, 998160]
[998164, 998164]
[998240, 998240]
[998244, 998244]
[998248, 998248]
[998284, 998284]
[998288, 998288]
[998292, 998292]
[998368, 998368]
[998372, 998372]
[998376, 998376]
[998412, 998412]
[998416, 998416]
[998420, 998420]
[998496, 998496]
[998500, 998500]
[998504, 998504]
[998540, 998540]
[998544, 998544]
[998548, 998548]
[998624, 998624]
[998628, 998628]
[998632, 998632]
[998668, 998668]
[998672, 998672]
[998676, 998676]
[998752, 998752]
[998756, 998756]
[998760, 998760]
[998836, 998836]
[998840, 998840]
[998844, 998844]
[998880, 998880]
[998884, 998884]
[998888, 998888]
[998964, 998964]
[998968, 998968]
[998972, 998972]
[999008, 999008]
[999012, 999012]
[999016, 999016]
[999092, 999092]
[999096, 999096]
[999100, 999100]
[999136, 999136]
[999140, 999140]
[999144, 999144]
[999220, 999220]
[999224, 999224]
[999228, 999228]
[999264, 999264]
[999268, 999268]
[999272, 999272]
[999348, 999348]
[999352, 999352]
[999356, 999356]
[999432, 999432]
[999436, 999436]
[999440, 999440]
[999476, 999476]
[999480, 999480]
[999484, 999484]
[999520, 999520]
[999524, 999524]
[999528, 999528]
[999604, 999604]
[999608, 999608]
[999612, 999612]
[999648, 999648]
[999652, 999652]
[999656, 999656]
[999732, 999732]
[999736, 999736]
[999740, 999740]
[999776, 999776]
[999780, 999780]
[999784, 999784]
[999860, 999860]
[999864, 999864]
[999868, 999868]
[999904, 999904]
[999908, 999908]
[999912, 999912]
[999988, 999988]
[999992, 999992]
[999996, 999996]
[1000072, 1000072]
[1000076, 1000076]
[1000080, 1000080]
[1000116, 1000116]
[1000120, 1000120]
[1000124, 1000124]
[1000200, 1000200]
[1000204, 1000204]
[1000208, 1000208]
[1000244, 1000244]
[1000248, 1000248]
[1000252, 1000252]
[1000328, 1000328]
[1000332, 1000332]
[1000336, 1000336]
[1000372, 1000372]
[1000376, 1000376]
[1000380, 1000380]
[1000456, 1000456]
[1000460, 1000460]
[1000464, 1000464]
[1000500, 1000500]
[1000504, 1000504]
[1000508, 1000508]
[1000584, 1000584]
[1000588, 1000588]
[1000592, 1000592]
[1000628, 1000628]
[1000632, 1000632]
[1000636, 1000636]
[1000712, 1000712]
[1000716, 1000716]
[1000720, 1000720]
[1000796, 1000796]
[1000800, 1000800]
[1000804, 1000804]
[1000840, 1000840]
[1000844, 1000844]
[1000848, 1000848]
[1000924, 1000924]
[1000928, 1000928]
[1000932, 1000932]
[1001008, 1001008]
[1001012, 1001012]
[1001016, 1001016]
[1001052, 1001052]
[1001056, 1001056]
[1001060, 1001060]
[1001096, 1001096]
[1001100, 1001100]
[1001104, 1001104]
[1001140, 1001140]
[1001144, 1001144]
[1001148, 1001148]
[1001224, 1001224]
[1001228, 1001228]
[1001232, 1001232]
[1001268, 1001268]
[1001272, 1001272]
[1001276, 1001276]
[1001312, 1001312]
[1001316, 1001316]
[1001320, 1001320]
[1001356, 1001356]
[1001360, 1001360]
[1001364, 1001364]
[1001440, 1001440]
[1001444, 1001444]
[1001448, 1001448]
[1001524, 1001524]
[1001528, 1001528]
[1001532, 1001532]
[1001568, 1001568]
[1001572, 1001572]
[1001576, 1001576]
[1001652, 1001652]
[1001656, 1001656]
[1001660, 1001660]
[1001736, 1001736]
[1001740, 1001740]
[1001744, 1001744]
[1001780, 1001780]
[1001784, 1001784]
[1001788, 1001788]
[1001864, 1001864]
[1001868, 1001868]
[1001872, 1001872]
[1001908, 1001908]
[1001912, 1001912]
[1001916, 1001916]
[1001992, 1001992]
[1001996, 1001996]
[1002000, 1002000]
[1002036, 1002036]
[1002040, 1002040]
[1002044, 1002044]
[1002120, 1002120]
[1002124, 1002124]
[1002128, 1002128]
[1002164, 1002164]
[1002168, 1002168]
[1002172, 1002172]
[1002248, 1002248]
[1002252, 1002252]
[1002256, 1002256]
[1002292, 1002292]
[1002296, 1002296]
[1002300, 1002300]
[1002376, 1002376]
[1002380, 1002380]
[1002384, 1002384]
[1002420, 1002420]
[1002424, 1002424]
[1002428, 1002428]
[1002464, 1002464]
[1002468, 1002468]
[1002472, 1002472]
[1002508, 1002508]
[1002512, 1002512]
[1002516, 1002516]
[1002552, 1002552]
[1002556, 1002556]
[1002560, 1002560]
[1002584, 1002584]
[1002588, 1002588]
[1002592, 1002592]
[1002628, 1002628]
[1002632, 1002632]
[1002636, 1002636]
[1002672, 1002672]
[1002676, 1002676]
[1002680, 1002680]
[1002716, 1002716]
[1002720, 1002720]
[1002724, 1002724]
[1002760, 1002760]
[1002764, 1002764]
[1002768, 1002768]
[1002804, 1002804]
[1002808, 1002808]
[1002812, 1002812]
[1002848, 1002848]
[1002852, 1002852]
[1002856, 1002856]
[1002892, 1002892]
[1002896, 1002896]
[1002900, 1002900]
[1002976, 1002976]
[1002980, 1002980]
[1002984, 1002984]
[1003020, 1003020]
[1003024, 1003024]
[1003028, 1003028]
[1003104, 1003104]
[1003156, 1003156]
[1003160, 1003160]
[1003172, 1003172]
[1003176, 1003176]
[1003180, 1003180]
[1003216, 1003216]
[1003220, 1003220]
[1003224, 1003224]
[1003260, 1003260]
[1003264, 1003264]
[1003268, 1003268]
[1003292, 1003292]
[1003344, 1003344]
[1003348, 1003348]
[1003360, 1003360]
[1003364, 1003364]
[1003368, 1003368]
[1003404, 1003404]
[1003408, 1003408]
[1003412, 1003412]
[1003448, 1003448]
[1003452, 1003452]
[1003456, 1003456]
[1003492, 1003492]
[1003496, 1003496]
[1003500, 1003500]
[1003524, 1003524]
[1003576, 1003576]
[1003580, 1003580]
[1003592, 1003592]
[1003596, 1003596]
[1003600, 1003600]
[1003636, 1003636]
[1003640, 1003640]
[1003644, 1003644]
[1003680, 1003680]
[1003684, 1003684]
[1003688, 1003688]
[1003724, 1003724]
[1003728, 1003728]
[1003732, 1003732]
[1003756, 1003756]
[1003760, 1003760]
[1003764, 1003764]
[1003800, 1003800]
[1003804, 1003804]
[1003808, 1003808]
[1003844, 1003844]
[1003848, 1003848]
[1003852, 1003852]
[1003888, 1003888]
[1003892, 1003892]
[1003896, 1003896]
[1003932, 1003932]
[1003936, 1003936]
[1003940, 1003940]
[1003976, 1003976]
[1003980, 1003980]
[1003984, 1003984]
[1004020, 1004020]
[1004024, 1004024]
[1004028, 1004028]
[1004064, 1004064]
[1004068, 1004068]
[1004072, 1004072]
[1004108, 1004108]
[1004160, 1004160]
[1004164, 1004164]
[1004176, 1004176]
[1004180, 1004180]
[1004184, 1004184]
[1004220, 1004220]
[1004224, 1004224]
[1004228, 1004228]
[1004264, 1004264]
[1004268, 1004268]
[1004272, 1004272]
[1004308, 1004308]
[1004312, 1004312]
[1004316, 1004316]
[1004340, 1004340]
[1004392, 1004392]
[1004396, 1004396]
[1004408, 1004408]
[1004412, 1004412]
[1004416, 1004416]
[1004452, 1004452]
[1004456, 1004456]
[1004460, 1004460]
[1004496, 1004496]
[1004500, 1004500]
[1004504, 1004504]
[1004528, 1004528]
[1004580, 1004580]
[1004584, 1004584]
[1004596, 1004596]
[1004600, 1004600]
[1004604, 1004604]
[1004640, 1004640]
[1004644, 1004644]
[1004648, 1004648]
[1004684, 1004684]
[1004688, 1004688]
[1004692, 1004692]
[1004728, 1004728]
[1004732, 1004732]
[1004736, 1004736]
[1004760, 1004760]
[1004764, 1004764]
[1004768, 1004768]
[1004804, 1004804]
[1004808, 1004808]
[1004812, 1004812]
[1004848, 1004848]
[1004852, 1004852]
[1004856, 1004856]
[1004892, 1004892]
[1004896, 1004896]
[1004900, 1004900]
[1004936, 1004936]
[1004940, 1004940]
[1004944, 1004944]
[1004972, 1004972]
[1004980, 1004980]
[1004984, 1004984]
[1004992, 1004992]
[1005004, 1005004]
[1005008, 1005008]
[1005012, 1005012]
[1005036, 1005036]
[1005080, 1005080]
[1005104, 1005104]
[1005112, 1005112]
[1005172, 1005172]
[1005192, 1005192]
[1005196, 1005196]
[1005200, 1005200]
[1005236, 1005237]
[1005240, 1005240]
[1005244, 1005244]
[1005304, 1005304]
[1005388, 1005388]
[1005392, 1005392]
[1005408, 1005408]
[1005472, 1005472]
[1005476, 1005476]
[1005492, 1005492]
[1005556, 1005556]
[1005560, 1005560]
[1005576, 1005576]
[1005640, 1005640]
[1005644, 1005644]
[1005660, 1005660]
[1005724, 1005724]
[1005728, 1005728]
[1005744, 1005744]
[1005808, 1005808]
[1005812, 1005812]
[1005828, 1005828]
[1005892, 1005892]
[1005896, 1005896]
[1005912, 1005912]
[1005976, 1005976]
[1005980, 1005980]
[1006060, 1006060]
[1006064, 1006064]
[1006088, 1006088]
[1006144, 1006144]
[1006148, 1006148]
[1006164, 1006164]
[1006172, 1006172]
[1006228, 1006228]
[1006232, 1006232]
[1006312, 1006312]
[1006316, 1006316]
[1006332, 1006332]
[1006396, 1006396]
[1006400, 1006400]
[1006416, 1006416]
[1006480, 1006480]
[1006484, 1006484]
[1006564, 1006564]
[1006568, 1006568]
[1006584, 1006584]
[1006592, 1006592]
[1006648, 1006648]
[1006652, 1006652]
[1006732, 1006732]
[1006736, 1006736]
[1006752, 1006752]
[1006760, 1006760]
[1006816, 1006816]
[1006820, 1006820]
[1006900, 1006900]
[1006904, 1006904]
[1006920, 1006920]
[1006984, 1006984]
[1006988, 1006988]
[1007004, 1007004]
[1007068, 1007068]
[1007072, 1007072]
[1007088, 1007088]
[1007096, 1007096]
[1007152, 1007152]
[1007156, 1007156]
[1007172, 1007172]
[1007180, 1007180]
[1007236, 1007236]
[1007256, 1007256]
[1007340, 1007340]
[1007344, 1007344]
[1007424, 1007424]
[1007428, 1007428]
[1007444, 1007444]
[1007452, 1007452]
[1007508, 1007508]
[1007512, 1007512]
[1007516, 1007516]
[1007552, 1007552]
[1007556, 1007556]
[1007560, 1007560]
[1007596, 1007596]
[1007604, 1007604]
[1007640, 1007640]
[1007644, 1007644]
[1007648, 1007648]
[1007652, 1007652]
[1007664, 1007664]
[1007668, 1007668]
[1007672, 1007672]
[1007696, 1007696]
[1007700, 1007700]
[1007704, 1007704]
[1007740, 1007740]
[1007748, 1007748]
[1007784, 1007784]
[1007788, 1007788]
[1007792, 1007792]
[1007796, 1007796]
[1007808, 1007808]
[1007812, 1007812]
[1007816, 1007816]
[1007840, 1007840]
[1007844, 1007844]
[1007848, 1007848]
[1007884, 1007884]
[1007888, 1007888]
[1007892, 1007892]
[1007928, 1007928]
[1007936, 1007936]
[1007980, 1007980]
[1007984, 1007984]
[1007996, 1007996]
[1008000, 1008000]
[1008004, 1008004]
[1008028, 1008028]
[1008036, 1008036]
[1008072, 1008072]
[1008076, 1008076]
[1008080, 1008080]
[1008116, 1008116]
[1008120, 1008120]
[1008124, 1008124]
[1008164, 1008164]
[1008168, 1008168]
[1008172, 1008172]
[1008184, 1008184]
[1008188, 1008188]
[1008192, 1008192]
[1008216, 1008216]
[1008220, 1008220]
[1008224, 1008224]
[1008260, 1008260]
[1008268, 1008268]
[1008304, 1008304]
[1008308, 1008308]
[1008312, 1008312]
[1008316, 1008316]
[1008328, 1008328]
[1008332, 1008332]
[1008336, 1008336]
[1008360, 1008360]
[1008364, 1008364]
[1008372, 1008372]
[1008380, 1008380]
[1008388, 1008388]
[1008424, 1008424]
[1008428, 1008428]
[1008472, 1008472]
[1008476, 1008476]
[1008480, 1008480]
[1008492, 1008492]
[1008496, 1008496]
[1008500, 1008500]
[1008524, 1008524]
[1008532, 1008532]
[1008568, 1008568]
[1008576, 1008576]
[1008612, 1008612]
[1008616, 1008616]
[1008620, 1008620]
[1008636, 1008636]
[1008644, 1008644]
[1008680, 1008680]
[1008732, 1008732]
[1008748, 1008748]
[1008756, 1008756]
[1008792, 1008792]
[1008844, 1008844]
[1008860, 1008860]
[1008864, 1008864]
[1008868, 1008868]
[1008904, 1008904]
[1008908, 1008908]
[1008912, 1008912]
[1008948, 1008948]
[1008952, 1008952]
[1008956, 1008956]
[1008960, 1008960]
[1008972, 1008972]
[1008976, 1008976]
[1008980, 1008980]
[1009004, 1009004]
[1009012, 1009012]
[1009048, 1009048]
[1009056, 1009056]
[1009092, 1009092]
[1009096, 1009096]
[1009100, 1009100]
[1009104, 1009104]
[1009116, 1009116]
[1009120, 1009120]
[1009124, 1009124]
[1009148, 1009148]
[1009156, 1009156]
[1009192, 1009192]
[1009196, 1009196]
[1009200, 1009200]
[1009236, 1009236]
[1009240, 1009240]
[1009244, 1009244]
[1009248, 1009248]
[1009260, 1009260]
[1009264, 1009264]
[1009268, 1009268]
[1009292, 1009292]
[1009300, 1009300]
[1009336, 1009336]
[1009388, 1009388]
[1009392, 1009392]
[1009404, 1009404]
[1009408, 1009408]
[1009412, 1009412]
[1009436, 1009436]
[1009444, 1009444]
[1009480, 1009480]
[1009532, 1009532]
[1009536, 1009536]
[1009548, 1009548]
[1009552, 1009552]
[1009556, 1009556]
[1009580, 1009580]
[1009588, 1009588]
[1009624, 1009624]
[1009676, 1009676]
[1009680, 1009680]
[1009692, 1009692]
[1009696, 1009696]
[1009700, 1009700]
[1009724, 1009724]
[1009732, 1009732]
[1009768, 1009768]
[1009776, 1009776]
[1009812, 1009812]
[1009816, 1009816]
[1009820, 1009820]
[1009824, 1009824]
[1009836, 1009836]
[1009840, 1009840]
[1009844, 1009844]
[1009868, 1009868]
[1009876, 1009876]
[1009912, 1009912]
[1009916, 1009916]
[1009920, 1009920]
[1009956, 1009956]
[1009960, 1009960]
[1009964, 1009964]
[1009968, 1009968]
[1009980, 1009980]
[1009984, 1009984]
[1009988, 1009988]
[1010012, 1010012]
[1010020, 1010020]
[1010056, 1010056]
[1010064, 1010064]
[1010100, 1010100]
[1010108, 1010108]
[1010112, 1010112]
[1010124, 1010124]
[1010128, 1010128]
[1010132, 1010132]
[1010156, 1010156]
[1010164, 1010164]
[1010200, 1010200]
[1010252, 1010252]
[1010256, 1010256]
[1010268, 1010268]
[1010272, 1010272]
[1010276, 1010276]
[1010300, 1010300]
[1010308, 1010308]
[1010344, 1010344]
[1010396, 1010396]
[1010400, 1010400]
[1010412, 1010412]
[1010416, 1010416]
[1010420, 1010420]
[1010444, 1010444]
[1010452, 1010452]
[1010488, 1010488]
[1010540, 1010540]
[1010544, 1010544]
[1010556, 1010556]
[1010560, 1010560]
[1010564, 1010564]
[1010588, 1010588]
[1010596, 1010596]
[1010632, 1010632]
[1010684, 1010684]
[1010688, 1010688]
[1010700, 1010700]
[1010704, 1010704]
[1010708, 1010708]
[1010732, 1010732]
[1010740, 1010740]
[1010776, 1010776]
[1010828, 1010828]
[1010832, 1010832]
[1010844, 1010844]
[1010848, 1010848]
[1010852, 1010852]
[1010876, 1010876]
[1010904, 1010904]
[1010908, 1010908]
[1010912, 1010912]
[1010948, 1010948]
[1010952, 1010952]
[1010956, 1010956]
[1010992, 1010992]
[1010996, 1010996]
[1011000, 1011000]
[1011036, 1011036]
[1011040, 1011040]
[1011044, 1011044]
[1011080, 1011080]
[1011084, 1011084]
[1011112, 1011112]
[1011116, 1011116]
[1011128, 1011128]
[1011148, 1011148]
[1011152, 1011152]
[1011176, 1011176]
[1011188, 1011188]
[1011192, 1011192]
[1011220, 1011220]
[1011224, 1011224]
[1011232, 1011232]
[1011256, 1011256]
[1011260, 1011260]
[1011264, 1011264]
[1011300, 1011300]
[1011304, 1011304]
[1011324, 1011324]
[1011328, 1011328]
[1011360, 1011360]
[1011368, 1011368]
[1011392, 1011392]
[1011400, 1011400]
[1011460, 1011460]
[1011464, 1011464]
[1011492, 1011492]
[1011496, 1011496]
[1011504, 1011504]
[1011508, 1011508]
[1011528, 1011528]
[1011532, 1011532]
[1011536, 1011536]
[1011568, 1011568]
[1011572, 1011572]
[1011576, 1011576]
[1011600, 1011600]
[1011616, 1011616]
[1011636, 1011636]
[1011640, 1011640]
[1011664, 1011664]
[1011676, 1011676]
[1011680, 1011680]
[1011704, 1011704]
[1011716, 1011716]
[1011724, 1011724]
[1011760, 1011760]
[1011772, 1011772]
[1011784, 1011784]
[1011788, 1011788]
[1011792, 1011792]
[1011820, 1011820]
[1011828, 1011828]
[1011832, 1011832]
[1011840, 1011840]
[1011852, 1011852]
[1011856, 1011856]
[1011860, 1011860]
[1011896, 1011896]
[1011904, 1011904]
[1011908, 1011908]
[1011920, 1011920]
[1011924, 1011924]
[1011952, 1011952]
[1011956, 1011956]
[1011964, 1011964]
[1011968, 1011968]
[1011972, 1011972]
[1011988, 1011988]
[1011992, 1011992]
[1012020, 1012020]
[1012024, 1012024]
[1012032, 1012032]
[1012036, 1012036]
[1012056, 1012056]
[1012060, 1012060]
[1012100, 1012100]
[1012124, 1012124]
[1012128, 1012128]
[1012156, 1012156]
[1012160, 1012160]
[1012192, 1012192]
[1012196, 1012196]
[1012200, 1012200]
[1012224, 1012224]
[1012304, 1012304]
[1012324, 1012324]
[1012408, 1012408]
[1012412, 1012412]
[1012416, 1012416]
[1012488, 1012488]
[1012492, 1012492]
[1012500, 1012500]
[1012508, 1012508]
[1012592, 1012592]
[1012596, 1012596]
[1012600, 1012600]
[1012624, 1012624]
[1012628, 1012628]
[1012632, 1012632]
[1012652, 1012652]
[1012664, 1012664]
[1012672, 1012672]
[1012708, 1012708]
[1012712, 1012712]
[1012716, 1012716]
[1012740, 1012740]
[1012760, 1012760]
[1012764, 1012764]
[1012776, 1012776]
[1012780, 1012780]
[1012784, 1012784]
[1012808, 1012808]
[1012812, 1012812]
[1012816, 1012816]
[1012852, 1012852]
[1012856, 1012856]
[1012860, 1012860]
[1012896, 1012896]
[1012900, 1012900]
[1012904, 1012904]
[1012928, 1012928]
[1012932, 1012932]
[1012936, 1012936]
[1012956, 1012956]
[1012968, 1012968]
[1012972, 1012972]
[1012976, 1012976]
[1013000, 1013000]
[1013020, 1013020]
[1013024, 1013024]
[1013036, 1013036]
[1013040, 1013040]
[1013044, 1013044]
[1013068, 1013068]
[1013072, 1013072]
[1013076, 1013076]
[1013096, 1013096]
[1013108, 1013108]
[1013112, 1013112]
[1013116, 1013116]
[1013140, 1013140]
[1013144, 1013144]
[1013148, 1013148]
[1013168, 1013168]
[1013180, 1013180]
[1013184, 1013184]
[1013188, 1013188]
[1013224, 1013224]
[1013228, 1013228]
[1013252, 1013252]
[1013264, 1013264]
[1013268, 1013268]
[1013296, 1013296]
[1013332, 1013332]
[1013336, 1013336]
[1013360, 1013360]
[1013372, 1013372]
[1013376, 1013376]
[1013412, 1013412]
[1013416, 1013416]
[1013444, 1013444]
[1013456, 1013456]
[1013480, 1013480]
[1013484, 1013484]
[1013508, 1013508]
[1013520, 1013520]
[1013540, 1013540]
[1013544, 1013544]
[1013548, 1013548]
[1013584, 1013584]
[1013588, 1013588]
[1013592, 1013592]
[1013652, 1013652]
[1013656, 1013656]
[1013660, 1013660]
[1013684, 1013684]
[1013688, 1013688]
[1013696, 1013696]
[1013700, 1013700]
[1013720, 1013720]
[1013724, 1013724]
[1013728, 1013728]
[1013788, 1013788]
[1013792, 1013792]
[1013796, 1013796]
[1013816, 1013816]
[1013828, 1013828]
[1013832, 1013832]
[1013836, 1013836]
[1013872, 1013872]
[1013876, 1013876]
[1013880, 1013880]
[1013904, 1013904]
[1013924, 1013924]
[1013940, 1013940]
[1013944, 1013944]
[1013948, 1013948]
[1013980, 1013980]
[1013984, 1013984]
[1013988, 1013988]
[1014012, 1014012]
[1014024, 1014024]
[1014028, 1014028]
[1014048, 1014048]
[1014052, 1014052]
[1014080, 1014080]
[1014092, 1014092]
[1014096, 1014096]
[1014116, 1014116]
[1014120, 1014120]
[1014124, 1014124]
[1014160, 1014160]
[1014164, 1014164]
[1014168, 1014168]
[1014172, 1014172]
[1014184, 1014184]
[1014188, 1014188]
[1014192, 1014192]
[1014228, 1014228]
[1014232, 1014232]
[1014236, 1014236]
[1014240, 1014240]
[1014252, 1014252]
[1014256, 1014256]
[1014260, 1014260]
[1014288, 1014288]
[1014304, 1014304]
[1014308, 1014308]
[1014320, 1014320]
[1014324, 1014324]
[1014328, 1014328]
[1014352, 1014352]
[1014356, 1014356]
[1014372, 1014372]
[1014376, 1014376]
[1014388, 1014388]
[1014392, 1014392]
[1014420, 1014420]
[1014424, 1014424]
[1014440, 1014440]
[1014456, 1014456]
[1014460, 1014460]
[1014500, 1014500]
[1014504, 1014504]
[1014524, 1014524]
[1014528, 1014528]
[1014552, 1014552]
[1014564, 1014564]
[1014568, 1014568]
[1014572, 1014572]
[1014596, 1014596]
[1014600, 1014600]
[1014604, 1014604]
[1014628, 1014628]
[1014632, 1014632]
[1014636, 1014636]
[1014656, 1014656]
[1014668, 1014668]
[1014672, 1014672]
[1014676, 1014676]
[1014712, 1014712]
[1014716, 1014716]
[1014720, 1014720]
[1014744, 1014744]
[1014764, 1014764]
[1014768, 1014768]
[1014780, 1014780]
[1014784, 1014784]
[1014788, 1014788]
[1014812, 1014812]
[1014816, 1014816]
[1014820, 1014820]
[1014840, 1014840]
[1014852, 1014852]
[1014856, 1014856]
[1014860, 1014860]
[1014896, 1014896]
[1014900, 1014900]
[1014904, 1014904]
[1014928, 1014928]
[1014948, 1014948]
[1014952, 1014952]
[1014964, 1014964]
[1014968, 1014968]
[1014972, 1014972]
[1014996, 1014996]
[1015000, 1015000]
[1015004, 1015004]
[1015028, 1015028]
[1015032, 1015032]
[1015036, 1015036]
[1015056, 1015056]
[1015068, 1015068]
[1015072, 1015072]
[1015076, 1015076]
[1015100, 1015100]
[1015120, 1015120]
[1015124, 1015124]
[1015136, 1015136]
[1015140, 1015140]
[1015144, 1015144]
[1015168, 1015168]
[1015172, 1015172]
[1015176, 1015176]
[1015200, 1015200]
[1015204, 1015204]
[1015208, 1015208]
[1015228, 1015228]
[1015240, 1015240]
[1015244, 1015244]
[1015248, 1015248]
[1015272, 1015272]
[1015296, 1015296]
[1015308, 1015308]
[1015312, 1015312]
[1015316, 1015316]
[1015340, 1015340]
[1015344, 1015344]
[1015348, 1015348]
[1015368, 1015368]
[1015380, 1015380]
[1015384, 1015384]
[1015388, 1015388]
[1015412, 1015412]
[1015436, 1015436]
[1015448, 1015448]
[1015452, 1015452]
[1015456, 1015456]
[1015480, 1015480]
[1015484, 1015484]
[1015488, 1015488]
[1015508, 1015508]
[1015520, 1015520]
[1015524, 1015524]
[1015528, 1015528]
[1015552, 1015552]
[1015576, 1015576]
[1015588, 1015588]
[1015592, 1015592]
[1015596, 1015596]
[1015620, 1015620]
[1015624, 1015624]
[1015628, 1015628]
[1015648, 1015648]
[1015660, 1015660]
[1015664, 1015664]
[1015668, 1015668]
[1015704, 1015704]
[1015708, 1015708]
[1015712, 1015712]
[1015736, 1015736]
[1015756, 1015756]
[1015760, 1015760]
[1015772, 1015772]
[1015776, 1015776]
[1015780, 1015780]
[1015804, 1015804]
[1015808, 1015808]
[1015832, 1015832]
[1015844, 1015844]
[1015848, 1015848]
[1015876, 1015876]
[1015888, 1015888]
[1015892, 1015892]
[1015912, 1015912]
[1015916, 1015916]
[1015920, 1015920]
[1015948, 1015948]
[1015992, 1015992]
[1015996, 1015997]
[1016028, 1016028]
[1016032, 1016032]
[1016064, 1016064]
[1016068, 1016068]
[1016076, 1016076]
[1016084, 1016084]
[1016088, 1016088]
[1016092, 1016092]
[1016116, 1016116]
[1016136, 1016136]
[1016152, 1016152]
[1016156, 1016156]
[1016160, 1016160]
[1016236, 1016236]
[1016240, 1016240]
[1016272, 1016272]
[1016276, 1016276]
[1016308, 1016308]
[1016312, 1016312]
[1016344, 1016344]
[1016348, 1016348]
[1016380, 1016380]
[1016384, 1016384]
[1016416, 1016416]
[1016420, 1016420]
[1016452, 1016452]
[1016456, 1016456]
[1016488, 1016488]
[1016492, 1016492]
[1016524, 1016524]
[1016528, 1016528]
[1016532, 1016532]
[1016560, 1016560]
[1016604, 1016604]
[1016608, 1016608]
[1016640, 1016640]
[1016644, 1016644]
[1016676, 1016676]
[1016680, 1016680]
[1016688, 1016688]
[1016696, 1016696]
[1016700, 1016700]
[1016704, 1016704]
[1016728, 1016728]
[1016748, 1016748]
[1016764, 1016764]
[1016768, 1016768]
[1016772, 1016772]
[1016848, 1016848]
[1016852, 1016852]
[1016884, 1016884]
[1016888, 1016888]
[1016920, 1016920]
[1016924, 1016925]
[1016956, 1016956]
[1016960, 1016960]
[1016992, 1016992]
[1016996, 1016996]
[1017000, 1017000]
[1017028, 1017028]
[1017072, 1017072]
[1017076, 1017076]
[1017084, 1017084]
[1017092, 1017092]
[1017096, 1017096]
[1017100, 1017100]
[1017124, 1017124]
[1017144, 1017144]
[1017160, 1017160]
[1017164, 1017164]
[1017168, 1017168]
[1017244, 1017244]
[1017248, 1017248]
[1017256, 1017256]
[1017264, 1017264]
[1017268, 1017268]
[1017272, 1017272]
[1017348, 1017348]
[1017352, 1017352]
[1017384, 1017384]
[1017388, 1017388]
[1017420, 1017420]
[1017424, 1017424]
[1017428, 1017428]
[1017452, 1017452]
[1017472, 1017472]
[1017488, 1017488]
[1017492, 1017492]
[1017496, 1017496]
[1017524, 1017524]
[1017568, 1017568]
[1017572, 1017572]
[1017588, 1017588]
[1017592, 1017592]
[1017608, 1017608]
[1017612, 1017612]
[1017628, 1017628]
[1017632, 1017632]
[1017648, 1017648]
[1017652, 1017652]
[1017660, 1017660]
[1017668, 1017668]
[1017672, 1017672]
[1017680, 1017680]
[1017688, 1017688]
[1017708, 1017708]
[1017712, 1017713]
[1017744, 1017744]
[1017748, 1017748]
[1017780, 1017780]
[1017784, 1017784]
[1017796, 1017796]
[1017798, 1017800]
[1017804, 1017804]
[1017808, 1017809]
[1017812, 1017812]
[1017820, 1017821]
[1017824, 1017824]
[1017826, 1017826]
[1017828, 1017829]
[1017832, 1017832]
[1017836, 1017837]
[1017852, 1017853]
[1017860, 1017861]
[1017864, 1017865]
[1017867, 1017869]
[1017872, 1017873]
[1017876, 1017877]
[1017880, 1017881]
[1017888, 1017889]
[1017892, 1017898]
[1017900, 1017902]
[1017904, 1017906]
[1017908, 1017911]
[1017915, 1017934]
[1017936, 1017948]
[1017951, 1017962]
[1017964, 1017966]
[1017968, 1017970]
[1017972, 1017974]
[1017976, 1017977]
[1017980, 1017981]
[1017984, 1017985]
[1017988, 1017988]
[1017992, 1017993]
[1017996, 1017997]
[1018000, 1018001]
[1018004, 1018005]
[1018008, 1018008]
[1018010, 1018010]
[1018012, 1018013]
[1018016, 1018017]
[1018020, 1018021]
[1018024, 1018025]
[1018028, 1018030]
[1018032, 1018034]
[1018036, 1018038]
[1018040, 1018042]
[1018044, 1018045]
[1018048, 1018049]
[1018052, 1018053]
[1018056, 1018058]
[1018060, 1018066]
[1018068, 1018070]
[1018072, 1018073]
[1018076, 1018077]
[1018080, 1018082]
[1018084, 1018085]
[1018088, 1018093]
[1018100, 1018102]
[1018104, 1018106]
[1018108, 1018110]
[1018112, 1018114]
[1018116, 1018117]
[1018120, 1018121]
[1018124, 1018125]
[1018128, 1018130]
[1018132, 1018138]
[1018140, 1018142]
[1018144, 1018145]
[1018148, 1018149]
[1018152, 1018153]
[1018156, 1018157]
[1018160, 1018165]
[1018168, 1018169]
[1018172, 1018172]
[1018174, 1018174]
[1018176, 1018177]
[1018180, 1018181]
[1018184, 1018185]
[1018188, 1018189]
[1018192, 1018194]
[1018196, 1018198]
[1018200, 1018202]
[1018204, 1018206]
[1018208, 1018209]
[1018212, 1018213]
[1018216, 1018217]
[1018220, 1018222]
[1018224, 1018230]
[1018232, 1018234]
[1018236, 1018237]
[1018240, 1018241]
[1018244, 1018246]
[1018248, 1018249]
[1018252, 1018258]
[1018264, 1018266]
[1018268, 1018270]
[1018272, 1018274]
[1018276, 1018278]
[1018280, 1018281]
[1018284, 1018285]
[1018288, 1018289]
[1018292, 1018294]
[1018296, 1018302]
[1018304, 1018306]
[1018308, 1018309]
[1018312, 1018313]
[1018316, 1018317]
[1018320, 1018321]
[1018324, 1018330]
[1018332, 1018333]
[1018336, 1018336]
[1018340, 1018341]
[1018344, 1018345]
[1018348, 1018349]
[1018352, 1018353]
[1018356, 1018357]
[1018360, 1018361]
[1018364, 1018365]
[1018368, 1018369]
[1018372, 1018373]
[1018376, 1018377]
[1018380, 1018381]
[1018384, 1018385]
[1018388, 1018389]
[1018392, 1018392]
[1018396, 1018397]
[1018400, 1018401]
[1018404, 1018405]
[1018408, 1018409]
[1018412, 1018412]
[1018416, 1018417]
[1018420, 1018420]
[1018424, 1018425]
[1018428, 1018429]
[1018432, 1018432]
[1018436, 1018437]
[1018440, 1018440]
[1018444, 1018445]
[1018448, 1018449]
[1018452, 1018452]
[1018456, 1018457]
[1018460, 1018460]
[1018464, 1018465]
[1018468, 1018469]
[1018472, 1018472]
[1018476, 1018477]
[1018480, 1018480]
[1018484, 1018485]
[1018488, 1018489]
[1018492, 1018492]
[1018496, 1018497]
[1018500, 1018500]
[1018504, 1018505]
[1018508, 1018509]
[1018512, 1018512]
[1018516, 1018517]
[1018520, 1018520]
[1018524, 1018525]
[1018528, 1018529]
[1018532, 1018532]
[1018536, 1018537]
[1018540, 1018540]
[1018544, 1018545]
[1018548, 1018549]
[1018552, 1018553]
[1018556, 1018557]
[1018560, 1018560]
[1018564, 1018565]
[1018568, 1018569]
[1018572, 1018573]
[1018576, 1018577]
[1018580, 1018581]
[1018584, 1018585]
[1018588, 1018589]
[1018592, 1018593]
[1018596, 1018597]
[1018600, 1018601]
[1018604, 1018605]
[1018608, 1018609]
[1018612, 1018613]
[1018616, 1018617]
[1018620, 1018621]
[1018624, 1018625]
[1018628, 1018629]
[1018632, 1018633]
[1018636, 1018637]
[1018640, 1018641]
[1018644, 1018645]
[1018648, 1018649]
[1018652, 1018653]
[1018656, 1018657]
[1018660, 1018661]
[1018664, 1018665]
[1018668, 1018669]
[1018672, 1018673]
[1018676, 1018677]
[1018680, 1018681]
[1018684, 1018685]
[1018688, 1018689]
[1018692, 1018693]
[1018696, 1018696]
[1018700, 1018701]
[1018704, 1018705]
[1018708, 1018709]
[1018712, 1018713]
[1018716, 1018716]
[1018720, 1018721]
[1018724, 1018725]
[1018728, 1018729]
[1018732, 1018733]
[1018736, 1018736]
[1018740, 1018741]
[1018745, 1018745]
[1018748, 1018749]
[1018752, 1018753]
[1018756, 1018756]
[1018760, 1018761]
[1018764, 1018765]
[1018768, 1018769]
[1018772, 1018773]
[1018776, 1018776]
[1018781, 1018781]
[1018784, 1018785]
[1018788, 1018789]
[1018792, 1018793]
[1018796, 1018796]
[1018800, 1018801]
[1018804, 1018805]
[1018808, 1018809]
[1018812, 1018813]
[1018816, 1018816]
[1018820, 1018821]
[1018824, 1018825]
[1018828, 1018829]
[1018832, 1018833]
[1018836, 1018836]
[1018840, 1018841]
[1018844, 1018845]
[1018848, 1018849]
[1018852, 1018853]
[1018856, 1018856]
[1018860, 1018861]
[1018864, 1018865]
[1018868, 1018869]
[1018872, 1018873]
[1018876, 1018876]
[1018880, 1018881]
[1018884, 1018885]
[1018888, 1018889]
[1018892, 1018893]
[1018896, 1018896]
[1018900, 1018901]
[1018904, 1018905]
[1018909, 1018909]
[1018912, 1018912]
[1018916, 1018916]
[1018920, 1018921]
[1018924, 1018925]
[1018928, 1018929]
[1018932, 1018932]
[1018936, 1018940]
[1018944, 1018945]
[1018948, 1018948]
[1018952, 1018953]
[1018956, 1018957]
[1018960, 1018961]
[1018964, 1018964]
[1018966, 1018969]
[1018972, 1018973]
[1018976, 1018977]
[1018992, 1018993]
[1018996, 1018997]
[1019000, 1019001]
[1019004, 1019005]
[1019008, 1019009]
[1019012, 1019013]
[1019016, 1019017]
[1019020, 1019021]
[1019024, 1019025]
[1019028, 1019029]
[1019032, 1019033]
[1019036, 1019041]
[1019044, 1019048]
[1019050, 1019053]
[1019056, 1019057]
[1019060, 1019061]
[1019064, 1019069]
[1019072, 1019076]
[1019078, 1019081]
[1019084, 1019085]
[1019088, 1019089]
[1019092, 1019092]
[1019096, 1019097]
[1019100, 1019101]
[1019104, 1019105]
[1019108, 1019109]
[1019116, 1019116]
[1019118, 1019118]
[1019120, 1019121]
[1019124, 1019125]
[1019128, 1019129]
[1019132, 1019134]
[1019136, 1019137]
[1019140, 1019146]
[1019148, 1019149]
[1019156, 1019157]
[1019160, 1019162]
[1019168, 1019173]
[1019176, 1019177]
[1019180, 1019185]
[1019188, 1019192]
[1019194, 1019197]
[1019200, 1019201]
[1019204, 1019205]
[1019208, 1019213]
[1019216, 1019220]
[1019222, 1019225]
[1019228, 1019229]
[1019232, 1019233]
[1019240, 1019241]
[1019244, 1019245]
[1019248, 1019249]
[1019260, 1019260]
[1019264, 1019265]
[1019268, 1019269]
[1019272, 1019273]
[1019276, 1019277]
[1019284, 1019285]
[1019288, 1019289]
[1019292, 1019297]
[1019300, 1019304]
[1019306, 1019309]
[1019312, 1019313]
[1019316, 1019317]
[1019320, 1019325]
[1019328, 1019332]
[1019334, 1019337]
[1019340, 1019341]
[1019344, 1019345]
[1019352, 1019353]
[1019356, 1019357]
[1019360, 1019361]
[1019372, 1019372]
[1019376, 1019377]
[1019380, 1019381]
[1019384, 1019385]
[1019388, 1019389]
[1019396, 1019397]
[1019400, 1019401]
[1019404, 1019409]
[1019412, 1019416]
[1019418, 1019421]
[1019424, 1019425]
[1019428, 1019429]
[1019432, 1019437]
[1019440, 1019444]
[1019446, 1019449]
[1019452, 1019453]
[1019456, 1019457]
[1019464, 1019465]
[1019468, 1019469]
[1019472, 1019473]
[1019476, 1019477]
[1019484, 1019484]
[1019486, 1019486]
[1019488, 1019489]
[1019492, 1019493]
[1019496, 1019497]
[1019500, 1019502]
[1019504, 1019505]
[1019508, 1019514]
[1019516, 1019517]
[1019524, 1019525]
[1019528, 1019530]
[1019536, 1019541]
[1019544, 1019545]
[1019548, 1019553]
[1019556, 1019560]
[1019562, 1019565]
[1019568, 1019569]
[1019572, 1019573]
[1019576, 1019581]
[1019584, 1019588]
[1019590, 1019593]
[1019596, 1019597]
[1019600, 1019601]
[1019608, 1019609]
[1019612, 1019613]
[1019616, 1019617]
[1019620, 1019621]
[1019628, 1019628]
[1019630, 1019630]
[1019632, 1019633]
[1019636, 1019637]
[1019640, 1019641]
[1019644, 1019646]
[1019648, 1019649]
[1019652, 1019658]
[1019660, 1019661]
[1019668, 1019669]
[1019672, 1019674]
[1019680, 1019685]
[1019688, 1019689]
[1019692, 1019697]
[1019700, 1019704]
[1019706, 1019709]
[1019712, 1019713]
[1019716, 1019717]
[1019720, 1019725]
[1019728, 1019732]
[1019734, 1019737]
[1019740, 1019741]
[1019744, 1019745]
[1019752, 1019753]
[1019756, 1019757]
[1019760, 1019761]
[1019764, 1019765]
[1019772, 1019772]
[1019774, 1019774]
[1019776, 1019777]
[1019780, 1019781]
[1019784, 1019785]
[1019788, 1019790]
[1019792, 1019793]
[1019796, 1019802]
[1019804, 1019805]
[1019812, 1019813]
[1019816, 1019818]
[1019820, 1019820]
[1019824, 1019829]
[1019832, 1019833]
[1019836, 1019841]
[1019844, 1019848]
[1019850, 1019853]
[1019856, 1019857]
[1019860, 1019861]
[1019864, 1019869]
[1019872, 1019876]
[1019878, 1019881]
[1019884, 1019885]
[1019888, 1019889]
[1019892, 1019892]
[1019896, 1019897]
[1019900, 1019901]
[1019904, 1019905]
[1019916, 1019916]
[1019920, 1019921]
[1019924, 1019925]
[1019928, 1019929]
[1019932, 1019933]
[1019940, 1019941]
[1019944, 1019945]
[1019948, 1019953]
[1019956, 1019960]
[1019962, 1019965]
[1019968, 1019969]
[1019972, 1019973]
[1019976, 1019981]
[1019984, 1019988]
[1019990, 1019993]
[1019996, 1019997]
[1020000, 1020001]
[1020004, 1020004]
[1020008, 1020009]
[1020012, 1020013]
[1020016, 1020017]
[1020028, 1020028]
[1020032, 1020033]
[1020036, 1020037]
[1020040, 1020041]
[1020044, 1020045]
[1020052, 1020053]
[1020056, 1020057]
[1020060, 1020065]
[1020068, 1020072]
[1020074, 1020077]
[1020080, 1020081]
[1020084, 1020085]
[1020088, 1020093]
[1020096, 1020100]
[1020102, 1020105]
[1020108, 1020109]
[1020112, 1020113]
[1020116, 1020116]
[1020120, 1020121]
[1020124, 1020125]
[1020128, 1020129]
[1020140, 1020140]
[1020144, 1020145]
[1020148, 1020149]
[1020152, 1020152]
[1020156, 1020157]
[1020164, 1020165]
[1020168, 1020169]
[1020172, 1020177]
[1020180, 1020184]
[1020186, 1020189]
[1020192, 1020193]
[1020196, 1020197]
[1020200, 1020205]
[1020208, 1020212]
[1020214, 1020217]
[1020220, 1020221]
[1020224, 1020225]
[1020228, 1020228]
[1020232, 1020233]
[1020236, 1020237]
[1020240, 1020241]
[1020244, 1020245]
[1020252, 1020252]
[1020254, 1020254]
[1020256, 1020257]
[1020260, 1020261]
[1020264, 1020265]
[1020268, 1020270]
[1020272, 1020273]
[1020276, 1020282]
[1020284, 1020285]
[1020292, 1020293]
[1020296, 1020298]
[1020304, 1020309]
[1020312, 1020313]
[1020316, 1020321]
[1020324, 1020328]
[1020330, 1020333]
[1020336, 1020337]
[1020340, 1020341]
[1020344, 1020349]
[1020352, 1020356]
[1020358, 1020361]
[1020364, 1020365]
[1020368, 1020369]
[1020376, 1020377]
[1020380, 1020381]
[1020384, 1020385]
[1020388, 1020389]
[1020396, 1020396]
[1020398, 1020398]
[1020400, 1020401]
[1020404, 1020405]
[1020408, 1020409]
[1020412, 1020414]
[1020416, 1020417]
[1020420, 1020426]
[1020428, 1020429]
[1020436, 1020437]
[1020440, 1020442]
[1020448, 1020453]
[1020456, 1020457]
[1020460, 1020465]
[1020468, 1020472]
[1020474, 1020477]
[1020480, 1020481]
[1020484, 1020485]
[1020488, 1020493]
[1020496, 1020500]
[1020502, 1020505]
[1020508, 1020509]
[1020512, 1020513]
[1020520, 1020521]
[1020524, 1020525]
[1020528, 1020529]
[1020532, 1020533]
[1020540, 1020540]
[1020542, 1020542]
[1020544, 1020545]
[1020548, 1020549]
[1020552, 1020553]
[1020556, 1020558]
[1020560, 1020561]
[1020564, 1020570]
[1020572, 1020573]
[1020580, 1020581]
[1020584, 1020586]
[1020592, 1020597]
[1020600, 1020601]
[1020604, 1020609]
[1020612, 1020616]
[1020618, 1020621]
[1020624, 1020625]
[1020628, 1020629]
[1020632, 1020637]
[1020640, 1020644]
[1020646, 1020649]
[1020652, 1020653]
[1020656, 1020657]
[1020664, 1020665]
[1020668, 1020669]
[1020672, 1020673]
[1020676, 1020677]
[1020684, 1020684]
[1020686, 1020686]
[1020688, 1020689]
[1020692, 1020693]
[1020696, 1020697]
[1020700, 1020702]
[1020704, 1020705]
[1020708, 1020714]
[1020716, 1020717]
[1020724, 1020725]
[1020728, 1020730]
[1020736, 1020741]
[1020744, 1020745]
[1020748, 1020753]
[1020756, 1020760]
[1020762, 1020765]
[1020768, 1020769]
[1020772, 1020773]
[1020776, 1020781]
[1020784, 1020788]
[1020790, 1020793]
[1020796, 1020797]
[1020800, 1020801]
[1020808, 1020809]
[1020812, 1020813]
[1020816, 1020817]
[1020820, 1020821]
[1020828, 1020828]
[1020830, 1020830]
[1020832, 1020833]
[1020836, 1020837]
[1020840, 1020841]
[1020844, 1020846]
[1020848, 1020849]
[1020852, 1020858]
[1020860, 1020861]
[1020868, 1020869]
[1020872, 1020874]
[1020876, 1020876]
[1020880, 1020885]
[1020888, 1020889]
[1020892, 1020897]
[1020900, 1020904]
[1020906, 1020909]
[1020912, 1020913]
[1020916, 1020917]
[1020920, 1020925]
[1020928, 1020932]
[1020934, 1020937]
[1020940, 1020941]
[1020944, 1020945]
[1020948, 1020948]
[1020952, 1020953]
[1020956, 1020957]
[1020960, 1020961]
[1020964, 1020965]
[1020972, 1020972]
[1020974, 1020974]
[1020976, 1020977]
[1020980, 1020981]
[1020984, 1020984]
[1020988, 1020990]
[1020992, 1020993]
[1020996, 1021002]
[1021004, 1021005]
[1021012, 1021013]
[1021016, 1021018]
[1021020, 1021020]
[1021024, 1021029]
[1021032, 1021033]
[1021036, 1021041]
[1021044, 1021048]
[1021050, 1021053]
[1021056, 1021057]
[1021060, 1021061]
[1021064, 1021069]
[1021072, 1021076]
[1021078, 1021081]
[1021084, 1021085]
[1021088, 1021089]
[1021092, 1021092]
[1021096, 1021097]
[1021100, 1021101]
[1021104, 1021105]
[1021108, 1021109]
[1021116, 1021116]
[1021118, 1021118]
[1021120, 1021121]
[1021124, 1021125]
[1021128, 1021129]
[1021132, 1021134]
[1021136, 1021137]
[1021140, 1021146]
[1021148, 1021149]
[1021156, 1021157]
[1021160, 1021162]
[1021164, 1021164]
[1021168, 1021173]
[1021176, 1021177]
[1021180, 1021185]
[1021188, 1021192]
[1021194, 1021197]
[1021200, 1021201]
[1021204, 1021205]
[1021208, 1021213]
[1021216, 1021220]
[1021222, 1021225]
[1021228, 1021229]
[1021232, 1021233]
[1021236, 1021236]
[1021240, 1021241]
[1021244, 1021245]
[1021248, 1021249]
[1021252, 1021253]
[1021260, 1021260]
[1021262, 1021262]
[1021264, 1021265]
[1021268, 1021269]
[1021272, 1021272]
[1021276, 1021278]
[1021280, 1021281]
[1021284, 1021290]
[1021292, 1021293]
[1021300, 1021301]
[1021304, 1021306]
[1021308, 1021308]
[1021312, 1021317]
[1021320, 1021321]
[1021324, 1021329]
[1021332, 1021336]
[1021338, 1021341]
[1021344, 1021345]
[1021348, 1021349]
[1021352, 1021357]
[1021360, 1021364]
[1021366, 1021369]
[1021372, 1021373]
[1021376, 1021377]
[1021380, 1021380]
[1021384, 1021385]
[1021388, 1021389]
[1021392, 1021393]
[1021396, 1021397]
[1021404, 1021404]
[1021406, 1021406]
[1021408, 1021409]
[1021412, 1021413]
[1021416, 1021417]
[1021420, 1021422]
[1021424, 1021425]
[1021428, 1021434]
[1021436, 1021437]
[1021444, 1021445]
[1021448, 1021450]
[1021456, 1021461]
[1021464, 1021465]
[1021468, 1021473]
[1021476, 1021480]
[1021482, 1021485]
[1021488, 1021489]
[1021492, 1021493]
[1021496, 1021501]
[1021504, 1021508]
[1021510, 1021513]
[1021516, 1021517]
[1021520, 1021521]
[1021528, 1021529]
[1021532, 1021533]
[1021536, 1021537]
[1021540, 1021541]
[1021548, 1021548]
[1021550, 1021550]
[1021552, 1021553]
[1021556, 1021557]
[1021560, 1021561]
[1021564, 1021566]
[1021568, 1021569]
[1021572, 1021578]
[1021580, 1021581]
[1021588, 1021589]
[1021592, 1021594]
[1021596, 1021597]
[1021600, 1021605]
[1021608, 1021609]
[1021612, 1021613]
[1021616, 1021617]
[1021620, 1021621]
[1021624, 1021625]
[1021628, 1021629]
[1021632, 1021633]
[1021636, 1021637]
[1021640, 1021641]
[1021644, 1021645]
[1021648, 1021649]
[1021652, 1021653]
[1021656, 1021657]
[1021660, 1021661]
[1021664, 1021665]
[1021668, 1021669]
[1021672, 1021673]
[1021676, 1021677]
[1021680, 1021681]
[1021684, 1021685]
[1021688, 1021689]
[1021692, 1021693]
[1021696, 1021697]
[1021700, 1021701]
[1021704, 1021705]
[1021708, 1021709]
[1021712, 1021713]
[1021716, 1021717]
[1021720, 1021721]
[1021724, 1021725]
[1021728, 1021729]
[1021732, 1021733]
[1021736, 1021737]
[1021740, 1021741]
[1021744, 1021745]
[1021748, 1021749]
[1021752, 1021753]
[1021756, 1021757]
[1021760, 1021761]
[1021764, 1021765]
[1021768, 1021769]
[1021772, 1021773]
[1021776, 1021777]
[1021780, 1021781]
[1021784, 1021785]
[1021788, 1021789]
[1021792, 1021793]
[1021796, 1021797]
[1021800, 1021801]
[1021804, 1021805]
[1021808, 1021809]
[1021812, 1021813]
[1021816, 1021817]
[1021820, 1021821]
[1021824, 1021825]
[1021828, 1021829]
[1021832, 1021833]
[1021836, 1021838]
[1021840, 1021842]
[1021844, 1021845]
[1021848, 1021851]
[1021856, 1021857]
[1021864, 1021866]
[1021868, 1021870]
[1021872, 1021873]
[1021876, 1021879]
[1021884, 1021884]
[1021888, 1021889]
[1021892, 1021893]
[1021901, 1021901]
[1021904, 1021905]
[1021912, 1021913]
[1021916, 1021917]
[1021920, 1021922]
[1021924, 1021926]
[1021928, 1021929]
[1021932, 1021935]
[1021940, 1021941]
[1021948, 1021950]
[1021952, 1021954]
[1021956, 1021957]
[1021960, 1021963]
[1021968, 1021968]
[1021972, 1021973]
[1021976, 1021977]
[1021985, 1021985]
[1021988, 1021989]
[1021996, 1021997]
[1022000, 1022001]
[1022004, 1022006]
[1022008, 1022010]
[1022012, 1022013]
[1022016, 1022019]
[1022024, 1022025]
[1022032, 1022034]
[1022036, 1022038]
[1022040, 1022041]
[1022044, 1022047]
[1022052, 1022052]
[1022056, 1022057]
[1022060, 1022061]
[1022069, 1022069]
[1022072, 1022073]
[1022080, 1022081]
[1022084, 1022085]
[1022088, 1022090]
[1022092, 1022094]
[1022096, 1022097]
[1022100, 1022103]
[1022108, 1022109]
[1022116, 1022118]
[1022120, 1022122]
[1022124, 1022125]
[1022128, 1022131]
[1022136, 1022136]
[1022140, 1022141]
[1022144, 1022145]
[1022153, 1022153]
[1022156, 1022157]
[1022164, 1022165]
[1022168, 1022169]
[1022172, 1022174]
[1022176, 1022178]
[1022180, 1022181]
[1022184, 1022187]
[1022192, 1022193]
[1022200, 1022202]
[1022204, 1022206]
[1022208, 1022209]
[1022212, 1022215]
[1022220, 1022220]
[1022224, 1022225]
[1022228, 1022229]
[1022237, 1022237]
[1022240, 1022241]
[1022248, 1022249]
[1022252, 1022253]
[1022256, 1022258]
[1022260, 1022262]
[1022264, 1022265]
[1022268, 1022271]
[1022276, 1022277]
[1022284, 1022286]
[1022288, 1022290]
[1022292, 1022293]
[1022296, 1022299]
[1022304, 1022304]
[1022307, 1022309]
[1022312, 1022313]
[1022321, 1022321]
[1022324, 1022325]
[1022332, 1022333]
[1022335, 1022337]
[1022340, 1022342]
[1022344, 1022346]
[1022348, 1022350]
[1022352, 1022354]
[1022360, 1022361]
[1022368, 1022370]
[1022372, 1022374]
[1022376, 1022378]
[1022380, 1022382]
[1022388, 1022388]
[1022392, 1022393]
[1022396, 1022397]
[1022405, 1022405]
[1022408, 1022409]
[1022412, 1022413]
[1022416, 1022417]
[1022420, 1022421]
[1022424, 1022426]
[1022428, 1022430]
[1022432, 1022433]
[1022436, 1022441]
[1022444, 1022445]
[1022452, 1022454]
[1022456, 1022458]
[1022460, 1022461]
[1022464, 1022467]
[1022472, 1022472]
[1022475, 1022477]
[1022480, 1022481]
[1022489, 1022489]
[1022492, 1022493]
[1022496, 1022497]
[1022500, 1022501]
[1022503, 1022505]
[1022508, 1022509]
[1022512, 1022517]
[1022520, 1022525]
[1022528, 1022529]
[1022536, 1022537]
[1022540, 1022545]
[1022548, 1022551]
[1022556, 1022556]
[1022560, 1022561]
[1022564, 1022565]
[1022573, 1022573]
[1022576, 1022577]
[1022584, 1022585]
[1022588, 1022589]
[1022592, 1022594]
[1022596, 1022598]
[1022600, 1022601]
[1022604, 1022607]
[1022612, 1022613]
[1022620, 1022622]
[1022624, 1022626]
[1022628, 1022629]
[1022632, 1022635]
[1022640, 1022640]
[1022644, 1022645]
[1022648, 1022649]
[1022652, 1022652]
[1022657, 1022657]
[1022659, 1022661]
[1022668, 1022669]
[1022672, 1022673]
[1022676, 1022678]
[1022680, 1022682]
[1022684, 1022690]
[1022692, 1022694]
[1022696, 1022698]
[1022700, 1022702]
[1022704, 1022705]
[1022708, 1022710]
[1022712, 1022718]
[1022720, 1022722]
[1022724, 1022726]
[1022728, 1022730]
[1022732, 1022734]
[1022736, 1022736]
[1022741, 1022741]
[1022743, 1022745]
[1022752, 1022753]
[1022756, 1022756]
[1022760, 1022761]
[1022764, 1022774]
[1022776, 1022777]
[1022780, 1022785]
[1022788, 1022802]
[1022804, 1022805]
[1022808, 1022813]
[1022816, 1022820]
[1022825, 1022825]
[1022827, 1022829]
[1022836, 1022837]
[1022840, 1022840]
[1022844, 1022845]
[1022848, 1022858]
[1022860, 1022861]
[1022864, 1022869]
[1022872, 1022886]
[1022888, 1022889]
[1022892, 1022897]
[1022900, 1022904]
[1022909, 1022909]
[1022911, 1022913]
[1022920, 1022921]
[1022924, 1022924]
[1022928, 1022930]
[1022932, 1022934]
[1022936, 1022942]
[1022944, 1022946]
[1022948, 1022950]
[1022952, 1022954]
[1022956, 1022957]
[1022960, 1022962]
[1022964, 1022970]
[1022972, 1022974]
[1022976, 1022978]
[1022980, 1022982]
[1022984, 1022986]
[1022988, 1022988]
[1022993, 1022993]
[1022995, 1022997]
[1023004, 1023005]
[1023008, 1023008]
[1023012, 1023014]
[1023016, 1023018]
[1023020, 1023026]
[1023028, 1023030]
[1023032, 1023034]
[1023036, 1023038]
[1023040, 1023041]
[1023044, 1023046]
[1023048, 1023054]
[1023056, 1023058]
[1023060, 1023062]
[1023064, 1023066]
[1023068, 1023070]
[1023072, 1023072]
[1023077, 1023077]
[1023079, 1023081]
[1023088, 1023089]
[1023092, 1023092]
[1023096, 1023097]
[1023100, 1023110]
[1023112, 1023113]
[1023116, 1023121]
[1023124, 1023138]
[1023140, 1023141]
[1023144, 1023149]
[1023152, 1023156]
[1023161, 1023161]
[1023163, 1023165]
[1023172, 1023173]
[1023176, 1023176]
[1023180, 1023181]
[1023184, 1023194]
[1023196, 1023197]
[1023200, 1023205]
[1023208, 1023222]
[1023224, 1023225]
[1023228, 1023233]
[1023236, 1023240]
[1023245, 1023245]
[1023247, 1023249]
[1023256, 1023257]
[1023260, 1023260]
[1023264, 1023265]
[1023268, 1023278]
[1023280, 1023281]
[1023284, 1023289]
[1023292, 1023306]
[1023308, 1023309]
[1023312, 1023317]
[1023320, 1023324]
[1023329, 1023329]
[1023331, 1023333]
[1023340, 1023341]
[1023344, 1023344]
[1023348, 1023350]
[1023352, 1023354]
[1023356, 1023362]
[1023364, 1023366]
[1023368, 1023370]
[1023372, 1023374]
[1023376, 1023378]
[1023380, 1023382]
[1023384, 1023390]
[1023392, 1023394]
[1023396, 1023398]
[1023400, 1023402]
[1023404, 1023406]
[1023408, 1023408]
[1023413, 1023413]
[1023415, 1023417]
[1023424, 1023425]
[1023428, 1023428]
[1023432, 1023434]
[1023436, 1023438]
[1023440, 1023446]
[1023448, 1023450]
[1023452, 1023454]
[1023456, 1023458]
[1023460, 1023462]
[1023464, 1023466]
[1023468, 1023474]
[1023476, 1023478]
[1023480, 1023482]
[1023484, 1023486]
[1023488, 1023490]
[1023492, 1023492]
[1023497, 1023497]
[1023499, 1023501]
[1023508, 1023509]
[1023512, 1023512]
[1023516, 1023518]
[1023520, 1023522]
[1023524, 1023530]
[1023532, 1023534]
[1023536, 1023538]
[1023540, 1023542]
[1023544, 1023546]
[1023548, 1023550]
[1023552, 1023558]
[1023560, 1023562]
[1023564, 1023566]
[1023568, 1023570]
[1023572, 1023574]
[1023576, 1023576]
[1023581, 1023581]
[1023583, 1023585]
[1023592, 1023593]
[1023596, 1023596]
[1023600, 1023602]
[1023604, 1023606]
[1023608, 1023614]
[1023616, 1023618]
[1023620, 1023622]
[1023624, 1023626]
[1023628, 1023629]
[1023632, 1023634]
[1023636, 1023642]
[1023644, 1023646]
[1023648, 1023650]
[1023652, 1023654]
[1023656, 1023658]
[1023660, 1023660]
[1023665, 1023665]
[1023667, 1023669]
[1023676, 1023677]
[1023680, 1023680]
[1023684, 1023686]
[1023688, 1023690]
[1023692, 1023698]
[1023700, 1023702]
[1023704, 1023706]
[1023708, 1023710]
[1023712, 1023713]
[1023716, 1023718]
[1023720, 1023726]
[1023728, 1023730]
[1023732, 1023734]
[1023736, 1023738]
[1023740, 1023742]
[1023744, 1023744]
[1023749, 1023749]
[1023751, 1023753]
[1023760, 1023761]
[1023764, 1023764]
[1023768, 1023770]
[1023772, 1023774]
[1023776, 1023782]
[1023784, 1023786]
[1023788, 1023790]
[1023792, 1023794]
[1023796, 1023797]
[1023800, 1023802]
[1023804, 1023810]
[1023812, 1023814]
[1023816, 1023818]
[1023820, 1023822]
[1023824, 1023826]
[1023828, 1023828]
[1023833, 1023833]
[1023835, 1023837]
[1023844, 1023845]
[1023848, 1023848]
[1023852, 1023854]
[1023856, 1023858]
[1023860, 1023866]
[1023868, 1023870]
[1023872, 1023874]
[1023876, 1023878]
[1023880, 1023881]
[1023884, 1023886]
[1023888, 1023894]
[1023896, 1023898]
[1023900, 1023902]
[1023904, 1023906]
[1023908, 1023910]
[1023912, 1023912]
[1023917, 1023917]
[1023919, 1023921]
[1023928, 1023929]
[1023932, 1023932]
[1023936, 1023937]
[1023940, 1023950]
[1023952, 1023953]
[1023956, 1023961]
[1023964, 1023978]
[1023980, 1023981]
[1023984, 1023989]
[1023992, 1023996]
[1024001, 1024001]
[1024003, 1024005]
[1024012, 1024013]
[1024016, 1024016]
[1024020, 1024021]
[1024024, 1024034]
[1024036, 1024037]
[1024040, 1024045]
[1024048, 1024062]
[1024064, 1024065]
[1024068, 1024073]
[1024076, 1024080]
[1024085, 1024085]
[1024087, 1024089]
[1024096, 1024097]
[1024100, 1024100]
[1024104, 1024105]
[1024108, 1024118]
[1024120, 1024121]
[1024124, 1024129]
[1024132, 1024146]
[1024148, 1024149]
[1024152, 1024157]
[1024160, 1024164]
[1024169, 1024169]
[1024171, 1024173]
[1024180, 1024181]
[1024184, 1024184]
[1024188, 1024189]
[1024192, 1024202]
[1024204, 1024205]
[1024208, 1024213]
[1024216, 1024230]
[1024232, 1024233]
[1024236, 1024241]
[1024244, 1024248]
[1024253, 1024253]
[1024255, 1024257]
[1024264, 1024265]
[1024268, 1024268]
[1024272, 1024278]
[1024280, 1024286]
[1024288, 1024294]
[1024296, 1024306]
[1024308, 1024314]
[1024316, 1024322]
[1024324, 1024330]
[1024332, 1024332]
[1024337, 1024337]
[1024339, 1024341]
[1024348, 1024349]
[1024352, 1024352]
[1024356, 1024370]
[1024372, 1024386]
[1024388, 1024398]
[1024400, 1024416]
[1024421, 1024421]
[1024423, 1024425]
[1024432, 1024433]
[1024436, 1024436]
[1024440, 1024444]
[1024446, 1024454]
[1024456, 1024470]
[1024472, 1024472]
[1024474, 1024482]
[1024484, 1024500]
[1024505, 1024505]
[1024507, 1024509]
[1024516, 1024517]
[1024520, 1024520]
[1024524, 1024530]
[1024532, 1024538]
[1024540, 1024546]
[1024548, 1024558]
[1024560, 1024566]
[1024568, 1024574]
[1024576, 1024582]
[1024584, 1024584]
[1024589, 1024589]
[1024591, 1024593]
[1024600, 1024601]
[1024604, 1024604]
[1024608, 1024622]
[1024624, 1024638]
[1024640, 1024650]
[1024652, 1024668]
[1024673, 1024673]
[1024675, 1024677]
[1024684, 1024685]
[1024688, 1024688]
[1024692, 1024706]
[1024708, 1024722]
[1024724, 1024734]
[1024736, 1024752]
[1024757, 1024757]
[1024759, 1024761]
[1024768, 1024769]
[1024772, 1024772]
[1024776, 1024790]
[1024792, 1024806]
[1024808, 1024818]
[1024820, 1024836]
[1024841, 1024841]
[1024843, 1024845]
[1024852, 1024853]
[1024856, 1024856]
[1024860, 1024874]
[1024876, 1024890]
[1024892, 1024902]
[1024904, 1024920]
[1024925, 1024925]
[1024927, 1024929]
[1024936, 1024937]
[1024940, 1024940]
[1024944, 1024958]
[1024960, 1024974]
[1024976, 1024986]
[1024988, 1025004]
[1025009, 1025009]
[1025011, 1025013]
[1025020, 1025021]
[1025024, 1025024]
[1025028, 1025034]
[1025036, 1025042]
[1025044, 1025050]
[1025052, 1025062]
[1025064, 1025070]
[1025072, 1025078]
[1025080, 1025086]
[1025088, 1025088]
[1025093, 1025093]
[1025095, 1025097]
[1025104, 1025105]
[1025108, 1025108]
[1025112, 1025113]
[1025116, 1025126]
[1025128, 1025129]
[1025132, 1025137]
[1025140, 1025154]
[1025156, 1025157]
[1025160, 1025165]
[1025168, 1025172]
[1025177, 1025177]
[1025179, 1025181]
[1025188, 1025189]
[1025192, 1025192]
[1025196, 1025210]
[1025212, 1025226]
[1025228, 1025238]
[1025240, 1025257]
[1025260, 1025260]
[1025268, 1025269]
[1025272, 1025274]
[1025276, 1025278]
[1025280, 1025282]
[1025284, 1025286]
[1025288, 1025288]
[1025290, 1025293]
[1025296, 1025297]
[1025300, 1025302]
[1025304, 1025306]
[1025308, 1025310]
[1025312, 1025314]
[1025316, 1025316]
[1025318, 1025321]
[1025324, 1025325]
[1025328, 1025329]
[1025332, 1025332]
[1025336, 1025337]
[1025340, 1025341]
[1025344, 1025345]
[1025348, 1025349]
[1025356, 1025356]
[1025358, 1025358]
[1025360, 1025361]
[1025364, 1025365]
[1025368, 1025369]
[1025372, 1025374]
[1025376, 1025377]
[1025380, 1025386]
[1025388, 1025389]
[1025396, 1025397]
[1025400, 1025402]
[1025404, 1025404]
[1025408, 1025413]
[1025416, 1025418]
[1025420, 1025422]
[1025424, 1025426]
[1025428, 1025430]
[1025432, 1025432]
[1025434, 1025437]
[1025440, 1025441]
[1025444, 1025446]
[1025448, 1025450]
[1025452, 1025454]
[1025456, 1025458]
[1025460, 1025460]
[1025462, 1025465]
[1025468, 1025469]
[1025472, 1025473]
[1025476, 1025476]
[1025480, 1025481]
[1025484, 1025485]
[1025488, 1025489]
[1025492, 1025493]
[1025500, 1025500]
[1025502, 1025502]
[1025504, 1025505]
[1025508, 1025509]
[1025512, 1025513]
[1025516, 1025518]
[1025520, 1025521]
[1025524, 1025530]
[1025532, 1025533]
[1025540, 1025540]
[1025544, 1025546]
[1025552, 1025557]
[1025560, 1025566]
[1025568, 1025570]
[1025572, 1025574]
[1025576, 1025576]
[1025578, 1025578]
[1025580, 1025581]
[1025584, 1025592]
[1025594, 1025594]
[1025596, 1025596]
[1025598, 1025605]
[1025608, 1025608]
[1025610, 1025613]
[1025616, 1025617]
[1025620, 1025624]
[1025628, 1025629]
[1025632, 1025633]
[1025636, 1025637]
[1025644, 1025645]
[1025648, 1025649]
[1025652, 1025654]
[1025656, 1025658]
[1025660, 1025662]
[1025664, 1025666]
[1025668, 1025670]
[1025672, 1025673]
[1025676, 1025677]
[1025680, 1025680]
[1025684, 1025686]
[1025688, 1025689]
[1025692, 1025697]
[1025700, 1025706]
[1025708, 1025710]
[1025712, 1025714]
[1025716, 1025718]
[1025720, 1025720]
[1025722, 1025722]
[1025724, 1025725]
[1025728, 1025729]
[1025732, 1025733]
[1025736, 1025738]
[1025740, 1025741]
[1025744, 1025749]
[1025752, 1025752]
[1025754, 1025757]
[1025760, 1025761]
[1025764, 1025765]
[1025768, 1025768]
[1025772, 1025773]
[1025776, 1025777]
[1025780, 1025781]
[1025784, 1025784]
[1025788, 1025789]
[1025792, 1025793]
[1025796, 1025798]
[1025800, 1025802]
[1025804, 1025806]
[1025808, 1025810]
[1025812, 1025814]
[1025816, 1025817]
[1025820, 1025821]
[1025828, 1025830]
[1025832, 1025833]
[1025836, 1025841]
[1025844, 1025850]
[1025852, 1025854]
[1025856, 1025858]
[1025860, 1025862]
[1025864, 1025864]
[1025866, 1025866]
[1025868, 1025869]
[1025872, 1025873]
[1025876, 1025877]
[1025880, 1025882]
[1025884, 1025885]
[1025888, 1025893]
[1025896, 1025896]
[1025898, 1025901]
[1025904, 1025904]
[1025908, 1025909]
[1025912, 1025912]
[1025916, 1025917]
[1025920, 1025921]
[1025924, 1025925]
[1025928, 1025928]
[1025932, 1025933]
[1025936, 1025937]
[1025940, 1025942]
[1025944, 1025946]
[1025948, 1025950]
[1025952, 1025954]
[1025956, 1025958]
[1025960, 1025961]
[1025964, 1025965]
[1025972, 1025974]
[1025976, 1025977]
[1025980, 1025985]
[1025988, 1025994]
[1025996, 1025998]
[1026000, 1026002]
[1026004, 1026006]
[1026008, 1026008]
[1026010, 1026010]
[1026012, 1026013]
[1026016, 1026017]
[1026020, 1026021]
[1026024, 1026026]
[1026028, 1026029]
[1026032, 1026037]
[1026040, 1026040]
[1026042, 1026045]
[1026052, 1026053]
[1026056, 1026056]
[1026060, 1026061]
[1026064, 1026065]
[1026068, 1026069]
[1026072, 1026072]
[1026076, 1026077]
[1026080, 1026081]
[1026084, 1026086]
[1026088, 1026090]
[1026092, 1026094]
[1026096, 1026098]
[1026100, 1026102]
[1026104, 1026105]
[1026108, 1026109]
[1026116, 1026118]
[1026120, 1026121]
[1026124, 1026129]
[1026132, 1026138]
[1026140, 1026142]
[1026144, 1026146]
[1026148, 1026150]
[1026152, 1026152]
[1026154, 1026154]
[1026156, 1026157]
[1026160, 1026161]
[1026164, 1026165]
[1026168, 1026170]
[1026172, 1026173]
[1026176, 1026181]
[1026184, 1026184]
[1026186, 1026189]
[1026192, 1026192]
[1026196, 1026197]
[1026200, 1026200]
[1026204, 1026205]
[1026208, 1026209]
[1026212, 1026213]
[1026216, 1026216]
[1026220, 1026221]
[1026224, 1026225]
[1026228, 1026230]
[1026232, 1026234]
[1026236, 1026238]
[1026240, 1026242]
[1026244, 1026246]
[1026248, 1026249]
[1026252, 1026253]
[1026260, 1026262]
[1026264, 1026265]
[1026268, 1026273]
[1026276, 1026282]
[1026284, 1026286]
[1026288, 1026290]
[1026292, 1026294]
[1026296, 1026296]
[1026298, 1026298]
[1026300, 1026301]
[1026304, 1026305]
[1026308, 1026309]
[1026312, 1026314]
[1026316, 1026317]
[1026320, 1026325]
[1026328, 1026328]
[1026330, 1026333]
[1026336, 1026336]
[1026340, 1026341]
[1026344, 1026344]
[1026348, 1026349]
[1026352, 1026353]
[1026356, 1026357]
[1026360, 1026360]
[1026364, 1026365]
[1026368, 1026369]
[1026372, 1026374]
[1026376, 1026378]
[1026380, 1026382]
[1026384, 1026386]
[1026388, 1026390]
[1026392, 1026393]
[1026396, 1026397]
[1026404, 1026406]
[1026408, 1026409]
[1026412, 1026417]
[1026420, 1026426]
[1026428, 1026430]
[1026432, 1026434]
[1026436, 1026438]
[1026440, 1026440]
[1026442, 1026442]
[1026444, 1026445]
[1026448, 1026449]
[1026452, 1026453]
[1026456, 1026458]
[1026460, 1026461]
[1026464, 1026469]
[1026472, 1026472]
[1026474, 1026477]
[1026480, 1026480]
[1026484, 1026485]
[1026488, 1026488]
[1026492, 1026493]
[1026496, 1026497]
[1026500, 1026501]
[1026508, 1026509]
[1026512, 1026513]
[1026516, 1026518]
[1026520, 1026522]
[1026524, 1026526]
[1026528, 1026530]
[1026532, 1026534]
[1026536, 1026537]
[1026540, 1026541]
[1026548, 1026550]
[1026552, 1026553]
[1026556, 1026561]
[1026564, 1026570]
[1026572, 1026574]
[1026576, 1026578]
[1026580, 1026582]
[1026584, 1026584]
[1026586, 1026586]
[1026588, 1026589]
[1026592, 1026593]
[1026596, 1026597]
[1026600, 1026602]
[1026604, 1026605]
[1026608, 1026613]
[1026616, 1026616]
[1026618, 1026621]
[1026624, 1026624]
[1026628, 1026629]
[1026632, 1026632]
[1026636, 1026637]
[1026640, 1026641]
[1026644, 1026645]
[1026652, 1026653]
[1026656, 1026657]
[1026660, 1026662]
[1026664, 1026666]
[1026668, 1026670]
[1026672, 1026674]
[1026676, 1026678]
[1026680, 1026681]
[1026684, 1026685]
[1026692, 1026694]
[1026696, 1026697]
[1026700, 1026705]
[1026708, 1026714]
[1026716, 1026718]
[1026720, 1026722]
[1026724, 1026726]
[1026728, 1026728]
[1026730, 1026730]
[1026732, 1026733]
[1026736, 1026737]
[1026740, 1026741]
[1026744, 1026746]
[1026748, 1026749]
[1026752, 1026757]
[1026760, 1026760]
[1026762, 1026765]
[1026768, 1026768]
[1026772, 1026773]
[1026776, 1026776]
[1026780, 1026781]
[1026784, 1026785]
[1026788, 1026789]
[1026796, 1026797]
[1026800, 1026801]
[1026804, 1026806]
[1026808, 1026810]
[1026812, 1026814]
[1026816, 1026818]
[1026820, 1026822]
[1026824, 1026825]
[1026828, 1026829]
[1026836, 1026838]
[1026840, 1026841]
[1026844, 1026849]
[1026852, 1026858]
[1026860, 1026862]
[1026864, 1026866]
[1026868, 1026870]
[1026872, 1026872]
[1026874, 1026874]
[1026876, 1026877]
[1026880, 1026881]
[1026884, 1026885]
[1026888, 1026890]
[1026892, 1026893]
[1026896, 1026901]
[1026904, 1026904]
[1026906, 1026909]
[1026912, 1026912]
[1026916, 1026917]
[1026920, 1026920]
[1026924, 1026925]
[1026928, 1026929]
[1026932, 1026933]
[1026940, 1026941]
[1026944, 1026945]
[1026948, 1026950]
[1026952, 1026954]
[1026956, 1026958]
[1026960, 1026962]
[1026964, 1026966]
[1026968, 1026969]
[1026972, 1026973]
[1026980, 1026982]
[1026984, 1026985]
[1026988, 1026993]
[1026996, 1027002]
[1027004, 1027006]
[1027008, 1027010]
[1027012, 1027014]
[1027016, 1027016]
[1027018, 1027018]
[1027020, 1027021]
[1027024, 1027025]
[1027028, 1027029]
[1027032, 1027034]
[1027036, 1027037]
[1027040, 1027045]
[1027048, 1027048]
[1027050, 1027053]
[1027056, 1027056]
[1027060, 1027061]
[1027064, 1027064]
[1027068, 1027069]
[1027072, 1027073]
[1027076, 1027077]
[1027084, 1027085]
[1027088, 1027089]
[1027092, 1027094]
[1027096, 1027098]
[1027100, 1027102]
[1027104, 1027106]
[1027108, 1027110]
[1027112, 1027113]
[1027116, 1027117]
[1027124, 1027126]
[1027128, 1027129]
[1027132, 1027137]
[1027140, 1027146]
[1027148, 1027150]
[1027152, 1027154]
[1027156, 1027158]
[1027160, 1027160]
[1027162, 1027162]
[1027164, 1027165]
[1027168, 1027169]
[1027172, 1027173]
[1027176, 1027178]
[1027180, 1027181]
[1027184, 1027189]
[1027192, 1027192]
[1027194, 1027197]
[1027200, 1027200]
[1027204, 1027205]
[1027208, 1027208]
[1027212, 1027213]
[1027216, 1027217]
[1027220, 1027221]
[1027228, 1027229]
[1027232, 1027233]
[1027236, 1027238]
[1027240, 1027242]
[1027244, 1027246]
[1027248, 1027250]
[1027252, 1027254]
[1027256, 1027257]
[1027260, 1027261]
[1027268, 1027270]
[1027272, 1027273]
[1027276, 1027281]
[1027284, 1027290]
[1027292, 1027294]
[1027296, 1027298]
[1027300, 1027302]
[1027304, 1027304]
[1027306, 1027306]
[1027308, 1027309]
[1027312, 1027313]
[1027316, 1027317]
[1027320, 1027322]
[1027324, 1027325]
[1027328, 1027333]
[1027336, 1027336]
[1027340, 1027341]
[1027344, 1027345]
[1027352, 1027353]
[1027356, 1027357]
[1027360, 1027361]
[1027364, 1027365]
[1027372, 1027373]
[1027376, 1027381]
[1027384, 1027386]
[1027388, 1027390]
[1027392, 1027394]
[1027396, 1027396]
[1027398, 1027398]
[1027400, 1027401]
[1027404, 1027405]
[1027408, 1027409]
[1027412, 1027412]
[1027414, 1027414]
[1027420, 1027425]
[1027428, 1027429]
[1027432, 1027433]
[1027436, 1027437]
[1027440, 1027441]
[1027445, 1027445]
[1027448, 1027448]
[1027456, 1027458]
[1027460, 1027462]
[1027464, 1027465]
[1027472, 1027474]
[1027476, 1027478]
[1027504, 1027504]
[1027506, 1027509]
[1027512, 1027513]
[1027516, 1027517]
[1027520, 1027521]
[1027528, 1027534]
[1027536, 1027537]
[1027540, 1027541]
[1027544, 1027545]
[1027548, 1027550]
[1027552, 1027554]
[1027556, 1027557]
[1027560, 1027566]
[1027568, 1027570]
[1027572, 1027573]
[1027576, 1027577]
[1027596, 1027602]
[1027604, 1027606]
[1027608, 1027610]
[1027612, 1027612]
[1027614, 1027614]
[1027616, 1027617]
[1027620, 1027621]
[1027624, 1027626]
[1027628, 1027629]
[1027632, 1027634]
[1027636, 1027638]
[1027640, 1027642]
[1027644, 1027646]
[1027648, 1027649]
[1027652, 1027653]
[1027656, 1027658]
[1027660, 1027662]
[1027664, 1027670]
[1027684, 1027684]
[1027688, 1027690]
[1027692, 1027694]
[1027696, 1027698]
[1027700, 1027702]
[1027704, 1027704]
[1027706, 1027706]
[1027708, 1027708]
[1027712, 1027712]
[1027716, 1027717]
[1027724, 1027726]
[1027728, 1027730]
[1027732, 1027734]
[1027736, 1027738]
[1027740, 1027741]
[1027744, 1027745]
[1027748, 1027749]
[1027752, 1027752]
[1027756, 1027756]
[1027758, 1027762]
[1027772, 1027773]
[1027776, 1027777]
[1027780, 1027780]
[1027784, 1027784]
[1027788, 1027789]
[1027792, 1027793]
[1027796, 1027798]
[1027800, 1027802]
[1027804, 1027806]
[1027808, 1027810]
[1027812, 1027814]
[1027816, 1027819]
[1027823, 1027827]
[1027831, 1027842]
[1027844, 1027846]
[1027848, 1027850]
[1027852, 1027854]
[1027856, 1027856]
[1027860, 1027861]
[1027864, 1027865]
[1027868, 1027869]
[1027872, 1027873]
[1027876, 1027877]
[1027879, 1027881]
[1027884, 1027885]
[1027888, 1027889]
[1027892, 1027894]
[1027896, 1027898]
[1027900, 1027902]
[1027904, 1027906]
[1027908, 1027926]
[1027928, 1027946]
[1027948, 1027950]
[1027952, 1027954]
[1027956, 1027958]
[1027960, 1027962]
[1027964, 1027965]
[1027968, 1027969]
[1027971, 1027973]
[1027976, 1027977]
[1027980, 1027981]
[1027992, 1027994]
[1027996, 1027998]
[1028000, 1028002]
[1028004, 1028006]
[1028008, 1028010]
[1028012, 1028015]
[1028019, 1028038]
[1028040, 1028042]
[1028044, 1028046]
[1028048, 1028050]
[1028052, 1028054]
[1028056, 1028057]
[1028060, 1028061]
[1028064, 1028065]
[1028072, 1028074]
[1028076, 1028078]
[1028080, 1028081]
[1028084, 1028086]
[1028088, 1028090]
[1028092, 1028093]
[1028096, 1028097]
[1028104, 1028106]
[1028108, 1028110]
[1028112, 1028114]
[1028116, 1028118]
[1028120, 1028122]
[1028124, 1028126]
[1028128, 1028130]
[1028132, 1028134]
[1028136, 1028136]
[1028140, 1028142]
[1028144, 1028144]
[1028148, 1028149]
[1028152, 1028153]
[1028164, 1028166]
[1028168, 1028170]
[1028172, 1028174]
[1028176, 1028178]
[1028180, 1028181]
[1028184, 1028185]
[1028196, 1028198]
[1028200, 1028202]
[1028204, 1028206]
[1028208, 1028209]
[1028212, 1028214]
[1028216, 1028218]
[1028220, 1028221]
[1028224, 1028225]
[1028228, 1028228]
[1028232, 1028234]
[1028236, 1028236]
[1028240, 1028242]
[1028244, 1028244]
[1028248, 1028249]
[1028252, 1028253]
[1028264, 1028266]
[1028268, 1028270]
[1028272, 1028273]
[1028276, 1028277]
[1028288, 1028289]
[1028296, 1028298]
[1028300, 1028302]
[1028304, 1028306]
[1028308, 1028310]
[1028312, 1028313]
[1028316, 1028316]
[1028320, 1028320]
[1028324, 1028325]
[1028328, 1028329]
[1028332, 1028334]
[1028336, 1028338]
[1028340, 1028342]
[1028344, 1028346]
[1028348, 1028350]
[1028352, 1028353]
[1028356, 1028357]
[1028360, 1028361]
[1028364, 1028365]
[1028368, 1028369]
[1028376, 1028377]
[1028380, 1028382]
[1028384, 1028386]
[1028388, 1028390]
[1028392, 1028394]
[1028396, 1028401]
[1028403, 1028422]
[1028424, 1028426]
[1028428, 1028430]
[1028432, 1028434]
[1028436, 1028438]
[1028440, 1028442]
[1028444, 1028445]
[1028448, 1028449]
[1028452, 1028453]
[1028456, 1028458]
[1028460, 1028462]
[1028464, 1028466]
[1028468, 1028470]
[1028472, 1028474]
[1028476, 1028478]
[1028480, 1028482]
[1028484, 1028486]
[1028488, 1028514]
[1028516, 1028518]
[1028520, 1028522]
[1028524, 1028526]
[1028528, 1028528]
[1028530, 1028530]
[1028532, 1028533]
[1028536, 1028537]
[1028544, 1028545]
[1028548, 1028550]
[1028552, 1028554]
[1028556, 1028558]
[1028560, 1028562]
[1028564, 1028565]
[1028568, 1028569]
[1028572, 1028573]
[1028576, 1028578]
[1028580, 1028586]
[1028588, 1028589]
[1028600, 1028600]
[1028602, 1028602]
[1028604, 1028605]
[1028608, 1028610]
[1028612, 1028614]
[1028616, 1028617]
[1028620, 1028621]
[1028636, 1028637]
[1028640, 1028642]
[1028644, 1028646]
[1028648, 1028650]
[1028652, 1028654]
[1028656, 1028657]
[1028659, 1028661]
[1028664, 1028665]
[1028668, 1028670]
[1028672, 1028673]
[1028676, 1028677]
[1028680, 1028681]
[1028684, 1028685]
[1028692, 1028698]
[1028700, 1028709]
[1028712, 1028713]
[1028732, 1028734]
[1028736, 1028738]
[1028740, 1028742]
[1028744, 1028746]
[1028748, 1028749]
[1028751, 1028752]
[1028756, 1028757]
[1028765, 1028765]
[1028768, 1028769]
[1028772, 1028774]
[1028776, 1028778]
[1028780, 1028781]
[1028784, 1028790]
[1028792, 1028799]
[1028804, 1028806]
[1028808, 1028810]
[1028812, 1028814]
[1028816, 1028818]
[1028820, 1028820]
[1028824, 1028825]
[1028828, 1028829]
[1028832, 1028834]
[1028836, 1028837]
[1028840, 1028842]
[1028844, 1028844]
[1028848, 1028849]
[1028852, 1028853]
[1028864, 1028866]
[1028868, 1028870]
[1028872, 1028873]
[1028876, 1028877]
[1028896, 1028898]
[1028900, 1028902]
[1028904, 1028906]
[1028908, 1028913]
[1028916, 1028916]
[1028920, 1028920]
[1028924, 1028925]
[1028928, 1028929]
[1028932, 1028934]
[1028937, 1028938]
[1028940, 1028942]
[1028944, 1028946]
[1028948, 1028950]
[1028952, 1028955]
[1028959, 1028978]
[1028980, 1028982]
[1028984, 1028986]
[1028988, 1028990]
[1028992, 1028992]
[1028994, 1028997]
[1029000, 1029001]
[1029003, 1029005]
[1029008, 1029009]
[1029012, 1029014]
[1029016, 1029018]
[1029020, 1029022]
[1029024, 1029026]
[1029028, 1029030]
[1029032, 1029034]
[1029036, 1029038]
[1029040, 1029042]
[1029044, 1029047]
[1029051, 1029070]
[1029072, 1029074]
[1029076, 1029078]
[1029080, 1029082]
[1029084, 1029090]
[1029092, 1029094]
[1029096, 1029098]
[1029100, 1029101]
[1029104, 1029106]
[1029108, 1029110]
[1029112, 1029114]
[1029116, 1029121]
[1029124, 1029125]
[1029128, 1029129]
[1029132, 1029132]
[1029136, 1029136]
[1029138, 1029141]
[1029144, 1029145]
[1029156, 1029158]
[1029160, 1029162]
[1029164, 1029166]
[1029168, 1029170]
[1029172, 1029173]
[1029176, 1029178]
[1029180, 1029182]
[1029184, 1029186]
[1029188, 1029193]
[1029196, 1029197]
[1029200, 1029201]
[1029204, 1029204]
[1029208, 1029208]
[1029210, 1029213]
[1029216, 1029217]
[1029228, 1029234]
[1029236, 1029238]
[1029240, 1029242]
[1029244, 1029245]
[1029248, 1029250]
[1029252, 1029254]
[1029256, 1029258]
[1029260, 1029265]
[1029268, 1029269]
[1029272, 1029273]
[1029276, 1029276]
[1029280, 1029280]
[1029282, 1029285]
[1029288, 1029289]
[1029300, 1029302]
[1029304, 1029306]
[1029308, 1029310]
[1029312, 1029314]
[1029316, 1029317]
[1029320, 1029322]
[1029324, 1029326]
[1029328, 1029330]
[1029332, 1029338]
[1029340, 1029341]
[1029344, 1029345]
[1029348, 1029348]
[1029352, 1029352]
[1029354, 1029357]
[1029360, 1029361]
[1029364, 1029365]
[1029372, 1029372]
[1029374, 1029374]
[1029376, 1029377]
[1029380, 1029381]
[1029388, 1029389]
[1029392, 1029394]
[1029396, 1029398]
[1029400, 1029402]
[1029404, 1029406]
[1029408, 1029409]
[1029412, 1029413]
[1029416, 1029417]
[1029420, 1029420]
[1029422, 1029422]
[1029424, 1029430]
[1029440, 1029442]
[1029444, 1029450]
[1029452, 1029457]
[1029460, 1029461]
[1029464, 1029465]
[1029468, 1029468]
[1029472, 1029472]
[1029474, 1029475]
[1029480, 1029481]
[1029492, 1029492]
[1029494, 1029494]
[1029496, 1029497]
[1029500, 1029500]
[1029512, 1029514]
[1029516, 1029518]
[1029520, 1029522]
[1029524, 1029526]
[1029528, 1029529]
[1029532, 1029534]
[1029536, 1029542]
[1029544, 1029550]
[1029552, 1029553]
[1029556, 1029557]
[1029560, 1029560]
[1029564, 1029564]
[1029566, 1029569]
[1029572, 1029573]
[1029584, 1029590]
[1029592, 1029598]
[1029600, 1029601]
[1029604, 1029606]
[1029608, 1029610]
[1029612, 1029614]
[1029616, 1029621]
[1029624, 1029625]
[1029628, 1029629]
[1029632, 1029632]
[1029636, 1029636]
[1029638, 1029642]
[1029644, 1029645]
[1029656, 1029662]
[1029664, 1029670]
[1029672, 1029673]
[1029676, 1029679]
[1029681, 1029682]
[1029684, 1029693]
[1029696, 1029697]
[1029700, 1029701]
[1029704, 1029704]
[1029708, 1029708]
[1029710, 1029713]
[1029716, 1029717]
[1029728, 1029734]
[1029736, 1029742]
[1029744, 1029745]
[1029748, 1029751]
[1029753, 1029754]
[1029756, 1029765]
[1029768, 1029769]
[1029772, 1029773]
[1029776, 1029776]
[1029780, 1029780]
[1029782, 1029785]
[1029788, 1029789]
[1029800, 1029817]
[1029820, 1029826]
[1029828, 1029837]
[1029840, 1029841]
[1029844, 1029845]
[1029848, 1029848]
[1029852, 1029852]
[1029854, 1029857]
[1029860, 1029861]
[1029872, 1029874]
[1029876, 1029878]
[1029880, 1029882]
[1029884, 1029886]
[1029888, 1029889]
[1029892, 1029909]
[1029912, 1029913]
[1029916, 1029917]
[1029920, 1029920]
[1029924, 1029924]
[1029926, 1029929]
[1029932, 1029933]
[1029944, 1029950]
[1029952, 1029954]
[1029956, 1029958]
[1029960, 1029961]
[1029964, 1029966]
[1029968, 1029970]
[1029972, 1029974]
[1029976, 1029981]
[1029984, 1029985]
[1029988, 1029989]
[1029992, 1029992]
[1029996, 1029996]
[1029998, 1030001]
[1030004, 1030005]
[1030016, 1030018]
[1030020, 1030022]
[1030024, 1030026]
[1030028, 1030030]
[1030032, 1030033]
[1030036, 1030038]
[1030040, 1030042]
[1030044, 1030046]
[1030048, 1030053]
[1030056, 1030057]
[1030060, 1030061]
[1030064, 1030064]
[1030068, 1030068]
[1030070, 1030073]
[1030076, 1030077]
[1030088, 1030094]
[1030096, 1030098]
[1030100, 1030102]
[1030104, 1030105]
[1030108, 1030110]
[1030112, 1030114]
[1030116, 1030118]
[1030120, 1030125]
[1030128, 1030129]
[1030132, 1030133]
[1030136, 1030136]
[1030140, 1030140]
[1030142, 1030145]
[1030148, 1030149]
[1030160, 1030162]
[1030164, 1030166]
[1030168, 1030170]
[1030172, 1030174]
[1030176, 1030177]
[1030180, 1030182]
[1030184, 1030186]
[1030188, 1030190]
[1030192, 1030196]
[1030200, 1030201]
[1030204, 1030205]
[1030208, 1030208]
[1030212, 1030212]
[1030214, 1030217]
[1030220, 1030221]
[1030232, 1030238]
[1030240, 1030242]
[1030244, 1030246]
[1030248, 1030249]
[1030252, 1030254]
[1030256, 1030258]
[1030260, 1030262]
[1030264, 1030268]
[1030272, 1030273]
[1030276, 1030277]
[1030280, 1030280]
[1030284, 1030284]
[1030286, 1030289]
[1030292, 1030293]
[1030304, 1030310]
[1030312, 1030314]
[1030316, 1030318]
[1030320, 1030321]
[1030324, 1030326]
[1030328, 1030330]
[1030332, 1030334]
[1030336, 1030342]
[1030344, 1030345]
[1030348, 1030349]
[1030352, 1030352]
[1030356, 1030356]
[1030358, 1030361]
[1030364, 1030365]
[1030376, 1030378]
[1030380, 1030382]
[1030384, 1030386]
[1030388, 1030390]
[1030392, 1030393]
[1030396, 1030398]
[1030400, 1030402]
[1030404, 1030406]
[1030408, 1030414]
[1030416, 1030417]
[1030420, 1030421]
[1030424, 1030424]
[1030428, 1030428]
[1030430, 1030434]
[1030436, 1030437]
[1030448, 1030454]
[1030456, 1030462]
[1030464, 1030465]
[1030468, 1030470]
[1030472, 1030474]
[1030476, 1030478]
[1030480, 1030485]
[1030488, 1030489]
[1030492, 1030493]
[1030496, 1030496]
[1030500, 1030500]
[1030502, 1030506]
[1030508, 1030509]
[1030520, 1030526]
[1030528, 1030534]
[1030536, 1030537]
[1030540, 1030543]
[1030545, 1030546]
[1030548, 1030557]
[1030560, 1030561]
[1030564, 1030565]
[1030568, 1030568]
[1030572, 1030572]
[1030574, 1030577]
[1030580, 1030581]
[1030592, 1030598]
[1030600, 1030606]
[1030608, 1030609]
[1030612, 1030615]
[1030617, 1030618]
[1030620, 1030629]
[1030632, 1030633]
[1030636, 1030637]
[1030640, 1030640]
[1030644, 1030644]
[1030646, 1030649]
[1030652, 1030653]
[1030664, 1030666]
[1030668, 1030670]
[1030672, 1030674]
[1030676, 1030678]
[1030680, 1030681]
[1030684, 1030690]
[1030692, 1030701]
[1030704, 1030705]
[1030708, 1030709]
[1030712, 1030712]
[1030716, 1030716]
[1030718, 1030721]
[1030724, 1030725]
[1030736, 1030742]
[1030744, 1030746]
[1030748, 1030750]
[1030752, 1030753]
[1030756, 1030758]
[1030760, 1030762]
[1030764, 1030766]
[1030768, 1030773]
[1030776, 1030777]
[1030780, 1030781]
[1030784, 1030784]
[1030788, 1030788]
[1030790, 1030793]
[1030796, 1030797]
[1030808, 1030810]
[1030812, 1030814]
[1030816, 1030818]
[1030820, 1030822]
[1030824, 1030825]
[1030828, 1030830]
[1030832, 1030834]
[1030836, 1030838]
[1030840, 1030845]
[1030848, 1030849]
[1030852, 1030853]
[1030856, 1030856]
[1030860, 1030860]
[1030862, 1030865]
[1030868, 1030869]
[1030880, 1030886]
[1030888, 1030890]
[1030892, 1030894]
[1030896, 1030897]
[1030900, 1030902]
[1030904, 1030906]
[1030908, 1030910]
[1030912, 1030917]
[1030920, 1030921]
[1030924, 1030925]
[1030928, 1030928]
[1030932, 1030932]
[1030934, 1030937]
[1030940, 1030941]
[1030952, 1030954]
[1030956, 1030958]
[1030960, 1030962]
[1030964, 1030966]
[1030968, 1030969]
[1030972, 1030974]
[1030976, 1030978]
[1030980, 1030982]
[1030984, 1030989]
[1030992, 1030993]
[1030996, 1030997]
[1031000, 1031000]
[1031004, 1031004]
[1031006, 1031009]
[1031012, 1031013]
[1031024, 1031026]
[1031028, 1031030]
[1031032, 1031034]
[1031036, 1031038]
[1031040, 1031041]
[1031044, 1031046]
[1031048, 1031050]
[1031052, 1031054]
[1031056, 1031061]
[1031064, 1031065]
[1031068, 1031069]
[1031072, 1031072]
[1031076, 1031076]
[1031078, 1031081]
[1031084, 1031085]
[1031096, 1031102]
[1031104, 1031106]
[1031108, 1031110]
[1031112, 1031113]
[1031116, 1031118]
[1031120, 1031122]
[1031124, 1031126]
[1031128, 1031133]
[1031136, 1031137]
[1031140, 1031141]
[1031144, 1031144]
[1031148, 1031148]
[1031150, 1031153]
[1031156, 1031157]
[1031168, 1031170]
[1031172, 1031174]
[1031176, 1031178]
[1031180, 1031182]
[1031184, 1031185]
[1031188, 1031190]
[1031192, 1031194]
[1031196, 1031198]
[1031200, 1031204]
[1031208, 1031209]
[1031212, 1031213]
[1031216, 1031216]
[1031220, 1031220]
[1031222, 1031225]
[1031228, 1031229]
[1031240, 1031242]
[1031244, 1031246]
[1031248, 1031250]
[1031252, 1031254]
[1031256, 1031257]
[1031260, 1031262]
[1031264, 1031266]
[1031268, 1031270]
[1031272, 1031276]
[1031280, 1031281]
[1031284, 1031285]
[1031288, 1031288]
[1031292, 1031292]
[1031294, 1031297]
[1031300, 1031301]
[1031312, 1031314]
[1031316, 1031318]
[1031320, 1031322]
[1031324, 1031326]
[1031328, 1031329]
[1031332, 1031334]
[1031336, 1031338]
[1031340, 1031342]
[1031344, 1031350]
[1031352, 1031353]
[1031356, 1031357]
[1031360, 1031360]
[1031364, 1031364]
[1031366, 1031369]
[1031372, 1031373]
[1031380, 1031381]
[1031383, 1031399]
[1031404, 1031406]
[1031408, 1031410]
[1031412, 1031414]
[1031416, 1031421]
[1031424, 1031425]
[1031428, 1031429]
[1031432, 1031432]
[1031436, 1031436]
[1031438, 1031442]
[1031444, 1031445]
[1031456, 1031462]
[1031464, 1031470]
[1031472, 1031472]
[1031475, 1031492]
[1031496, 1031497]
[1031500, 1031501]
[1031504, 1031504]
[1031508, 1031508]
[1031510, 1031513]
[1031516, 1031517]
[1031528, 1031534]
[1031536, 1031542]
[1031544, 1031545]
[1031548, 1031551]
[1031553, 1031554]
[1031556, 1031565]
[1031568, 1031569]
[1031572, 1031573]
[1031576, 1031576]
[1031580, 1031580]
[1031582, 1031585]
[1031588, 1031589]
[1031600, 1031617]
[1031620, 1031626]
[1031628, 1031637]
[1031640, 1031641]
[1031644, 1031645]
[1031648, 1031648]
[1031652, 1031652]
[1031654, 1031657]
[1031660, 1031661]
[1031672, 1031689]
[1031692, 1031709]
[1031712, 1031713]
[1031716, 1031717]
[1031720, 1031720]
[1031724, 1031724]
[1031726, 1031729]
[1031732, 1031733]
[1031744, 1031750]
[1031752, 1031758]
[1031760, 1031761]
[1031764, 1031781]
[1031784, 1031785]
[1031788, 1031789]
[1031792, 1031792]
[1031796, 1031796]
[1031798, 1031801]
[1031804, 1031805]
[1031816, 1031822]
[1031824, 1031830]
[1031832, 1031833]
[1031836, 1031842]
[1031844, 1031853]
[1031856, 1031857]
[1031860, 1031861]
[1031864, 1031864]
[1031868, 1031868]
[1031870, 1031873]
[1031876, 1031877]
[1031884, 1031885]
[1031887, 1031903]
[1031908, 1031914]
[1031916, 1031925]
[1031928, 1031929]
[1031932, 1031933]
[1031936, 1031936]
[1031940, 1031940]
[1031942, 1031945]
[1031948, 1031949]
[1031956, 1031957]
[1031959, 1031977]
[1031979, 1031997]
[1032000, 1032001]
[1032004, 1032005]
[1032008, 1032008]
[1032012, 1032012]
[1032014, 1032017]
[1032020, 1032021]
[1032032, 1032034]
[1032036, 1032038]
[1032040, 1032042]
[1032044, 1032046]
[1032048, 1032048]
[1032051, 1032067]
[1032072, 1032073]
[1032076, 1032077]
[1032080, 1032080]
[1032084, 1032084]
[1032086, 1032089]
[1032092, 1032093]
[1032104, 1032110]
[1032112, 1032114]
[1032116, 1032118]
[1032120, 1032121]
[1032124, 1032126]
[1032128, 1032130]
[1032132, 1032134]
[1032136, 1032141]
[1032144, 1032145]
[1032148, 1032149]
[1032152, 1032152]
[1032156, 1032156]
[1032158, 1032161]
[1032164, 1032165]
[1032176, 1032178]
[1032180, 1032182]
[1032184, 1032186]
[1032188, 1032190]
[1032192, 1032193]
[1032196, 1032198]
[1032200, 1032202]
[1032204, 1032206]
[1032208, 1032213]
[1032216, 1032217]
[1032220, 1032221]
[1032224, 1032224]
[1032228, 1032228]
[1032230, 1032233]
[1032236, 1032237]
[1032248, 1032254]
[1032256, 1032258]
[1032260, 1032262]
[1032264, 1032265]
[1032268, 1032270]
[1032272, 1032274]
[1032276, 1032278]
[1032280, 1032285]
[1032288, 1032289]
[1032292, 1032293]
[1032296, 1032296]
[1032300, 1032300]
[1032302, 1032305]
[1032308, 1032309]
[1032320, 1032322]
[1032324, 1032326]
[1032328, 1032330]
[1032332, 1032334]
[1032336, 1032337]
[1032340, 1032342]
[1032344, 1032346]
[1032348, 1032350]
[1032352, 1032357]
[1032360, 1032361]
[1032364, 1032365]
[1032368, 1032368]
[1032372, 1032372]
[1032374, 1032377]
[1032380, 1032381]
[1032392, 1032398]
[1032400, 1032402]
[1032404, 1032406]
[1032408, 1032409]
[1032412, 1032414]
[1032416, 1032418]
[1032420, 1032422]
[1032424, 1032429]
[1032432, 1032433]
[1032436, 1032437]
[1032440, 1032440]
[1032444, 1032444]
[1032446, 1032449]
[1032452, 1032453]
[1032464, 1032466]
[1032468, 1032470]
[1032472, 1032474]
[1032476, 1032478]
[1032480, 1032481]
[1032484, 1032486]
[1032488, 1032490]
[1032492, 1032494]
[1032496, 1032501]
[1032504, 1032505]
[1032508, 1032509]
[1032512, 1032512]
[1032516, 1032516]
[1032518, 1032521]
[1032524, 1032525]
[1032536, 1032542]
[1032544, 1032546]
[1032548, 1032550]
[1032552, 1032553]
[1032556, 1032558]
[1032560, 1032562]
[1032564, 1032566]
[1032568, 1032573]
[1032576, 1032577]
[1032580, 1032581]
[1032584, 1032584]
[1032588, 1032588]
[1032590, 1032593]
[1032596, 1032597]
[1032608, 1032614]
[1032616, 1032622]
[1032624, 1032625]
[1032628, 1032630]
[1032632, 1032634]
[1032636, 1032638]
[1032640, 1032645]
[1032648, 1032649]
[1032652, 1032653]
[1032656, 1032656]
[1032660, 1032660]
[1032662, 1032665]
[1032668, 1032669]
[1032680, 1032686]
[1032688, 1032694]
[1032700, 1032706]
[1032708, 1032717]
[1032720, 1032721]
[1032724, 1032725]
[1032728, 1032728]
[1032732, 1032732]
[1032734, 1032737]
[1032740, 1032741]
[1032752, 1032758]
[1032760, 1032767]
[1032772, 1032778]
[1032780, 1032790]
[1032792, 1032793]
[1032796, 1032797]
[1032800, 1032800]
[1032804, 1032804]
[1032806, 1032809]
[1032812, 1032813]
[1032824, 1032830]
[1032832, 1032834]
[1032836, 1032838]
[1032840, 1032841]
[1032844, 1032850]
[1032852, 1032859]
[1032864, 1032865]
[1032868, 1032869]
[1032872, 1032872]
[1032876, 1032876]
[1032878, 1032882]
[1032884, 1032885]
[1032896, 1032902]
[1032904, 1032906]
[1032908, 1032910]
[1032912, 1032913]
[1032916, 1032918]
[1032920, 1032922]
[1032924, 1032926]
[1032928, 1032933]
[1032936, 1032937]
[1032940, 1032941]
[1032944, 1032944]
[1032948, 1032948]
[1032950, 1032953]
[1032956, 1032957]
[1032964, 1032965]
[1032967, 1032974]
[1032976, 1032982]
[1032988, 1032990]
[1032992, 1032994]
[1032996, 1032998]
[1033000, 1033005]
[1033008, 1033009]
[1033012, 1033013]
[1033016, 1033016]
[1033020, 1033020]
[1033022, 1033025]
[1033028, 1033029]
[1033036, 1033037]
[1033039, 1033046]
[1033048, 1033054]
[1033056, 1033057]
[1033059, 1033066]
[1033068, 1033077]
[1033080, 1033081]
[1033084, 1033085]
[1033088, 1033088]
[1033092, 1033092]
[1033094, 1033097]
[1033100, 1033101]
[1033108, 1033109]
[1033111, 1033129]
[1033131, 1033138]
[1033140, 1033149]
[1033152, 1033153]
[1033156, 1033157]
[1033160, 1033160]
[1033164, 1033164]
[1033166, 1033169]
[1033172, 1033173]
[1033180, 1033181]
[1033183, 1033201]
[1033203, 1033221]
[1033224, 1033225]
[1033228, 1033229]
[1033232, 1033232]
[1033236, 1033236]
[1033238, 1033241]
[1033244, 1033245]
[1033256, 1033262]
[1033264, 1033270]
[1033272, 1033272]
[1033275, 1033292]
[1033296, 1033297]
[1033300, 1033301]
[1033304, 1033304]
[1033308, 1033308]
[1033310, 1033313]
[1033316, 1033317]
[1033328, 1033334]
[1033336, 1033342]
[1033344, 1033345]
[1033348, 1033351]
[1033353, 1033354]
[1033356, 1033365]
[1033368, 1033369]
[1033372, 1033373]
[1033376, 1033376]
[1033380, 1033380]
[1033382, 1033385]
[1033388, 1033389]
[1033400, 1033417]
[1033420, 1033426]
[1033428, 1033437]
[1033440, 1033441]
[1033444, 1033445]
[1033448, 1033448]
[1033452, 1033452]
[1033454, 1033457]
[1033460, 1033461]
[1033472, 1033489]
[1033492, 1033509]
[1033512, 1033513]
[1033516, 1033517]
[1033520, 1033520]
[1033524, 1033524]
[1033526, 1033529]
[1033532, 1033533]
[1033544, 1033561]
[1033564, 1033580]
[1033584, 1033585]
[1033588, 1033589]
[1033592, 1033592]
[1033596, 1033596]
[1033598, 1033601]
[1033604, 1033605]
[1033616, 1033618]
[1033620, 1033622]
[1033624, 1033626]
[1033628, 1033630]
[1033632, 1033633]
[1033636, 1033653]
[1033656, 1033657]
[1033660, 1033661]
[1033664, 1033664]
[1033668, 1033668]
[1033670, 1033673]
[1033676, 1033677]
[1033688, 1033690]
[1033692, 1033694]
[1033696, 1033698]
[1033700, 1033702]
[1033704, 1033705]
[1033708, 1033710]
[1033712, 1033714]
[1033716, 1033718]
[1033720, 1033726]
[1033728, 1033729]
[1033732, 1033733]
[1033736, 1033736]
[1033740, 1033740]
[1033742, 1033745]
[1033748, 1033749]
[1033756, 1033757]
[1033759, 1033775]
[1033780, 1033782]
[1033784, 1033786]
[1033788, 1033790]
[1033792, 1033797]
[1033800, 1033801]
[1033804, 1033805]
[1033808, 1033808]
[1033812, 1033812]
[1033814, 1033818]
[1033821, 1033821]
[1033832, 1033838]
[1033840, 1033842]
[1033844, 1033846]
[1033848, 1033849]
[1033851, 1033870]
[1033872, 1033873]
[1033876, 1033877]
[1033880, 1033880]
[1033884, 1033884]
[1033886, 1033889]
[1033892, 1033893]
[1033904, 1033910]
[1033912, 1033914]
[1033916, 1033918]
[1033920, 1033921]
[1033924, 1033930]
[1033932, 1033934]
[1033936, 1033939]
[1033944, 1033945]
[1033948, 1033949]
[1033952, 1033952]
[1033956, 1033956]
[1033958, 1033962]
[1033964, 1033965]
[1033976, 1033982]
[1033984, 1033986]
[1033988, 1033990]
[1033992, 1033993]
[1033996, 1033998]
[1034000, 1034002]
[1034004, 1034006]
[1034008, 1034013]
[1034016, 1034017]
[1034020, 1034021]
[1034024, 1034024]
[1034028, 1034028]
[1034030, 1034033]
[1034036, 1034037]
[1034048, 1034050]
[1034052, 1034058]
[1034060, 1034065]
[1034068, 1034070]
[1034072, 1034074]
[1034076, 1034078]
[1034080, 1034085]
[1034088, 1034089]
[1034092, 1034093]
[1034096, 1034096]
[1034100, 1034100]
[1034102, 1034105]
[1034108, 1034109]
[1034120, 1034123]
[1034125, 1034130]
[1034132, 1034137]
[1034140, 1034142]
[1034144, 1034150]
[1034152, 1034157]
[1034160, 1034161]
[1034164, 1034165]
[1034168, 1034168]
[1034172, 1034172]
[1034174, 1034177]
[1034180, 1034181]
[1034192, 1034198]
[1034200, 1034206]
[1034208, 1034209]
[1034212, 1034214]
[1034216, 1034222]
[1034224, 1034229]
[1034232, 1034233]
[1034236, 1034237]
[1034240, 1034240]
[1034244, 1034244]
[1034246, 1034249]
[1034252, 1034253]
[1034264, 1034270]
[1034272, 1034278]
[1034280, 1034281]
[1034284, 1034287]
[1034289, 1034290]
[1034292, 1034301]
[1034304, 1034305]
[1034308, 1034309]
[1034312, 1034312]
[1034316, 1034316]
[1034318, 1034321]
[1034324, 1034325]
[1034336, 1034342]
[1034344, 1034351]
[1034356, 1034362]
[1034364, 1034374]
[1034376, 1034377]
[1034380, 1034381]
[1034384, 1034384]
[1034388, 1034388]
[1034390, 1034393]
[1034396, 1034397]
[1034408, 1034425]
[1034428, 1034434]
[1034436, 1034443]
[1034448, 1034449]
[1034452, 1034453]
[1034456, 1034456]
[1034460, 1034460]
[1034462, 1034466]
[1034468, 1034469]
[1034480, 1034497]
[1034500, 1034517]
[1034520, 1034521]
[1034524, 1034525]
[1034528, 1034528]
[1034532, 1034532]
[1034534, 1034537]
[1034540, 1034541]
[1034552, 1034558]
[1034560, 1034566]
[1034568, 1034569]
[1034572, 1034589]
[1034592, 1034593]
[1034596, 1034597]
[1034600, 1034600]
[1034604, 1034604]
[1034606, 1034609]
[1034612, 1034613]
[1034624, 1034630]
[1034632, 1034638]
[1034640, 1034641]
[1034644, 1034650]
[1034652, 1034661]
[1034664, 1034665]
[1034668, 1034669]
[1034672, 1034672]
[1034676, 1034676]
[1034678, 1034681]
[1034684, 1034685]
[1034692, 1034693]
[1034695, 1034711]
[1034716, 1034722]
[1034724, 1034733]
[1034736, 1034737]
[1034740, 1034741]
[1034744, 1034744]
[1034748, 1034748]
[1034750, 1034753]
[1034756, 1034757]
[1034764, 1034765]
[1034767, 1034785]
[1034787, 1034805]
[1034808, 1034809]
[1034812, 1034813]
[1034816, 1034816]
[1034820, 1034820]
[1034822, 1034825]
[1034828, 1034829]
[1034840, 1034846]
[1034848, 1034854]
[1034856, 1034856]
[1034859, 1034876]
[1034880, 1034881]
[1034884, 1034885]
[1034888, 1034888]
[1034892, 1034892]
[1034894, 1034897]
[1034900, 1034901]
[1034912, 1034918]
[1034920, 1034926]
[1034928, 1034929]
[1034932, 1034935]
[1034937, 1034938]
[1034940, 1034949]
[1034952, 1034953]
[1034956, 1034957]
[1034960, 1034960]
[1034964, 1034964]
[1034966, 1034969]
[1034972, 1034973]
[1034984, 1034986]
[1034988, 1034990]
[1034992, 1034994]
[1034996, 1034998]
[1035000, 1035001]
[1035004, 1035010]
[1035012, 1035022]
[1035024, 1035025]
[1035028, 1035029]
[1035032, 1035032]
[1035036, 1035036]
[1035038, 1035041]
[1035044, 1035045]
[1035056, 1035058]
[1035060, 1035062]
[1035064, 1035066]
[1035068, 1035070]
[1035072, 1035073]
[1035076, 1035078]
[1035080, 1035082]
[1035084, 1035086]
[1035088, 1035093]
[1035096, 1035097]
[1035100, 1035101]
[1035104, 1035104]
[1035108, 1035108]
[1035110, 1035114]
[1035116, 1035117]
[1035128, 1035134]
[1035136, 1035138]
[1035140, 1035142]
[1035144, 1035145]
[1035148, 1035150]
[1035152, 1035154]
[1035156, 1035158]
[1035160, 1035165]
[1035168, 1035169]
[1035172, 1035173]
[1035176, 1035176]
[1035180, 1035180]
[1035182, 1035185]
[1035188, 1035189]
[1035200, 1035202]
[1035204, 1035210]
[1035212, 1035217]
[1035220, 1035222]
[1035224, 1035226]
[1035228, 1035230]
[1035232, 1035237]
[1035240, 1035241]
[1035244, 1035245]
[1035248, 1035248]
[1035252, 1035252]
[1035254, 1035257]
[1035260, 1035261]
[1035272, 1035282]
[1035284, 1035289]
[1035292, 1035294]
[1035296, 1035302]
[1035304, 1035309]
[1035312, 1035313]
[1035316, 1035317]
[1035320, 1035320]
[1035324, 1035324]
[1035326, 1035329]
[1035332, 1035333]
[1035344, 1035346]
[1035348, 1035354]
[1035356, 1035361]
[1035364, 1035366]
[1035368, 1035374]
[1035376, 1035381]
[1035384, 1035385]
[1035388, 1035389]
[1035392, 1035392]
[1035396, 1035396]
[1035398, 1035401]
[1035404, 1035405]
[1035416, 1035426]
[1035428, 1035433]
[1035436, 1035438]
[1035440, 1035446]
[1035448, 1035453]
[1035456, 1035457]
[1035460, 1035461]
[1035464, 1035464]
[1035468, 1035468]
[1035470, 1035473]
[1035476, 1035477]
[1035488, 1035490]
[1035492, 1035494]
[1035496, 1035498]
[1035500, 1035502]
[1035504, 1035505]
[1035508, 1035510]
[1035512, 1035518]
[1035520, 1035525]
[1035528, 1035529]
[1035532, 1035533]
[1035536, 1035536]
[1035540, 1035540]
[1035542, 1035545]
[1035548, 1035549]
[1035560, 1035566]
[1035568, 1035574]
[1035576, 1035577]
[1035580, 1035582]
[1035584, 1035586]
[1035588, 1035590]
[1035592, 1035597]
[1035600, 1035601]
[1035604, 1035605]
[1035608, 1035608]
[1035612, 1035612]
[1035614, 1035617]
[1035620, 1035621]
[1035632, 1035638]
[1035640, 1035646]
[1035648, 1035649]
[1035652, 1035655]
[1035657, 1035658]
[1035660, 1035669]
[1035672, 1035673]
[1035676, 1035677]
[1035680, 1035680]
[1035684, 1035684]
[1035686, 1035689]
[1035692, 1035693]
[1035704, 1035710]
[1035712, 1035718]
[1035720, 1035721]
[1035724, 1035727]
[1035729, 1035730]
[1035732, 1035741]
[1035744, 1035745]
[1035748, 1035749]
[1035752, 1035752]
[1035756, 1035756]
[1035758, 1035761]
[1035764, 1035765]
[1035776, 1035778]
[1035780, 1035786]
[1035788, 1035793]
[1035796, 1035802]
[1035804, 1035813]
[1035816, 1035817]
[1035820, 1035821]
[1035824, 1035824]
[1035828, 1035828]
[1035830, 1035833]
[1035836, 1035837]
[1035848, 1035854]
[1035856, 1035858]
[1035860, 1035862]
[1035864, 1035865]
[1035868, 1035870]
[1035872, 1035878]
[1035880, 1035886]
[1035888, 1035889]
[1035892, 1035893]
[1035896, 1035896]
[1035900, 1035900]
[1035902, 1035905]
[1035908, 1035909]
[1035916, 1035917]
[1035919, 1035935]
[1035940, 1035942]
[1035944, 1035946]
[1035948, 1035950]
[1035952, 1035957]
[1035960, 1035961]
[1035964, 1035965]
[1035968, 1035968]
[1035972, 1035972]
[1035974, 1035978]
[1035980, 1035981]
[1035988, 1035989]
[1035991, 1036009]
[1036011, 1036029]
[1036032, 1036033]
[1036036, 1036037]
[1036040, 1036040]
[1036044, 1036044]
[1036046, 1036049]
[1036052, 1036053]
[1036064, 1036070]
[1036072, 1036078]
[1036080, 1036080]
[1036083, 1036100]
[1036104, 1036105]
[1036108, 1036109]
[1036112, 1036112]
[1036116, 1036116]
[1036118, 1036121]
[1036124, 1036125]
[1036136, 1036142]
[1036144, 1036150]
[1036152, 1036153]
[1036156, 1036159]
[1036161, 1036162]
[1036164, 1036173]
[1036176, 1036177]
[1036180, 1036181]
[1036184, 1036184]
[1036188, 1036188]
[1036190, 1036193]
[1036196, 1036197]
[1036208, 1036210]
[1036212, 1036218]
[1036220, 1036225]
[1036228, 1036234]
[1036236, 1036245]
[1036248, 1036249]
[1036252, 1036253]
[1036256, 1036256]
[1036260, 1036260]
[1036262, 1036265]
[1036268, 1036269]
[1036280, 1036290]
[1036292, 1036297]
[1036300, 1036302]
[1036304, 1036310]
[1036312, 1036317]
[1036320, 1036321]
[1036324, 1036325]
[1036328, 1036328]
[1036332, 1036332]
[1036334, 1036337]
[1036340, 1036341]
[1036352, 1036354]
[1036356, 1036358]
[1036360, 1036362]
[1036364, 1036366]
[1036368, 1036369]
[1036372, 1036374]
[1036376, 1036382]
[1036384, 1036390]
[1036392, 1036393]
[1036396, 1036397]
[1036400, 1036400]
[1036404, 1036404]
[1036406, 1036409]
[1036412, 1036413]
[1036424, 1036426]
[1036428, 1036430]
[1036432, 1036434]
[1036436, 1036438]
[1036440, 1036441]
[1036444, 1036446]
[1036448, 1036450]
[1036452, 1036454]
[1036456, 1036462]
[1036464, 1036465]
[1036468, 1036469]
[1036472, 1036472]
[1036476, 1036476]
[1036478, 1036482]
[1036484, 1036485]
[1036496, 1036498]
[1036500, 1036502]
[1036504, 1036506]
[1036508, 1036510]
[1036512, 1036513]
[1036516, 1036518]
[1036520, 1036522]
[1036524, 1036526]
[1036528, 1036533]
[1036536, 1036537]
[1036540, 1036541]
[1036544, 1036544]
[1036548, 1036548]
[1036550, 1036554]
[1036556, 1036557]
[1036564, 1036565]
[1036567, 1036574]
[1036576, 1036582]
[1036588, 1036590]
[1036592, 1036594]
[1036596, 1036598]
[1036600, 1036605]
[1036608, 1036609]
[1036612, 1036613]
[1036616, 1036616]
[1036620, 1036620]
[1036622, 1036625]
[1036628, 1036629]
[1036640, 1036646]
[1036648, 1036654]
[1036656, 1036656]
[1036659, 1036666]
[1036668, 1036676]
[1036680, 1036681]
[1036684, 1036685]
[1036688, 1036688]
[1036692, 1036692]
[1036694, 1036697]
[1036700, 1036701]
[1036704, 1036704]
[1036708, 1036708]
[1036710, 1036710]
[1036712, 1036712]
[1036714, 1036714]
[1036716, 1036717]
[1036720, 1036725]
[1036728, 1036729]
[1036732, 1036738]
[1036740, 1036753]
[1036756, 1036761]
[1036764, 1036768]
[1036772, 1036772]
[1036780, 1036781]
[2894312, 2894312]
[2894316, 2894316]
[2894328, 2894328]
[2894332, 2894332]
[2894336, 2894336]
[2894340, 2894340]
[2894344, 2894344]
[2894348, 2894348]
[2894380, 2894380]
[2894384, 2894384]
[2894396, 2894396]
[2894400, 2894400]
[2894404, 2894404]
[2894408, 2894408]
[2894412, 2894412]
[2894416, 2894416]
[2894420, 2894420]
[2894424, 2894424]
[2894428, 2894428]
[2894432, 2894432]
[2894436, 2894436]
[2894440, 2894440]
[2894444, 2894444]
[2894448, 2894448]
[2894452, 2894452]
[2894456, 2894456]
[2894460, 2894460]
[2894464, 2894464]
[2894468, 2894468]
[2894472, 2894472]
[2894476, 2894476]
[2894480, 2894480]
[2894484, 2894484]
[2894488, 2894488]
[2894492, 2894492]
[2894496, 2894496]
[2894500, 2894500]
[2894504, 2894504]
[2894508, 2894508]
[2894512, 2894512]
[2894516, 2894516]
[2894520, 2894520]
[2894524, 2894524]
[2894528, 2894528]
[2894532, 2894532]
[2894536, 2894536]
[2894540, 2894540]
[2894544, 2894544]
[2894548, 2894548]
[2894552, 2894552]
[2894776, 2894776]
[2894784, 2894784]
[2894788, 2894788]
[2894792, 2894792]
[2894796, 2894796]
[2894800, 2894800]
[2894804, 2894804]
[2894808, 2894808]
[2894812, 2894812]
[2894816, 2894816]
[2894820, 2894820]
[2894824, 2894824]
[2894828, 2894828]
[2894832, 2894832]
[2894836, 2894836]
[2894840, 2894840]
[2894844, 2894844]
[2894848, 2894848]
[2894852, 2894852]
[2894856, 2894856]
[2894860, 2894860]
[2894864, 2894864]
[2894868, 2894868]
[2894872, 2894872]
[2894876, 2894876]
[2894880, 2894880]
[2894884, 2894884]
[2894888, 2894888]
[2894892, 2894892]
[2894896, 2894896]
[2894900, 2894900]
[2894904, 2894904]
[2894908, 2894908]
[2894912, 2894912]
[2894916, 2894916]
[2894920, 2894920]
[2894924, 2894924]
[2894928, 2894928]
[2894932, 2894932]
[2894936, 2894936]
[2894940, 2894940]
[2894944, 2894944]
[2894948, 2894948]
[2894952, 2894952]
[2894956, 2894956]
[2894960, 2894960]
[2894964, 2894964]
[2894968, 2894968]
[2894972, 2894972]
[2894976, 2894976]
[2894980, 2894980]
[2894984, 2894984]
[2894988, 2894988]
[2894992, 2894992]
[2894996, 2894996]
[2895000, 2895000]
[2895276, 2895276]
[2895320, 2895320]
[2895328, 2895328]
[2895332, 2895332]
[2895336, 2895336]
[2895340, 2895340]
[2895344, 2895344]
[2895348, 2895348]
[2895352, 2895352]
[2895356, 2895356]
[2895360, 2895360]
[2895364, 2895364]
[2895368, 2895368]
[2895372, 2895372]
[2895376, 2895376]
[2895380, 2895380]
[2895384, 2895384]
[2895388, 2895388]
[2895392, 2895392]
[2895396, 2895396]
[2895400, 2895400]
[2895404, 2895404]
[2895408, 2895408]
[2895412, 2895412]
[2895416, 2895416]
[2895420, 2895420]
[2895424, 2895424]
[2895428, 2895428]
[2895432, 2895432]
[2895436, 2895436]
[2895440, 2895440]
[2895444, 2895444]
[2895448, 2895448]
[2895452, 2895452]
[2895456, 2895456]
[2895460, 2895460]
[2895464, 2895464]
[2895468, 2895468]
[2895472, 2895472]
[2895476, 2895476]
[2895480, 2895480]
[2895484, 2895484]
[2895488, 2895488]
[2895492, 2895492]
[2895496, 2895496]
[2895500, 2895500]
[2895504, 2895504]
[2895508, 2895508]
[2895512, 2895512]
[2895516, 2895516]
[2895520, 2895520]
[2895524, 2895524]
[2895528, 2895528]
[2895532, 2895532]
[2895536, 2895536]
[2895864, 2895864]
[2895876, 2895876]
[2895880, 2895880]
[2895900, 2895900]
[2895908, 2895908]
[2895912, 2895912]
[2895916, 2895916]
[2895920, 2895920]
[2895924, 2895924]
[2895928, 2895928]
[2895932, 2895932]
[2895936, 2895936]
[2895940, 2895940]
[2895944, 2895944]
[2895948, 2895948]
[2895952, 2895952]
[2895956, 2895956]
[2895960, 2895960]
[2895964, 2895964]
[2895968, 2895968]
[2895972, 2895972]
[2895976, 2895976]
[2895980, 2895980]
[2895984, 2895984]
[2895988, 2895988]
[2895992, 2895992]
[2895996, 2895996]
[2896000, 2896000]
[2896004, 2896004]
[2896008, 2896008]
[2896012, 2896012]
[2896016, 2896016]
[2896020, 2896020]
[2896024, 2896024]
[2896028, 2896028]
[2896032, 2896032]
[2896036, 2896036]
[2896040, 2896040]
[2896044, 2896044]
[2896048, 2896048]
[2896052, 2896052]
[2896056, 2896056]
[2896060, 2896060]
[2896064, 2896064]
[2896068, 2896068]
[2896072, 2896072]
[2896076, 2896076]
[2896080, 2896080]
[2896084, 2896084]
[2896088, 2896088]
[2896092, 2896092]
[2896096, 2896096]
[2896100, 2896100]
[2896104, 2896104]
[2896108, 2896108]
[2896112, 2896112]
[2896116, 2896116]
[2896416, 2896416]
[2896420, 2896420]
[2896428, 2896428]
[2896440, 2896440]
[2896448, 2896448]
[2896452, 2896452]
[2896456, 2896456]
[2896460, 2896460]
[2896464, 2896464]
[2896468, 2896468]
[2896472, 2896472]
[2896476, 2896476]
[2896480, 2896480]
[2896484, 2896484]
[2896488, 2896488]
[2896492, 2896492]
[2896496, 2896496]
[2896500, 2896500]
[2896504, 2896504]
[2896508, 2896508]
[2896512, 2896512]
[2896516, 2896516]
[2896520, 2896520]
[2896524, 2896524]
[2896528, 2896528]
[2896532, 2896532]
[2896536, 2896536]
[2896540, 2896540]
[2896544, 2896544]
[2896548, 2896548]
[2896552, 2896552]
[2896556, 2896556]
[2896560, 2896560]
[2896564, 2896564]
[2896568, 2896568]
[2896572, 2896572]
[2896576, 2896576]
[2896580, 2896580]
[2896584, 2896584]
[2896588, 2896588]
[2896592, 2896592]
[2896596, 2896596]
[2896600, 2896600]
[2896604, 2896604]
[2896608, 2896608]
[2896612, 2896612]
[2896616, 2896616]
[2896620, 2896620]
[2896624, 2896624]
[2896628, 2896628]
[2896632, 2896632]
[2896840, 2896840]
[2896844, 2896844]
[2896848, 2896848]
[2896864, 2896864]
[2896868, 2896868]
[2896872, 2896872]
[2896876, 2896876]
[2896880, 2896880]
[2896884, 2896884]
[2896888, 2896888]
[2896892, 2896892]
[2896896, 2896896]
[2896900, 2896900]
[2896904, 2896904]
[2896908, 2896908]
[2896912, 2896912]
[2896916, 2896916]
[2896920, 2896920]
[2896924, 2896924]
[2896928, 2896928]
[2896932, 2896932]
[2896936, 2896936]
[2896940, 2896940]
[2896944, 2896944]
[2896948, 2896948]
[2896952, 2896952]
[2896956, 2896956]
[2896960, 2896960]
[2896964, 2896964]
[2896968, 2896968]
[2896972, 2896972]
[2896976, 2896976]
[2896980, 2896980]
[2896984, 2896984]
[2896988, 2896988]
[2896992, 2896992]
[2897016, 2897016]
[2897020, 2897020]
[2897024, 2897024]
[2897028, 2897028]
[2902488, 2902488]
[2902492, 2902492]
[2902504, 2902504]
[2902508, 2902508]
[2902512, 2902512]
[2902516, 2902516]
[2902520, 2902520]
[2902524, 2902524]
[2902548, 2902548]
[2902552, 2902552]
[2902556, 2902556]
[2902560, 2902560]
[2902564, 2902564]
[2902568, 2902568]
[2902572, 2902572]
[2902576, 2902576]
[2902580, 2902580]
[2902584, 2902584]
[2902588, 2902588]
[2902592, 2902592]
[2902596, 2902596]
[2902600, 2902600]
[2902604, 2902604]
[2902608, 2902608]
[2902612, 2902612]
[2902616, 2902616]
[2902620, 2902620]
[2902624, 2902624]
[2902628, 2902628]
[2902632, 2902632]
[2902636, 2902636]
[2902640, 2902640]
[2902644, 2902644]
[2902648, 2902648]
[2902652, 2902652]
[2902656, 2902656]
[2902660, 2902660]
[2902664, 2902664]
[2902668, 2902668]
[2902672, 2902672]
[2902900, 2902900]
[2902904, 2902904]
[2902908, 2902908]
[2902912, 2902912]
[2902916, 2902916]
[2902924, 2902924]
[2902944, 2902944]
[2902948, 2902948]
[2902952, 2902952]
[2902956, 2902956]
[2902960, 2902960]
[2902964, 2902964]
[2902968, 2902968]
[2902972, 2902972]
[2902976, 2902976]
[2902980, 2902980]
[2902984, 2902984]
[2902988, 2902988]
[2902992, 2902992]
[2902996, 2902996]
[2903000, 2903000]
[2903004, 2903004]
[2903008, 2903008]
[2903012, 2903012]
[2903016, 2903016]
[2903020, 2903020]
[2903024, 2903024]
[2903028, 2903028]
[2903032, 2903032]
[2903036, 2903036]
[2903040, 2903040]
[2903044, 2903044]
[2903048, 2903048]
[2903052, 2903052]
[2903056, 2903056]
[2903060, 2903060]
[2903064, 2903064]
[2903068, 2903068]
[2903072, 2903072]
[2903076, 2903076]
[2903080, 2903080]
[2903084, 2903084]
[2903088, 2903088]
[2903092, 2903092]
[2903096, 2903096]
[2903100, 2903100]
[2903104, 2903104]
[2903108, 2903108]
[2903112, 2903112]
[2903116, 2903116]
[2903120, 2903120]
[2903124, 2903124]
[2903128, 2903128]
[2903132, 2903132]
[2903136, 2903136]
[2903448, 2903448]
[2903452, 2903452]
[2903456, 2903456]
[2903460, 2903460]
[2903464, 2903464]
[2903468, 2903468]
[2903476, 2903476]
[2903480, 2903480]
[2903484, 2903484]
[2903488, 2903488]
[2903492, 2903492]
[2903496, 2903496]
[2903500, 2903500]
[2903504, 2903504]
[2903508, 2903508]
[2903548, 2903548]
[2903552, 2903552]
[2903556, 2903556]
[2903560, 2903560]
[2903564, 2903564]
[2903568, 2903568]
[2903572, 2903572]
[2903576, 2903576]
[2903580, 2903580]
[2903584, 2903584]
[2903588, 2903588]
[2903592, 2903592]
[2903596, 2903596]
[2903600, 2903600]
[2903604, 2903604]
[2903608, 2903608]
[2903612, 2903612]
[2903616, 2903616]
[2903620, 2903620]
[2903624, 2903624]
[2903628, 2903628]
[2903632, 2903632]
[2903636, 2903636]
[2903640, 2903640]
[2903644, 2903644]
[2903648, 2903648]
[2903652, 2903652]
[2903656, 2903656]
[2903660, 2903660]
[2903664, 2903664]
[2903668, 2903668]
[2903672, 2903672]
[2903676, 2903676]
[2903680, 2903680]
[2903684, 2903684]
[2903688, 2903688]
[2903692, 2903692]
[2903696, 2903696]
[2903700, 2903700]
[2903704, 2903704]
[2903708, 2903708]
[2903712, 2903712]
[2903716, 2903716]
[2903720, 2903720]
[2903724, 2903724]
[2903728, 2903728]
[2903732, 2903732]
[2903968, 2903968]
[2904152, 2904152]
[2904156, 2904156]
[2904160, 2904160]
[2904164, 2904164]
[2904168, 2904168]
[2904172, 2904172]
[2904176, 2904176]
[2904180, 2904180]
[2904188, 2904188]
[2904192, 2904192]
[2904196, 2904196]
[2904200, 2904200]
[2904204, 2904204]
[2904208, 2904208]
[2904212, 2904212]
[2904216, 2904216]
[2904224, 2904224]
[2904228, 2904228]
[2904236, 2904236]
[2904240, 2904240]
[2904268, 2904268]
[2904276, 2904276]
[2904280, 2904280]
[2904288, 2904288]
[2904292, 2904292]
[2904296, 2904296]
[2904300, 2904300]
[2904304, 2904304]
[2904308, 2904308]
[2904336, 2904336]
[2904340, 2904340]
[2904344, 2904344]
[2904348, 2904348]
[2904352, 2904352]
[2904356, 2904356]
[2904360, 2904360]
[2904364, 2904364]
[2904368, 2904368]
[2904372, 2904372]
[2904376, 2904376]
[2904380, 2904381]
[2904384, 2904384]
[2904388, 2904388]
[2904392, 2904392]
[2904396, 2904396]
[2904400, 2904400]
[2904404, 2904404]
[2904408, 2904408]
[2904412, 2904412]
[2904416, 2904416]
[2904420, 2904420]
[2904424, 2904424]
[2904428, 2904428]
[2904432, 2904432]
[2904436, 2904436]
[2904440, 2904440]
[2904444, 2904444]
[2904448, 2904448]
[2904452, 2904452]
[2904456, 2904456]
[2904460, 2904460]
[2904464, 2904464]
[2904468, 2904468]
[2904472, 2904472]
[2904476, 2904476]
[2904480, 2904480]
[2904484, 2904484]
[2904488, 2904488]
[2904492, 2904492]
[2904496, 2904496]
[2904500, 2904500]
[2904504, 2904504]
[2904508, 2904508]
[2904512, 2904512]
[2904516, 2904516]
[2904520, 2904520]
[2904864, 2904864]
[2904868, 2904868]
[2904872, 2904872]
[2904880, 2904880]
[2904884, 2904884]
[2904888, 2904888]
[2904892, 2904892]
[2904896, 2904896]
[2904900, 2904900]
[2904904, 2904904]
[2904908, 2904908]
[2904912, 2904912]
[2904916, 2904916]
[2904920, 2904920]
[2904924, 2904924]
[2904928, 2904928]
[2904932, 2904932]
[2904936, 2904936]
[2904940, 2904940]
[2904944, 2904944]
[2904948, 2904948]
[2904952, 2904952]
[2904956, 2904956]
[2904960, 2904960]
[2904964, 2904964]
[2904968, 2904968]
[2904972, 2904972]
[2904976, 2904976]
[2904980, 2904980]
[2904984, 2904984]
[2904988, 2904988]
[2904992, 2904992]
[2904996, 2904996]
[2905000, 2905000]
[2905004, 2905004]
[2905008, 2905008]
[2905012, 2905012]
[2905016, 2905016]
[2905020, 2905020]
[2905024, 2905024]
[2905028, 2905028]
[2905032, 2905032]
[2905036, 2905036]
[2905040, 2905040]
[2905044, 2905044]
[2905048, 2905048]
[2905276, 2905276]
[2905280, 2905280]
[2905292, 2905292]
[2905296, 2905296]
[2905300, 2905300]
[2905304, 2905304]
[2905308, 2905308]
[2905312, 2905312]
[2905316, 2905316]
[2905320, 2905320]
[2905324, 2905324]
[2905328, 2905328]
[2905332, 2905332]
[2905336, 2905336]
[2905340, 2905340]
[2905344, 2905344]
[2905348, 2905348]
[2905352, 2905352]
[2905356, 2905356]
[2905360, 2905360]
[2905364, 2905364]
[2905368, 2905368]
[2905372, 2905372]
[2905376, 2905376]
[2905380, 2905380]
[2905384, 2905384]
[2905388, 2905388]
[2905392, 2905392]
[2905396, 2905396]
[2905400, 2905400]
[2905424, 2905424]
[2905428, 2905428]
[2905432, 2905432]
[2905436, 2905436]
[2910888, 2910888]
[2910892, 2910892]
[2910904, 2910904]
[2910908, 2910908]
[2910912, 2910912]
[2910916, 2910916]
[2910920, 2910920]
[2910944, 2910944]
[2910952, 2910952]
[2910956, 2910956]
[2910960, 2910960]
[2910964, 2910964]
[2910968, 2910968]
[2910972, 2910972]
[2910976, 2910976]
[2910980, 2910980]
[2910984, 2910984]
[2910988, 2910988]
[2910992, 2910992]
[2910996, 2910996]
[2911012, 2911012]
[2911016, 2911016]
[2911020, 2911020]
[2911024, 2911024]
[2911028, 2911028]
[2911032, 2911032]
[2911036, 2911036]
[2911040, 2911040]
[2911048, 2911048]
[2911052, 2911052]
[2911056, 2911056]
[2911060, 2911060]
[2911064, 2911064]
[2911068, 2911068]
[2911072, 2911072]
[2911076, 2911076]
[2911080, 2911080]
[2911084, 2911084]
[2911088, 2911088]
[2911092, 2911092]
[2911096, 2911096]
[2911100, 2911100]
[2911104, 2911104]
[2911108, 2911108]
[2911112, 2911112]
[2911116, 2911116]
[2911152, 2911152]
[2911156, 2911156]
[2911160, 2911160]
[2911164, 2911164]
[2911168, 2911168]
[2911172, 2911172]
[2911176, 2911176]
[2911180, 2911180]
[2911184, 2911184]
[2911188, 2911188]
[2911192, 2911192]
[2911196, 2911196]
[2911200, 2911200]
[2911208, 2911208]
[2911212, 2911212]
[2911216, 2911216]
[2911220, 2911220]
[2911224, 2911224]
[2911228, 2911228]
[2911232, 2911232]
[2911236, 2911236]
[2911240, 2911240]
[2911244, 2911244]
[2911248, 2911248]
[2911280, 2911280]
[2911284, 2911284]
[2911292, 2911292]
[2911304, 2911304]
[2911308, 2911308]
[2911312, 2911312]
[2911316, 2911316]
[2911320, 2911320]
[2911324, 2911324]
[2911340, 2911340]
[2911344, 2911344]
[2911348, 2911348]
[2911352, 2911352]
[2911356, 2911356]
[2911360, 2911360]
[2911364, 2911364]
[2911368, 2911368]
[2911396, 2911396]
[2911400, 2911400]
[2911412, 2911412]
[2911416, 2911416]
[2911420, 2911420]
[2911424, 2911424]
[2911428, 2911428]
[2911432, 2911432]
[2911436, 2911436]
[2911440, 2911440]
[2911444, 2911444]
[2911448, 2911448]
[2911452, 2911452]
[2911456, 2911456]
[2911460, 2911460]
[2911464, 2911464]
[2911468, 2911468]
[2911472, 2911472]
[2911492, 2911492]
[2911496, 2911496]
[2916892, 2916892]
[2916896, 2916896]
[2916908, 2916908]
[2916912, 2916912]
[2916916, 2916916]
[2916920, 2916920]
[2916924, 2916924]
[2916928, 2916928]
[2916988, 2916988]
[2916992, 2916992]
[2917004, 2917004]
[2917008, 2917008]
[2917012, 2917012]
[2917016, 2917016]
[2917020, 2917020]
[2917024, 2917024]
[2917028, 2917028]
[2917032, 2917032]
[2917036, 2917036]
[2917040, 2917040]
[2917044, 2917044]
[2917048, 2917048]
[2917052, 2917052]
[2917056, 2917056]
[2917060, 2917060]
[2917064, 2917064]
[2917068, 2917068]
[2917072, 2917072]
[2917076, 2917076]
[2917080, 2917080]
[2917084, 2917084]
[2917088, 2917088]
[2917092, 2917092]
[2917096, 2917096]
[2917100, 2917100]
[2917104, 2917104]
[2917108, 2917108]
[2917112, 2917112]
[2917116, 2917116]
[2917120, 2917120]
[2917124, 2917124]
[2917128, 2917128]
[2917132, 2917132]
[2917136, 2917136]
[2917140, 2917140]
[2917144, 2917144]
[2917148, 2917148]
[2917152, 2917152]
[2917156, 2917156]
[2917160, 2917160]
[2917164, 2917164]
[2917168, 2917168]
[2917172, 2917172]
[2917176, 2917176]
[2917180, 2917180]
[2917184, 2917184]
[2917188, 2917188]
[2917192, 2917192]
[2917196, 2917196]
[2917200, 2917200]
[2917204, 2917204]
[2917208, 2917208]
[2917212, 2917212]
[2917216, 2917216]
[2917220, 2917220]
[2917224, 2917224]
[2917228, 2917228]
[2917232, 2917232]
[2917236, 2917236]
[2917240, 2917240]
[2917244, 2917244]
[2917248, 2917248]
[2917252, 2917252]
[2917256, 2917256]
[2917524, 2917524]
[2917540, 2917540]
[2917548, 2917548]
[2917552, 2917552]
[2917556, 2917556]
[2917560, 2917560]
[2917564, 2917564]
[2917568, 2917568]
[2917572, 2917572]
[2917576, 2917576]
[2917580, 2917580]
[2917584, 2917584]
[2917588, 2917588]
[2917592, 2917592]
[2917596, 2917596]
[2917600, 2917600]
[2917604, 2917604]
[2917608, 2917608]
[2917612, 2917612]
[2917616, 2917616]
[2917620, 2917620]
[2917624, 2917624]
[2917628, 2917628]
[2917632, 2917632]
[2917636, 2917636]
[2917640, 2917640]
[2917644, 2917644]
[2917648, 2917648]
[2917652, 2917652]
[2917656, 2917656]
[2917660, 2917660]
[2917664, 2917664]
[2917668, 2917668]
[2917672, 2917672]
[2917676, 2917676]
[2917680, 2917680]
[2917684, 2917684]
[2917688, 2917688]
[2917692, 2917692]
[2917696, 2917696]
[2917700, 2917700]
[2917704, 2917704]
[2917708, 2917708]
[2917712, 2917712]
[2917716, 2917716]
[2917720, 2917720]
[2917724, 2917724]
[2917728, 2917728]
[2917732, 2917732]
[2917736, 2917736]
[2917740, 2917740]
[2917744, 2917744]
[2917748, 2917748]
[2917752, 2917752]
[2917756, 2917756]
[2917760, 2917760]
[2917764, 2917764]
[2917768, 2917768]
[2917772, 2917772]
[2917776, 2917776]
[2917780, 2917780]
[2917784, 2917784]
[2918088, 2918088]
[2918096, 2918096]
[2918100, 2918100]
[2918104, 2918104]
[2918108, 2918108]
[2918112, 2918112]
[2918116, 2918117]
[2918120, 2918120]
[2918124, 2918124]
[2918128, 2918128]
[2918132, 2918132]
[2918136, 2918136]
[2918140, 2918140]
[2918144, 2918144]
[2918148, 2918148]
[2918152, 2918152]
[2918156, 2918156]
[2918160, 2918160]
[2918164, 2918164]
[2918168, 2918168]
[2918172, 2918172]
[2918176, 2918176]
[2918180, 2918180]
[2918184, 2918184]
[2918188, 2918188]
[2918192, 2918192]
[2918196, 2918196]
[2918200, 2918200]
[2918204, 2918204]
[2918208, 2918208]
[2918212, 2918212]
[2918216, 2918216]
[2918220, 2918220]
[2918224, 2918224]
[2918228, 2918228]
[2918232, 2918232]
[2918236, 2918236]
[2918240, 2918240]
[2918244, 2918244]
[2918248, 2918248]
[2918252, 2918252]
[2918256, 2918256]
[2918260, 2918260]
[2918264, 2918264]
[2918268, 2918268]
[2918272, 2918272]
[2918276, 2918276]
[2918280, 2918280]
[2918284, 2918284]
[2918288, 2918288]
[2918292, 2918292]
[2918296, 2918296]
[2918300, 2918300]
[2918304, 2918304]
[2918308, 2918308]
[2918312, 2918312]
[2918316, 2918316]
[2918320, 2918320]
[2918324, 2918324]
[2918328, 2918328]
[2918332, 2918332]
[2918632, 2918632]
[2918656, 2918656]
[2918664, 2918664]
[2918668, 2918668]
[2918672, 2918672]
[2918676, 2918676]
[2918680, 2918680]
[2918684, 2918684]
[2918688, 2918688]
[2918692, 2918692]
[2918696, 2918696]
[2918700, 2918700]
[2918704, 2918704]
[2918708, 2918708]
[2918712, 2918712]
[2918716, 2918716]
[2918720, 2918720]
[2918724, 2918724]
[2918728, 2918728]
[2918732, 2918732]
[2918736, 2918736]
[2918740, 2918740]
[2918744, 2918744]
[2918748, 2918748]
[2918752, 2918752]
[2918756, 2918756]
[2918760, 2918760]
[2918764, 2918764]
[2918768, 2918768]
[2918772, 2918772]
[2918776, 2918776]
[2918780, 2918780]
[2918784, 2918784]
[2918788, 2918788]
[2918792, 2918792]
[2918796, 2918796]
[2918800, 2918800]
[2918804, 2918804]
[2918808, 2918808]
[2918812, 2918812]
[2918816, 2918816]
[2918820, 2918820]
[2918824, 2918824]
[2918828, 2918828]
[2918832, 2918832]
[2918836, 2918836]
[2918840, 2918840]
[2918844, 2918844]
[2918848, 2918848]
[2918852, 2918852]
[2918856, 2918856]
[2918860, 2918860]
[2918864, 2918864]
[2918868, 2918868]
[2918872, 2918872]
[2918876, 2918876]
[2918880, 2918880]
[2918884, 2918884]
[2918888, 2918888]
[2918892, 2918892]
[2918896, 2918896]
[2918900, 2918900]
[2919188, 2919188]
[2919196, 2919196]
[2919200, 2919200]
[2919204, 2919204]
[2919208, 2919208]
[2919212, 2919212]
[2919216, 2919216]
[2919220, 2919220]
[2919224, 2919224]
[2919228, 2919228]
[2919232, 2919232]
[2919236, 2919236]
[2919240, 2919240]
[2919244, 2919244]
[2919248, 2919248]
[2919252, 2919252]
[2919256, 2919256]
[2919260, 2919260]
[2919264, 2919264]
[2919268, 2919268]
[2919272, 2919272]
[2919276, 2919276]
[2919280, 2919280]
[2919284, 2919284]
[2919288, 2919288]
[2919292, 2919292]
[2919296, 2919296]
[2919300, 2919300]
[2919304, 2919304]
[2919308, 2919308]
[2919312, 2919312]
[2919316, 2919316]
[2919320, 2919320]
[2919324, 2919324]
[2919328, 2919328]
[2919332, 2919332]
[2919336, 2919336]
[2919340, 2919340]
[2919344, 2919344]
[2919348, 2919348]
[2919352, 2919352]
[2919356, 2919356]
[2919360, 2919360]
[2919364, 2919364]
[2919368, 2919368]
[2919372, 2919372]
[2919376, 2919376]
[2919380, 2919380]
[2919384, 2919384]
[2919388, 2919388]
[2919392, 2919392]
[2919396, 2919396]
[2919400, 2919400]
[2919404, 2919404]
[2919408, 2919408]
[2919412, 2919412]
[2919416, 2919416]
[2919420, 2919420]
[2919424, 2919424]
[2919428, 2919428]
[2919432, 2919432]
[2919696, 2919696]
[2919700, 2919700]
[2919704, 2919705]
[2919708, 2919709]
[2919712, 2919712]
[2919716, 2919716]
[2919720, 2919720]
[2919724, 2919724]
[2919732, 2919732]
[2919740, 2919740]
[2919744, 2919744]
[2919748, 2919748]
[2919752, 2919752]
[2919756, 2919756]
[2919760, 2919760]
[2919764, 2919764]
[2919768, 2919768]
[2919772, 2919772]
[2919776, 2919776]
[2919780, 2919780]
[2919784, 2919784]
[2919788, 2919788]
[2919792, 2919792]
[2919796, 2919796]
[2919800, 2919800]
[2919804, 2919804]
[2919808, 2919808]
[2919812, 2919812]
[2919816, 2919816]
[2919820, 2919820]
[2919824, 2919824]
[2919828, 2919828]
[2919832, 2919832]
[2919836, 2919836]
[2919840, 2919840]
[2919844, 2919844]
[2919848, 2919848]
[2919852, 2919852]
[2919856, 2919856]
[2919860, 2919860]
[2919864, 2919864]
[2919868, 2919868]
[2919872, 2919872]
[2919876, 2919876]
[2919880, 2919880]
[2919884, 2919884]
[2919888, 2919888]
[2919892, 2919892]
[2919896, 2919896]
[2919900, 2919900]
[2919904, 2919904]
[2919908, 2919908]
[2919912, 2919912]
[2919916, 2919916]
[2919920, 2919920]
[2919924, 2919924]
[2919928, 2919928]
[2919932, 2919932]
[2919936, 2919936]
[2919940, 2919940]
[2919944, 2919944]
[2919948, 2919948]
[2919952, 2919952]
[2919956, 2919956]
[2919960, 2919960]
[2919964, 2919964]
[2919968, 2919968]
[2919972, 2919972]
[2919976, 2919976]
[2919980, 2919980]
[2919984, 2919984]
[2919988, 2919988]
[2919992, 2919992]
[2919996, 2919996]
[2920228, 2920228]
[2920232, 2920232]
[2920236, 2920236]
[2920252, 2920252]
[2920256, 2920256]
[2920260, 2920260]
[2920264, 2920264]
[2920268, 2920268]
[2920272, 2920272]
[2920276, 2920276]
[2920280, 2920280]
[2920284, 2920284]
[2920288, 2920288]
[2920292, 2920292]
[2920296, 2920296]
[2920300, 2920300]
[2920304, 2920304]
[2920308, 2920308]
[2920312, 2920312]
[2920316, 2920316]
[2920320, 2920320]
[2920324, 2920324]
[2920328, 2920328]
[2920332, 2920332]
[2920336, 2920336]
[2920340, 2920340]
[2920344, 2920344]
[2920348, 2920348]
[2920352, 2920352]
[2920356, 2920356]
[2920360, 2920360]
[2920364, 2920364]
[2920368, 2920368]
[2920372, 2920372]
[2920376, 2920376]
[2920380, 2920380]
[2920492, 2920492]
[2920496, 2920496]
[2920504, 2920504]
[2920512, 2920512]
[2920516, 2920516]
[2920520, 2920520]
[2920524, 2920524]
[2920540, 2920540]
[2920544, 2920544]
[2920548, 2920548]
[2920552, 2920552]
[2920556, 2920556]
[2920560, 2920560]
[2920564, 2920564]
[2920568, 2920568]
[2920576, 2920576]
[2920580, 2920580]
[2920584, 2920584]
[2920588, 2920588]
[2920592, 2920592]
[2920596, 2920596]
[2920600, 2920600]
[2920604, 2920604]
[2920608, 2920608]
[2920612, 2920612]
[2920616, 2920616]
[2920620, 2920620]
[2920624, 2920624]
[2920628, 2920628]
[2920632, 2920632]
[2920636, 2920636]
[2920640, 2920640]
[2920644, 2920644]
[2920648, 2920648]
[2920652, 2920652]
[2920656, 2920656]
[2920660, 2920660]
[2920664, 2920664]
[2920672, 2920672]
[2920676, 2920676]
[2920680, 2920680]
[2920684, 2920684]
[2920688, 2920688]
[2920692, 2920692]
[2920696, 2920696]
[2920700, 2920700]
[2920704, 2920704]
[2920708, 2920708]
[2920712, 2920712]
[2920716, 2920716]
[2920720, 2920720]
[2920724, 2920724]
[2920728, 2920728]
[2920732, 2920732]
[2920736, 2920736]
[2920740, 2920740]
[2920744, 2920744]
[2920748, 2920748]
[2920752, 2920752]
[2920756, 2920756]
[2920760, 2920760]
[2920764, 2920764]
[2920768, 2920768]
[2920772, 2920772]
[2920776, 2920776]
[2920784, 2920784]
[2920788, 2920788]
[2920792, 2920792]
[2920796, 2920796]
[2920800, 2920800]
[2920804, 2920804]
[2920808, 2920808]
[2920816, 2920816]
[2920820, 2920820]
[2920828, 2920828]
[2920832, 2920832]
[2926232, 2926232]
[2926236, 2926236]
[2926248, 2926248]
[2926252, 2926252]
[2926256, 2926256]
[2926260, 2926260]
[2926264, 2926264]
[2926268, 2926268]
[2926324, 2926324]
[2926328, 2926328]
[2926332, 2926332]
[2926336, 2926336]
[2926340, 2926340]
[2926344, 2926344]
[2926348, 2926348]
[2926352, 2926352]
[2926356, 2926356]
[2926360, 2926360]
[2926364, 2926364]
[2926368, 2926368]
[2926372, 2926372]
[2926376, 2926376]
[2926380, 2926380]
[2926384, 2926384]
[2926388, 2926388]
[2926392, 2926392]
[2926396, 2926396]
[2926400, 2926400]
[2926404, 2926404]
[2926408, 2926408]
[2926412, 2926412]
[2926416, 2926416]
[2926420, 2926420]
[2926424, 2926424]
[2926428, 2926428]
[2926432, 2926432]
[2926436, 2926436]
[2926440, 2926440]
[2926444, 2926444]
[2926448, 2926448]
[2926452, 2926452]
[2926456, 2926456]
[2926460, 2926460]
[2926464, 2926464]
[2926468, 2926468]
[2926472, 2926472]
[2926476, 2926476]
[2926480, 2926480]
[2926484, 2926484]
[2926488, 2926488]
[2926492, 2926492]
[2926496, 2926496]
[2926500, 2926500]
[2926504, 2926504]
[2926508, 2926508]
[2926512, 2926512]
[2926516, 2926516]
[2926520, 2926520]
[2926524, 2926524]
[2926528, 2926528]
[2926532, 2926532]
[2926536, 2926536]
[2926540, 2926540]
[2926544, 2926544]
[2926548, 2926548]
[2926552, 2926552]
[2926556, 2926556]
[2926560, 2926560]
[2926564, 2926564]
[2926848, 2926848]
[2926864, 2926864]
[2926868, 2926868]
[2926872, 2926872]
[2926876, 2926876]
[2926880, 2926880]
[2926884, 2926884]
[2926888, 2926888]
[2926892, 2926892]
[2926896, 2926896]
[2926900, 2926900]
[2926904, 2926904]
[2926908, 2926908]
[2926912, 2926912]
[2926916, 2926916]
[2926920, 2926920]
[2926924, 2926924]
[2926928, 2926928]
[2926932, 2926932]
[2926936, 2926936]
[2926940, 2926940]
[2926944, 2926944]
[2926948, 2926948]
[2926952, 2926952]
[2926956, 2926956]
[2926960, 2926960]
[2926964, 2926964]
[2926968, 2926968]
[2926972, 2926972]
[2926976, 2926976]
[2926980, 2926980]
[2926984, 2926984]
[2926988, 2926988]
[2926992, 2926992]
[2926996, 2926996]
[2927000, 2927000]
[2927004, 2927004]
[2927008, 2927008]
[2927012, 2927012]
[2927016, 2927016]
[2927020, 2927020]
[2927024, 2927024]
[2927028, 2927028]
[2927032, 2927032]
[2927036, 2927036]
[2927040, 2927040]
[2927044, 2927044]
[2927048, 2927048]
[2927052, 2927052]
[2927056, 2927056]
[2927060, 2927060]
[2927064, 2927064]
[2927068, 2927068]
[2927072, 2927072]
[2927076, 2927076]
[2927492, 2927492]
[2927496, 2927496]
[2927500, 2927500]
[2927504, 2927504]
[2927508, 2927508]
[2927512, 2927512]
[2927516, 2927516]
[2927520, 2927520]
[2927524, 2927524]
[2927528, 2927528]
[2927532, 2927532]
[2927536, 2927536]
[2927540, 2927540]
[2927544, 2927544]
[2927548, 2927548]
[2927552, 2927552]
[2927556, 2927556]
[2927560, 2927560]
[2927564, 2927564]
[2927568, 2927568]
[2927572, 2927572]
[2927576, 2927576]
[2927580, 2927580]
[2927584, 2927584]
[2927588, 2927588]
[2927592, 2927592]
[2927596, 2927596]
[2927600, 2927600]
[2927604, 2927604]
[2927608, 2927608]
[2927612, 2927612]
[2927616, 2927616]
[2927620, 2927620]
[2927624, 2927624]
[2927628, 2927628]
[2927632, 2927632]
[2927636, 2927636]
[2927640, 2927640]
[2927644, 2927644]
[2927648, 2927648]
[2927652, 2927652]
[2927656, 2927656]
[2927660, 2927660]
[2927664, 2927664]
[2927668, 2927668]
[2927672, 2927672]
[2927676, 2927676]
[2927680, 2927680]
[2927684, 2927684]
[2927688, 2927688]
[2927692, 2927692]
[2927696, 2927696]
[2927700, 2927700]
[2927704, 2927704]
[2928168, 2928168]
[2928172, 2928172]
[2928176, 2928176]
[2928224, 2928224]
[2928228, 2928228]
[2928232, 2928232]
[2928236, 2928236]
[2928240, 2928240]
[2928244, 2928244]
[2928248, 2928248]
[2928252, 2928252]
[2928256, 2928256]
[2928260, 2928260]
[2928264, 2928264]
[2928268, 2928268]
[2928272, 2928272]
[2928276, 2928276]
[2928280, 2928280]
[2928284, 2928284]
[2928288, 2928288]
[2928292, 2928292]
[2928296, 2928296]
[2928300, 2928300]
[2928304, 2928304]
[2928308, 2928308]
[2928312, 2928312]
[2928316, 2928316]
[2928320, 2928320]
[2928324, 2928324]
[2928328, 2928328]
[2928332, 2928332]
[2928336, 2928336]
[2928340, 2928340]
[2928344, 2928344]
[2928348, 2928348]
[2928352, 2928352]
[2928356, 2928356]
[2928360, 2928360]
[2928364, 2928364]
[2928368, 2928368]
[2928372, 2928372]
[2928376, 2928376]
[2928380, 2928380]
[2928384, 2928384]
[2928388, 2928388]
[2928392, 2928392]
[2928396, 2928396]
[2928400, 2928400]
[2928404, 2928404]
[2928408, 2928408]
[2928412, 2928412]
[2928416, 2928416]
[2928420, 2928420]
[2928424, 2928424]
[2928428, 2928428]
[2928432, 2928432]
[2928436, 2928436]
[2928852, 2928852]
[2928856, 2928856]
[2928860, 2928860]
[2928864, 2928864]
[2928868, 2928868]
[2928872, 2928872]
[2928876, 2928876]
[2928880, 2928880]
[2928884, 2928884]
[2928888, 2928889]
[2928892, 2928892]
[2928896, 2928896]
[2928900, 2928900]
[2928904, 2928904]
[2928908, 2928908]
[2928912, 2928912]
[2928916, 2928916]
[2928920, 2928920]
[2928924, 2928924]
[2928928, 2928928]
[2928932, 2928932]
[2928936, 2928936]
[2928940, 2928940]
[2928944, 2928944]
[2928948, 2928948]
[2928952, 2928952]
[2928956, 2928956]
[2928960, 2928960]
[2928964, 2928964]
[2928968, 2928968]
[2928972, 2928972]
[2928976, 2928976]
[2928980, 2928980]
[2928984, 2928984]
[2928988, 2928988]
[2928992, 2928992]
[2928996, 2928996]
[2929000, 2929000]
[2929004, 2929004]
[2929008, 2929008]
[2929012, 2929012]
[2929016, 2929016]
[2929020, 2929020]
[2929024, 2929024]
[2929028, 2929028]
[2929032, 2929032]
[2929036, 2929036]
[2929040, 2929040]
[2929044, 2929044]
[2929048, 2929048]
[2929052, 2929052]
[2929056, 2929056]
[2929060, 2929060]
[2929064, 2929064]
[2929372, 2929372]
[2929376, 2929376]
[2929380, 2929380]
[2929384, 2929384]
[2929388, 2929388]
[2929392, 2929392]
[2929396, 2929396]
[2929400, 2929400]
[2929404, 2929404]
[2929408, 2929408]
[2929412, 2929412]
[2929416, 2929416]
[2929420, 2929420]
[2929424, 2929424]
[2929428, 2929428]
[2929432, 2929432]
[2929436, 2929436]
[2929440, 2929440]
[2929444, 2929444]
[2929448, 2929448]
[2929452, 2929452]
[2929456, 2929456]
[2929460, 2929460]
[2929464, 2929464]
[2929468, 2929468]
[2929472, 2929472]
[2929476, 2929476]
[2929480, 2929480]
[2929484, 2929484]
[2929488, 2929488]
[2929492, 2929492]
[2929496, 2929496]
[2929500, 2929500]
[2929504, 2929504]
[2929508, 2929508]
[2929512, 2929512]
[2929516, 2929516]
[2929520, 2929520]
[2929524, 2929524]
[2929528, 2929528]
[2929532, 2929532]
[2929536, 2929536]
[2929540, 2929540]
[2929544, 2929544]
[2929548, 2929548]
[2929552, 2929552]
[2929556, 2929556]
[2929560, 2929560]
[2929564, 2929564]
[2929568, 2929568]
[2929572, 2929572]
[2929576, 2929576]
[2929580, 2929580]
[2929584, 2929584]
[2929588, 2929588]
[2929592, 2929592]
[2929596, 2929596]
[2929600, 2929600]
[2929604, 2929604]
[2929608, 2929608]
[2929916, 2929916]
[2929924, 2929924]
[2929928, 2929928]
[2929932, 2929932]
[2929936, 2929936]
[2929940, 2929940]
[2929944, 2929944]
[2929948, 2929948]
[2929952, 2929952]
[2929956, 2929956]
[2929960, 2929960]
[2929964, 2929964]
[2929968, 2929968]
[2929972, 2929972]
[2929976, 2929976]
[2929980, 2929980]
[2929984, 2929984]
[2929988, 2929988]
[2929992, 2929992]
[2929996, 2929996]
[2930000, 2930000]
[2930004, 2930004]
[2930008, 2930008]
[2930012, 2930012]
[2930120, 2930120]
[2930128, 2930128]
[2930132, 2930132]
[2930136, 2930136]
[2930140, 2930140]
[2930156, 2930156]
[2930160, 2930160]
[2930164, 2930164]
[2930180, 2930180]
[2930184, 2930184]
[2930188, 2930188]
[2930192, 2930192]
[2930196, 2930196]
[2930200, 2930200]
[2930204, 2930204]
[2930208, 2930208]
[2930212, 2930212]
[2930220, 2930220]
[2930224, 2930224]
[2930228, 2930228]
[2930232, 2930232]
[2930236, 2930236]
[2930240, 2930240]
[2930244, 2930244]
[2930248, 2930248]
[2930252, 2930252]
[2930256, 2930256]
[2930260, 2930260]
[2930264, 2930264]
[2930268, 2930268]
[2930272, 2930272]
[2930276, 2930276]
[2930280, 2930280]
[2930284, 2930284]
[2930288, 2930288]
[2930296, 2930296]
[2930300, 2930300]
[2930304, 2930304]
[2930308, 2930308]
[2930312, 2930312]
[2930316, 2930316]
[2930320, 2930320]
[2930324, 2930324]
[2930328, 2930328]
[2930332, 2930332]
[2930336, 2930336]
[2930340, 2930340]
[2930344, 2930344]
[2930348, 2930348]
[2930352, 2930352]
[2930356, 2930356]
[2930360, 2930360]
[2930364, 2930364]
[2930368, 2930368]
[2930372, 2930372]
[2930376, 2930376]
[2930384, 2930384]
[2930388, 2930388]
[2930392, 2930392]
[2930396, 2930396]
[2930400, 2930400]
[2930404, 2930404]
[2930408, 2930408]
[2930412, 2930412]
[2930416, 2930416]
[2930420, 2930420]
[2930424, 2930424]
[2930428, 2930428]
[2930444, 2930444]
[2930448, 2930448]
[2930452, 2930452]
[2930456, 2930456]
[2930460, 2930460]
[2930464, 2930464]
[2930472, 2930472]
[2930476, 2930476]
[2935880, 2935880]
[2935884, 2935884]
[2935892, 2935892]
[2935896, 2935896]
[2935900, 2935900]
[2935904, 2935904]
[2935908, 2935908]
[2935932, 2935932]
[2935936, 2935936]
[2935940, 2935940]
[2935944, 2935944]
[2935948, 2935948]
[2935952, 2935952]
[2935956, 2935956]
[2935960, 2935960]
[2935964, 2935964]
[2935968, 2935968]
[2935972, 2935972]
[2935976, 2935976]
[2935980, 2935980]
[2935984, 2935984]
[2935988, 2935988]
[2935992, 2935992]
[2935996, 2935996]
[2936000, 2936000]
[2936004, 2936004]
[2936008, 2936008]
[2936012, 2936012]
[2936044, 2936044]
[2936048, 2936048]
[2936052, 2936052]
[2936056, 2936056]
[2936060, 2936060]
[2936064, 2936064]
[2936068, 2936068]
[2936072, 2936072]
[2936076, 2936076]
[2936080, 2936080]
[2936084, 2936084]
[2936160, 2936160]
[2936164, 2936164]
[2936168, 2936168]
[2936172, 2936172]
[2936176, 2936176]
[2936180, 2936180]
[2936184, 2936184]
[2936408, 2936408]
[2936412, 2936412]
[2936416, 2936416]
[2936420, 2936420]
[2936424, 2936424]
[2936428, 2936428]
[2936432, 2936432]
[2936620, 2936620]
[2936624, 2936624]
[2936628, 2936628]
[2936632, 2936632]
[2936636, 2936636]
[2936640, 2936640]
[2936644, 2936644]
[2936796, 2936796]
[2936800, 2936800]
[2936804, 2936804]
[2936808, 2936808]
[2936812, 2936812]
[2936816, 2936816]
[2936820, 2936820]
[2936964, 2936964]
[2936976, 2936976]
[2936980, 2936980]
[2936984, 2936984]
[2936988, 2936988]
[2936992, 2936992]
[2936996, 2936996]
[2937000, 2937000]
[2937004, 2937004]
[2937008, 2937008]
[2937012, 2937012]
[2937016, 2937016]
[2937020, 2937020]
[2937024, 2937024]
[2937068, 2937068]
[2937072, 2937072]
[2937076, 2937076]
[2937084, 2937084]
[2937088, 2937088]
[2937092, 2937092]
[2937108, 2937108]
[2937112, 2937112]
[2937116, 2937116]
[2937120, 2937120]
[2937124, 2937124]
[2937128, 2937128]
[2937132, 2937132]
[2937136, 2937136]
[2937140, 2937140]
[2937144, 2937144]
[2937148, 2937148]
[2937180, 2937180]
[2937184, 2937184]
[2937196, 2937196]
[2937200, 2937200]
[2937204, 2937204]
[2937208, 2937208]
[2937212, 2937212]
[2937216, 2937216]
[2937220, 2937220]
[2937224, 2937224]
[2937228, 2937228]
[2937232, 2937232]
[2937236, 2937236]
[2937264, 2937264]
[2937288, 2937288]
[2937292, 2937292]
[2937296, 2937296]
[2937300, 2937300]
[2937304, 2937304]
[2937308, 2937308]
[2937312, 2937312]
[2937316, 2937316]
[2937320, 2937320]
[2937324, 2937324]
[2937328, 2937328]
[2937336, 2937336]
[2937340, 2937340]
[2937348, 2937348]
[2937368, 2937368]
[2937372, 2937372]
[2937376, 2937376]
[2937380, 2937380]
[2937384, 2937384]
[2937388, 2937388]
[2937392, 2937392]
[2937396, 2937396]
[2937400, 2937400]
[2937404, 2937404]
[2937408, 2937408]
[2937416, 2937416]
[2937420, 2937420]
[2937424, 2937424]
[2937428, 2937428]
[2937432, 2937432]
[2937436, 2937436]
[2937440, 2937440]
[2937444, 2937444]
[2937464, 2937464]
[2937468, 2937468]
[2937472, 2937472]
[2937476, 2937476]
[2937480, 2937480]
[2937484, 2937484]
[2937488, 2937488]
[2937496, 2937496]
[2937500, 2937500]
[2937504, 2937504]
[2937508, 2937508]
[2937512, 2937512]
[2937516, 2937516]
[2937520, 2937520]
[2937524, 2937524]
[2937528, 2937528]
[2937532, 2937532]
[2937536, 2937536]
[2937540, 2937540]
[2937544, 2937544]
[2937548, 2937548]
[2937552, 2937552]
[2937556, 2937556]
[2937564, 2937564]
[2937568, 2937568]
[2937572, 2937572]
[2937576, 2937576]
[2937580, 2937580]
[2937584, 2937584]
[2937588, 2937588]
[2937592, 2937592]
[2937596, 2937596]
[2937600, 2937600]
[2937604, 2937604]
[2937608, 2937608]
[2937612, 2937612]
[2937616, 2937616]
[2937620, 2937620]
[2937624, 2937624]
[2937628, 2937628]
[2937632, 2937632]
[2937636, 2937636]
[2937640, 2937640]
[2937644, 2937644]
[2937648, 2937648]
[2937652, 2937652]
[2937656, 2937656]
[2937660, 2937660]
[2937664, 2937664]
[2937668, 2937668]
[2937696, 2937696]
[2937700, 2937700]
[2937704, 2937704]
[2937708, 2937708]
[2937712, 2937712]
[2937716, 2937716]
[2937720, 2937720]
[2937740, 2937740]
[2937744, 2937744]
[2937748, 2937748]
[2937752, 2937752]
[2937756, 2937756]
[2943160, 2943160]
[2943164, 2943164]
[2943176, 2943176]
[2943180, 2943180]
[2943184, 2943184]
[2943188, 2943188]
[2943204, 2943204]
[2943208, 2943208]
[2943212, 2943212]
[2943216, 2943216]
[2943220, 2943220]
[2943224, 2943224]
[2943240, 2943240]
[2943244, 2943244]
[2943248, 2943248]
[2943252, 2943252]
[2943324, 2943324]
[2943328, 2943328]
[2943332, 2943332]
[2943336, 2943336]
[2943432, 2943432]
[2943512, 2943512]
[2943516, 2943516]
[2943520, 2943520]
[2943524, 2943524]
[2943616, 2943616]
[2943620, 2943620]
[2943624, 2943624]
[2943628, 2943628]
[2943700, 2943700]
[2943712, 2943712]
[2943716, 2943716]
[2943720, 2943720]
[2943724, 2943724]
[2943728, 2943728]
[2943732, 2943732]
[2943736, 2943736]
[2943740, 2943740]
[2943768, 2943768]
[2943772, 2943772]
[2943788, 2943788]
[2943792, 2943792]
[2943796, 2943796]
[2943800, 2943800]
[2943804, 2943804]
[2943808, 2943808]
[2943832, 2943832]
[2943836, 2943836]
[2943840, 2943840]
[2943844, 2943844]
[2943848, 2943848]
[2943852, 2943852]
[2943856, 2943856]
[2943860, 2943860]
[2943864, 2943864]
[2943868, 2943868]
[2943892, 2943892]
[2943896, 2943896]
[2943900, 2943900]
[2943904, 2943904]
[2943920, 2943920]
[2943948, 2943948]
[2943952, 2943952]
[2943956, 2943956]
[2943960, 2943960]
[2943964, 2943964]
[2943968, 2943968]
[2943972, 2943972]
[2943976, 2943976]
[2943980, 2943980]
[2943984, 2943984]
[2943988, 2943988]
[2943992, 2943992]
[2943996, 2943996]
[2944000, 2944000]
[2944004, 2944004]
[2944008, 2944008]
[2944016, 2944016]
[2944024, 2944024]
[2944028, 2944028]
[2944032, 2944032]
[2944036, 2944036]
[2944040, 2944040]
[2944044, 2944044]
[2944052, 2944052]
[2944056, 2944056]
[2944060, 2944060]
[2944064, 2944064]
[2944068, 2944068]
[2944072, 2944072]
[2944076, 2944076]
[2944088, 2944088]
[2944116, 2944116]
[2944120, 2944120]
[2944124, 2944124]
[2944128, 2944128]
[2944132, 2944132]
[2944136, 2944136]
[2944140, 2944140]
[2944144, 2944144]
[2944148, 2944148]
[2944152, 2944152]
[2944156, 2944156]
[2944160, 2944160]
[2944164, 2944164]
[2944168, 2944168]
[2944176, 2944176]
[2944180, 2944180]
[2944184, 2944184]
[2944188, 2944188]
[2944192, 2944192]
[2944196, 2944196]
[2944200, 2944200]
[2944204, 2944204]
[2944208, 2944208]
[2944212, 2944212]
[2944216, 2944216]
[2944220, 2944220]
[2944224, 2944224]
[2944228, 2944228]
[2944232, 2944232]
[2944240, 2944240]
[2944244, 2944244]
[2944248, 2944248]
[2944252, 2944252]
[2944256, 2944256]
[2944260, 2944260]
[2944264, 2944264]
[2944268, 2944268]
[2944272, 2944272]
[2944276, 2944276]
[2944280, 2944280]
[2944284, 2944284]
[2944288, 2944288]
[2944304, 2944304]
[2944308, 2944308]
[2944312, 2944312]
[2944316, 2944316]
[2944320, 2944320]
[2944324, 2944324]
[2944328, 2944328]
[2944332, 2944332]
[2949736, 2949736]
[2949740, 2949740]
[2949752, 2949752]
[2949756, 2949756]
[2949760, 2949760]
[2949764, 2949764]
[2949780, 2949780]
[2949784, 2949784]
[2949788, 2949788]
[2949792, 2949792]
[2949796, 2949796]
[2949800, 2949800]
[2949812, 2949812]
[2949816, 2949816]
[2949820, 2949820]
[2949824, 2949824]
[2949876, 2949876]
[2949880, 2949880]
[2949884, 2949884]
[2949888, 2949888]
[2949920, 2949920]
[2949976, 2949976]
[2949980, 2949980]
[2949984, 2949984]
[2949988, 2949988]
[2950064, 2950064]
[2950068, 2950068]
[2950072, 2950072]
[2950076, 2950076]
[2950148, 2950148]
[2950160, 2950160]
[2950164, 2950164]
[2950168, 2950168]
[2950172, 2950172]
[2950176, 2950176]
[2950180, 2950180]
[2950184, 2950184]
[2950188, 2950188]
[2950216, 2950216]
[2950228, 2950228]
[2950232, 2950232]
[2950236, 2950236]
[2950240, 2950240]
[2950256, 2950256]
[2950260, 2950260]
[2950264, 2950264]
[2950268, 2950268]
[2950272, 2950272]
[2950276, 2950276]
[2950284, 2950284]
[2950288, 2950288]
[2950292, 2950292]
[2950296, 2950296]
[2950300, 2950300]
[2950304, 2950304]
[2950332, 2950332]
[2950336, 2950336]
[2950340, 2950340]
[2950344, 2950344]
[2950348, 2950348]
[2950352, 2950352]
[2950360, 2950360]
[2950372, 2950372]
[2950376, 2950376]
[2950380, 2950380]
[2950384, 2950384]
[2950388, 2950388]
[2950392, 2950392]
[2950396, 2950396]
[2950420, 2950420]
[2950424, 2950424]
[2950428, 2950428]
[2950432, 2950432]
[2950436, 2950436]
[2950440, 2950440]
[2950444, 2950444]
[2950448, 2950448]
[2950456, 2950456]
[2950460, 2950460]
[2950464, 2950464]
[2950468, 2950468]
[2950472, 2950472]
[2950476, 2950476]
[2950480, 2950480]
[2950484, 2950484]
[2950488, 2950488]
[2950492, 2950492]
[2950496, 2950496]
[2950500, 2950500]
[2950504, 2950504]
[2950508, 2950508]
[2950512, 2950512]
[2950520, 2950520]
[2950524, 2950524]
[2950528, 2950528]
[2950532, 2950532]
[2950536, 2950536]
[2950540, 2950540]
[2950544, 2950544]
[2950548, 2950548]
[2950552, 2950552]
[2950556, 2950556]
[2950560, 2950560]
[2950564, 2950564]
[2950568, 2950568]
[2950572, 2950572]
[2950576, 2950576]
[2950580, 2950580]
[2950588, 2950588]
[2950592, 2950592]
[2950596, 2950596]
[2950600, 2950600]
[2950604, 2950604]
[2950608, 2950608]
[2950624, 2950624]
[2950628, 2950628]
[2950632, 2950632]
[2950636, 2950636]
[2950640, 2950640]
[2950644, 2950644]
[2950648, 2950648]
[2950652, 2950652]
[2956056, 2956056]
[2956060, 2956060]
[2956072, 2956072]
[2956076, 2956076]
[2956080, 2956080]
[2956084, 2956084]
[2956100, 2956100]
[2956104, 2956104]
[2956108, 2956108]
[2956112, 2956112]
[2956116, 2956116]
[2956120, 2956120]
[2956132, 2956132]
[2956136, 2956136]
[2956140, 2956140]
[2956144, 2956144]
[2956196, 2956196]
[2956200, 2956200]
[2956204, 2956204]
[2956208, 2956208]
[2956240, 2956240]
[2956296, 2956296]
[2956300, 2956300]
[2956304, 2956304]
[2956308, 2956308]
[2956388, 2956388]
[2956392, 2956392]
[2956396, 2956396]
[2956400, 2956400]
[2956476, 2956476]
[2956480, 2956480]
[2956484, 2956484]
[2956500, 2956500]
[2956504, 2956504]
[2956508, 2956508]
[2956512, 2956512]
[2956516, 2956516]
[2956520, 2956520]
[2956524, 2956524]
[2956528, 2956528]
[2956532, 2956532]
[2956536, 2956536]
[2956540, 2956540]
[2956544, 2956544]
[2956596, 2956596]
[2956608, 2956608]
[2956612, 2956612]
[2956616, 2956616]
[2956620, 2956620]
[2956624, 2956624]
[2956628, 2956628]
[2956644, 2956644]
[2956648, 2956648]
[2956652, 2956652]
[2956656, 2956656]
[2956660, 2956660]
[2956664, 2956664]
[2956668, 2956668]
[2956672, 2956672]
[2956680, 2956680]
[2956684, 2956684]
[2956688, 2956688]
[2956692, 2956692]
[2956696, 2956696]
[2956700, 2956700]
[2956704, 2956704]
[2956708, 2956708]
[2956712, 2956712]
[2956716, 2956716]
[2956728, 2956728]
[2956732, 2956732]
[2956760, 2956760]
[2956764, 2956764]
[2956768, 2956768]
[2956772, 2956772]
[2956776, 2956776]
[2956780, 2956780]
[2956784, 2956784]
[2956788, 2956788]
[2956792, 2956792]
[2956796, 2956796]
[2956808, 2956808]
[2956812, 2956812]
[2956832, 2956832]
[2956836, 2956836]
[2956840, 2956840]
[2956844, 2956844]
[2956848, 2956848]
[2956852, 2956852]
[2956856, 2956856]
[2956860, 2956860]
[2956868, 2956868]
[2956872, 2956872]
[2956876, 2956876]
[2956880, 2956880]
[2956884, 2956884]
[2956888, 2956888]
[2956892, 2956892]
[2956896, 2956896]
[2956916, 2956916]
[2956920, 2956920]
[2956924, 2956924]
[2956928, 2956928]
[2956932, 2956932]
[2956936, 2956936]
[2956940, 2956940]
[2956944, 2956944]
[2956948, 2956948]
[2956952, 2956952]
[2956956, 2956956]
[2956960, 2956960]
[2956964, 2956964]
[2956968, 2956968]
[2956976, 2956976]
[2956980, 2956980]
[2956984, 2956984]
[2956988, 2956988]
[2956992, 2956992]
[2956996, 2956996]
[2957000, 2957000]
[2957004, 2957004]
[2957008, 2957008]
[2957012, 2957012]
[2957016, 2957016]
[2957020, 2957020]
[2957024, 2957024]
[2957028, 2957028]
[2957032, 2957032]
[2957036, 2957036]
[2957044, 2957044]
[2957048, 2957048]
[2957052, 2957052]
[2957056, 2957056]
[2957060, 2957060]
[2957064, 2957064]
[2957068, 2957068]
[2957072, 2957072]
[2957076, 2957076]
[2957080, 2957080]
[2957084, 2957084]
[2957088, 2957088]
[2957092, 2957092]
[2957100, 2957100]
[2957104, 2957104]
[2957108, 2957108]
[2957112, 2957112]
[2957116, 2957116]
[2957120, 2957120]
[2957124, 2957124]
[2957128, 2957128]
[2957132, 2957132]
[2957136, 2957136]
[2957140, 2957140]
[2957144, 2957144]
[2957148, 2957148]
[2957152, 2957152]
[2957156, 2957156]
[2957160, 2957160]
[2957164, 2957164]
[2957168, 2957168]
[2957172, 2957172]
[2957176, 2957176]
[2957180, 2957180]
[2957212, 2957212]
[2957216, 2957216]
[2957220, 2957220]
[2957224, 2957224]
[2957228, 2957228]
[2957232, 2957232]
[2957236, 2957236]
[2957240, 2957240]
[2957244, 2957244]
[2957248, 2957248]
[2962652, 2962652]
[2962656, 2962656]
[2962664, 2962664]
[2962668, 2962668]
[2962684, 2962684]
[2962688, 2962688]
[2962792, 2962792]
[2962816, 2962816]
[2963012, 2963012]
[2963016, 2963016]
[2963020, 2963020]
[2963024, 2963024]
[2963028, 2963028]
[2963204, 2963204]
[2963208, 2963208]
[2963216, 2963216]
[2963220, 2963220]
[2963224, 2963224]
[2963228, 2963228]
[2963304, 2963304]
[2963316, 2963316]
[2963320, 2963320]
[2963324, 2963324]
[2963328, 2963328]
[2963332, 2963332]
[2963336, 2963336]
[2963364, 2963364]
[2963372, 2963372]
[2963376, 2963376]
[2963392, 2963392]
[2963396, 2963396]
[2963404, 2963404]
[2963408, 2963408]
[2963416, 2963416]
[2963420, 2963420]
[2963424, 2963424]
[2963428, 2963428]
[2963436, 2963436]
[2963440, 2963440]
[2963444, 2963444]
[2963448, 2963448]
[2963456, 2963456]
[2963460, 2963460]
[2963464, 2963464]
[2963468, 2963468]
[2963472, 2963472]
[2963476, 2963476]
[2963480, 2963480]
[2963484, 2963484]
[2963488, 2963488]
[2963496, 2963496]
[2963500, 2963500]
[2963504, 2963504]
[2963508, 2963508]
[2963512, 2963512]
[2963516, 2963516]
[2963520, 2963520]
[2963524, 2963524]
[2963528, 2963528]
[2963532, 2963532]
[2963536, 2963536]
[2963544, 2963544]
[2963548, 2963548]
[2963552, 2963552]
[2963556, 2963556]
[2963560, 2963560]
[2963564, 2963564]
[2963568, 2963568]
[2963576, 2963576]
[2963580, 2963580]
[2963584, 2963584]
[2963588, 2963588]
[2963592, 2963592]
[2963596, 2963596]
[2963600, 2963600]
[2963604, 2963604]
[2963608, 2963608]
[2963612, 2963612]
[2963628, 2963628]
[2963632, 2963632]
[2963636, 2963636]
[2963640, 2963640]
[2963644, 2963644]
[2963648, 2963648]
[2963652, 2963652]
[2963656, 2963656]
[2963660, 2963660]
[2963664, 2963664]
[2963668, 2963668]
[2963672, 2963672]
[2963676, 2963676]
[2963680, 2963680]
[2969084, 2969084]
[2969088, 2969088]
[2969092, 2969092]
[2969104, 2969104]
[2969108, 2969108]
[2969112, 2969112]
[2969116, 2969116]
[2969140, 2969140]
[2969144, 2969144]
[2969148, 2969148]
[2969152, 2969152]
[2969300, 2969300]
[2969304, 2969304]
[2969336, 2969336]
[2969472, 2969472]
[2969492, 2969492]
[2969684, 2969684]
[2969692, 2969692]
[2969696, 2969696]
[2969700, 2969700]
[2969704, 2969704]
[2969708, 2969708]
[2969712, 2969712]
[2969772, 2969772]
[2969780, 2969780]
[2969784, 2969784]
[2969788, 2969788]
[2969792, 2969792]
[2969816, 2969816]
[2969820, 2969820]
[2969832, 2969832]
[2969836, 2969836]
[2969840, 2969840]
[2969844, 2969844]
[2969868, 2969868]
[2969872, 2969872]
[2969892, 2969892]
[2969896, 2969896]
[2969900, 2969900]
[2969904, 2969904]
[2969908, 2969908]
[2969916, 2969916]
[2969920, 2969920]
[2969924, 2969924]
[2969928, 2969928]
[2969932, 2969932]
[2969936, 2969936]
[2969940, 2969940]
[2969944, 2969944]
[2969948, 2969948]
[2969952, 2969952]
[2969960, 2969960]
[2969964, 2969964]
[2969968, 2969968]
[2969972, 2969972]
[2969976, 2969976]
[2969980, 2969980]
[2969984, 2969984]
[2969988, 2969988]
[2969996, 2969996]
[2970000, 2970000]
[2970004, 2970004]
[2970008, 2970008]
[2970016, 2970016]
[2970020, 2970020]
[2970024, 2970024]
[2970028, 2970028]
[2975432, 2975432]
[2975436, 2975436]
[2975444, 2975444]
[2975448, 2975448]
[2975464, 2975464]
[2975468, 2975468]
[2975480, 2975480]
[2975484, 2975484]
[2975488, 2975488]
[2975492, 2975492]
[2975496, 2975496]
[2975500, 2975500]
[2975504, 2975504]
[2975508, 2975508]
[2975640, 2975640]
[2975660, 2975660]
[2975784, 2975784]
[2975804, 2975804]
[2975980, 2975980]
[2975988, 2975988]
[2975992, 2975992]
[2975996, 2975996]
[2976000, 2976000]
[2976060, 2976060]
[2976064, 2976064]
[2976076, 2976076]
[2976080, 2976080]
[2976084, 2976084]
[2976088, 2976088]
[2976092, 2976092]
[2976096, 2976096]
[2976128, 2976128]
[2976132, 2976132]
[2976136, 2976136]
[2976152, 2976152]
[2976156, 2976156]
[2976160, 2976160]
[2976164, 2976164]
[2976168, 2976168]
[2976172, 2976172]
[2976176, 2976176]
[2976180, 2976180]
[2976184, 2976184]
[2976188, 2976188]
[2976192, 2976192]
[2976196, 2976196]
[2976240, 2976240]
[2976244, 2976244]
[2976248, 2976248]
[2976252, 2976252]
[2976260, 2976260]
[2976264, 2976264]
[2976268, 2976268]
[2976272, 2976272]
[2976276, 2976276]
[2976280, 2976280]
[2976284, 2976284]
[2976288, 2976288]
[2976292, 2976292]
[2976300, 2976300]
[2976304, 2976304]
[2976308, 2976308]
[2976312, 2976312]
[2976316, 2976316]
[2976320, 2976320]
[2976324, 2976324]
[2976328, 2976328]
[2976336, 2976336]
[2976340, 2976340]
[2976344, 2976344]
[2976348, 2976348]
[2976356, 2976356]
[2976360, 2976360]
[2976364, 2976364]
[2976368, 2976368]
[2976372, 2976372]
[2976376, 2976376]
[2981780, 2981780]
[2981788, 2981788]
[2981796, 2981796]
[2981800, 2981800]
[2981804, 2981804]
[2981808, 2981808]
[2981824, 2981824]
[2981832, 2981832]
[2981836, 2981836]
[2981840, 2981840]
[2981844, 2981844]
[2981992, 2981992]
[2982012, 2982012]
[2982120, 2982120]
[2982140, 2982140]
[2982316, 2982316]
[2982324, 2982324]
[2982328, 2982328]
[2982332, 2982332]
[2982336, 2982336]
[2982404, 2982404]
[2982408, 2982408]
[2982412, 2982412]
[2982428, 2982428]
[2982432, 2982432]
[2982436, 2982436]
[2982440, 2982440]
[2982444, 2982444]
[2982448, 2982448]
[2982452, 2982453]
[2982456, 2982456]
[2982460, 2982460]
[2982464, 2982464]
[2982468, 2982468]
[2982472, 2982472]
[2982476, 2982476]
[2982480, 2982480]
[2982512, 2982512]
[2982520, 2982520]
[2982524, 2982524]
[2982528, 2982528]
[2982532, 2982532]
[2982556, 2982556]
[2982560, 2982560]
[2982564, 2982564]
[2982572, 2982572]
[2982576, 2982576]
[2982580, 2982580]
[2982584, 2982584]
[2982588, 2982588]
[2982592, 2982592]
[2982596, 2982596]
[2982600, 2982600]
[2982604, 2982604]
[2982612, 2982612]
[2982616, 2982616]
[2982620, 2982620]
[2982624, 2982624]
[2982628, 2982628]
[2982632, 2982632]
[2982636, 2982636]
[2982640, 2982640]
[2982644, 2982644]
[2982652, 2982652]
[2982656, 2982656]
[2982660, 2982660]
[2982664, 2982664]
[2982668, 2982668]
[2982676, 2982676]
[2982680, 2982680]
[2982684, 2982684]
[2982688, 2982688]
[2988092, 2988092]
[2988104, 2988104]
[2988112, 2988112]
[2988116, 2988116]
[2988120, 2988120]
[2988124, 2988124]
[2988140, 2988140]
[2988148, 2988148]
[2988152, 2988152]
[2988156, 2988156]
[2988160, 2988160]
[2988180, 2988180]
[2988184, 2988184]
[2988188, 2988188]
[2988192, 2988192]
[2988332, 2988332]
[2988352, 2988352]
[2988460, 2988460]
[2988480, 2988480]
[2988496, 2988496]
[2988500, 2988500]
[2988672, 2988672]
[2988676, 2988676]
[2988680, 2988680]
[2988828, 2988828]
[2988832, 2988832]
[2988844, 2988844]
[2988848, 2988848]
[2988852, 2988852]
[2988856, 2988857]
[2988860, 2988860]
[2988864, 2988864]
[2988868, 2988868]
[2988872, 2988872]
[2988936, 2988936]
[2988940, 2988940]
[2988952, 2988952]
[2988956, 2988956]
[2988960, 2988960]
[2988964, 2988964]
[2988968, 2988968]
[2988972, 2988972]
[2988976, 2988976]
[2988980, 2988980]
[2989004, 2989004]
[2989008, 2989008]
[2989012, 2989012]
[2989020, 2989020]
[2989024, 2989024]
[2989028, 2989028]
[2989032, 2989032]
[2989036, 2989036]
[2989040, 2989040]
[2989044, 2989044]
[2989048, 2989048]
[2989052, 2989052]
[2989060, 2989060]
[2989064, 2989064]
[2989068, 2989068]
[2989072, 2989072]
[2989076, 2989076]
[2989080, 2989080]
[2989084, 2989084]
[2989088, 2989088]
[2989092, 2989092]
[2989100, 2989100]
[2989104, 2989104]
[2989108, 2989108]
[2989112, 2989112]
[2989116, 2989116]
[2989120, 2989120]
[2989124, 2989124]
[2989128, 2989128]
[2989140, 2989140]
[2989144, 2989144]
[2989148, 2989148]
[2989152, 2989152]
[2989156, 2989156]
[2989160, 2989160]
[2989164, 2989164]
[2989168, 2989168]
[2994572, 2994572]
[2994592, 2994592]
[2994596, 2994596]
[2994608, 2994608]
[2994620, 2994620]
[2994624, 2994624]
[2994628, 2994628]
[2994632, 2994632]
[2994636, 2994636]
[2994640, 2994640]
[2994644, 2994644]
[2994648, 2994648]
[2994840, 2994840]
[2994844, 2994844]
[2994880, 2994880]
[2994884, 2994884]
[2995040, 2995040]
[2995048, 2995048]
[2995052, 2995052]
[2995056, 2995056]
[2995060, 2995060]
[2995096, 2995096]
[2995104, 2995104]
[2995108, 2995108]
[2995112, 2995112]
[2995116, 2995116]
[2995132, 2995132]
[2995136, 2995136]
[2995144, 2995144]
[2995148, 2995148]
[2995152, 2995152]
[2995156, 2995156]
[2995160, 2995160]
[2995164, 2995164]
[2995168, 2995168]
[2995172, 2995172]
[2995180, 2995180]
[2995184, 2995184]
[2995188, 2995188]
[2995192, 2995192]
[2995196, 2995196]
[2995200, 2995200]
[2995204, 2995204]
[2995208, 2995208]
[2995212, 2995212]
[2995216, 2995216]
[2995220, 2995220]
[2995228, 2995228]
[2995232, 2995232]
[2995236, 2995236]
[2995240, 2995240]
[2995244, 2995244]
[2995252, 2995252]
[2995256, 2995256]
[2995260, 2995260]
[2995264, 2995264]
[2995272, 2995272]
[2995276, 2995276]
[2995280, 2995280]
[2995292, 2995292]
[2995296, 2995296]
[2995300, 2995300]
[2995304, 2995304]
[2995308, 2995308]
[2995312, 2995312]
[2995316, 2995316]
[2995320, 2995320]
[3000720, 3000720]
[3000744, 3000744]
[3000748, 3000748]
[3000760, 3000760]
[3000764, 3000764]
[3000768, 3000768]
[3000772, 3000772]
[3000776, 3000776]
[3000780, 3000780]
[3000784, 3000784]
[3000788, 3000788]
[3000920, 3000920]
[3000940, 3000940]
[3001076, 3001076]
[3001084, 3001084]
[3001088, 3001088]
[3001092, 3001092]
[3001096, 3001096]
[3001132, 3001132]
[3001140, 3001140]
[3001144, 3001144]
[3001148, 3001148]
[3001152, 3001152]
[3001168, 3001168]
[3001172, 3001172]
[3001180, 3001180]
[3001184, 3001184]
[3001188, 3001188]
[3001192, 3001192]
[3001196, 3001196]
[3001200, 3001200]
[3001204, 3001204]
[3001212, 3001212]
[3001216, 3001216]
[3001220, 3001220]
[3001224, 3001224]
[3001228, 3001228]
[3001232, 3001232]
[3001236, 3001236]
[3001240, 3001240]
[3001244, 3001244]
[3001248, 3001248]
[3001252, 3001252]
[3001256, 3001256]
[3001264, 3001264]
[3001268, 3001268]
[3001272, 3001272]
[3001280, 3001280]
[3001284, 3001284]
[3001288, 3001288]
[3001292, 3001292]
[3001296, 3001296]
[3001300, 3001300]
[3001304, 3001304]
[3001308, 3001308]
[3001312, 3001312]
[3001316, 3001316]
[3001324, 3001324]
[3001328, 3001328]
[3001332, 3001332]
[3001336, 3001336]
[3001348, 3001348]
[3001352, 3001352]
[3001356, 3001356]
[3001360, 3001360]
[3006756, 3006756]
[3006780, 3006780]
[3006788, 3006788]
[3006792, 3006792]
[3006796, 3006796]
[3006800, 3006800]
[3006928, 3006928]
[3006948, 3006948]
[3007084, 3007084]
[3007092, 3007092]
[3007096, 3007096]
[3007100, 3007100]
[3007104, 3007104]
[3007140, 3007140]
[3007148, 3007148]
[3007152, 3007152]
[3007156, 3007156]
[3007160, 3007160]
[3007176, 3007176]
[3007184, 3007184]
[3007188, 3007188]
[3007192, 3007192]
[3007196, 3007196]
[3007200, 3007200]
[3007204, 3007204]
[3007212, 3007212]
[3007216, 3007216]
[3007220, 3007220]
[3007224, 3007224]
[3007228, 3007228]
[3007232, 3007232]
[3007236, 3007236]
[3007240, 3007240]
[3007244, 3007244]
[3007248, 3007248]
[3007252, 3007252]
[3007260, 3007260]
[3007264, 3007264]
[3007268, 3007268]
[3007276, 3007276]
[3007280, 3007280]
[3007284, 3007284]
[3007292, 3007292]
[3007296, 3007296]
[3007300, 3007300]
[3007308, 3007308]
[3007312, 3007312]
[3007316, 3007316]
[3007320, 3007320]
[3012716, 3012716]
[3012736, 3012736]
[3012744, 3012744]
[3012748, 3012748]
[3012752, 3012752]
[3012756, 3012756]
[3012884, 3012884]
[3012904, 3012904]
[3013048, 3013048]
[3013052, 3013052]
[3013064, 3013064]
[3013068, 3013068]
[3013072, 3013072]
[3013076, 3013076]
[3013080, 3013080]
[3013084, 3013084]
[3013132, 3013132]
[3013136, 3013136]
[3013148, 3013148]
[3013152, 3013152]
[3013156, 3013156]
[3013160, 3013160]
[3013164, 3013164]
[3013168, 3013168]
[3013184, 3013184]
[3013192, 3013192]
[3013196, 3013196]
[3013200, 3013200]
[3013204, 3013204]
[3013208, 3013208]
[3013212, 3013212]
[3013220, 3013220]
[3013224, 3013224]
[3013228, 3013228]
[3013232, 3013232]
[3013236, 3013236]
[3013240, 3013240]
[3013244, 3013244]
[3013248, 3013248]
[3013252, 3013252]
[3013256, 3013256]
[3013260, 3013260]
[3013268, 3013268]
[3013272, 3013272]
[3013276, 3013276]
[3013280, 3013280]
[3013284, 3013284]
[3013296, 3013296]
[3013300, 3013300]
[3013304, 3013304]
[3013312, 3013312]
[3013316, 3013316]
[3013320, 3013320]
[3013324, 3013324]
[3013332, 3013332]
[3013336, 3013336]
[3013340, 3013340]
[3013348, 3013348]
[3013352, 3013352]
[3013356, 3013356]
[3013360, 3013360]
[3018752, 3018752]
[3018772, 3018772]
[3018780, 3018780]
[3018784, 3018784]
[3018788, 3018788]
[3018792, 3018792]
[3018916, 3018916]
[3018936, 3018936]
[3019076, 3019076]
[3019084, 3019084]
[3019088, 3019088]
[3019092, 3019092]
[3019096, 3019096]
[3019100, 3019100]
[3019104, 3019104]
[3019148, 3019148]
[3019156, 3019156]
[3019160, 3019160]
[3019164, 3019164]
[3019168, 3019168]
[3019172, 3019172]
[3019176, 3019176]
[3019192, 3019192]
[3019200, 3019200]
[3019204, 3019204]
[3019208, 3019208]
[3019212, 3019212]
[3019216, 3019216]
[3019220, 3019220]
[3019228, 3019228]
[3019232, 3019232]
[3019236, 3019236]
[3019240, 3019240]
[3019244, 3019244]
[3019248, 3019248]
[3019252, 3019252]
[3019256, 3019256]
[3019260, 3019260]
[3019264, 3019264]
[3019268, 3019268]
[3019276, 3019276]
[3019280, 3019280]
[3019284, 3019284]
[3019288, 3019288]
[3019292, 3019292]
[3019296, 3019296]
[3019312, 3019312]
[3019316, 3019316]
[3019320, 3019320]
[3019328, 3019328]
[3019332, 3019332]
[3019336, 3019336]
[3019340, 3019340]
[3019348, 3019348]
[3019352, 3019352]
[3019356, 3019356]
[3019360, 3019360]
[3019364, 3019364]
[3019368, 3019368]
[3019372, 3019372]
[3019376, 3019376]
[3019380, 3019380]
[3019388, 3019388]
[3019392, 3019392]
[3019396, 3019396]
[3019400, 3019400]
[3019404, 3019404]
[3019408, 3019408]
[3019412, 3019412]
[3019416, 3019416]
[3024804, 3024804]
[3024824, 3024824]
[3024840, 3024840]
[3024844, 3024844]
[3024848, 3024848]
[3024852, 3024852]
[3024856, 3024856]
[3024860, 3024860]
[3024864, 3024864]
[3024868, 3024868]
[3024872, 3024872]
[3024876, 3024876]
[3024880, 3024880]
[3024884, 3024884]
[3024924, 3024924]
[3024928, 3024928]
[3024932, 3024932]
[3024936, 3024936]
[3024940, 3024940]
[3024944, 3024944]
[3024948, 3024948]
[3024952, 3024952]
[3024980, 3024980]
[3024984, 3024984]
[3024988, 3024988]
[3024992, 3024992]
[3024996, 3024996]
[3025000, 3025000]
[3025004, 3025004]
[3025008, 3025008]
[3025020, 3025020]
[3025024, 3025024]
[3025028, 3025028]
[3025032, 3025032]
[3025036, 3025036]
[3025040, 3025040]
[3025044, 3025044]
[3025048, 3025048]
[3025104, 3025104]
[3025124, 3025124]
[3025136, 3025136]
[3025140, 3025140]
[3025144, 3025144]
[3025148, 3025148]
[3025152, 3025152]
[3025156, 3025156]
[3025160, 3025160]
[3025164, 3025164]
[3025240, 3025240]
[3025244, 3025244]
[3025248, 3025248]
[3025252, 3025252]
[3025256, 3025256]
[3025260, 3025260]
[3025264, 3025264]
[3025268, 3025268]
[3025316, 3025316]
[3025320, 3025320]
[3025324, 3025324]
[3025328, 3025328]
[3025332, 3025332]
[3025336, 3025336]
[3025340, 3025340]
[3025344, 3025344]
[3025348, 3025348]
[3025352, 3025352]
[3025384, 3025384]
[3025388, 3025388]
[3025392, 3025392]
[3025396, 3025396]
[3025400, 3025400]
[3025404, 3025404]
[3025408, 3025408]
[3025412, 3025412]
[3025416, 3025416]
[3025420, 3025420]
[3025428, 3025428]
[3025432, 3025432]
[3025436, 3025436]
[3025440, 3025440]
[3025444, 3025444]
[3025448, 3025448]
[3025452, 3025452]
[3025456, 3025456]
[3025464, 3025464]
[3025468, 3025468]
[3025472, 3025472]
[3025476, 3025476]
[3025480, 3025480]
[3025484, 3025484]
[3025488, 3025488]
[3025492, 3025492]
[3025500, 3025500]
[3025504, 3025504]
[3025508, 3025508]
[3025512, 3025512]
[3025516, 3025516]
[3025520, 3025520]
[3025524, 3025524]
[3025528, 3025528]
[3025532, 3025532]
[3025540, 3025540]
[3025544, 3025544]
[3025548, 3025548]
[3025552, 3025552]
[3025556, 3025556]
[3025560, 3025560]
[3025564, 3025564]
[3025568, 3025568]
[3025572, 3025572]
[3025576, 3025576]
[3025580, 3025580]
[3025584, 3025584]
[3025588, 3025588]
[3025596, 3025596]
[3025600, 3025600]
[3025604, 3025604]
[3025608, 3025608]
[3025612, 3025612]
[3025616, 3025616]
[3025620, 3025620]
[3025624, 3025624]
[3025628, 3025628]
[3025632, 3025632]
[3025636, 3025636]
[3025640, 3025640]
[3025644, 3025644]
[3025648, 3025648]
[3025652, 3025652]
[3025656, 3025656]
[3025660, 3025660]
[3025664, 3025664]
[3025668, 3025668]
[3025676, 3025676]
[3025680, 3025680]
[3025684, 3025684]
[3025688, 3025688]
[3025692, 3025692]
[3025696, 3025696]
[3025700, 3025700]
[3025704, 3025704]
[3025708, 3025708]
[3025712, 3025712]
[3025716, 3025716]
[3025720, 3025720]
[3025724, 3025724]
[3025728, 3025728]
[3025732, 3025732]
[3025736, 3025736]
[3025744, 3025744]
[3025748, 3025748]
[3025752, 3025752]
[3025756, 3025756]
[3025760, 3025760]
[3025764, 3025764]
[3025768, 3025768]
[3025772, 3025772]
[3025776, 3025776]
[3025784, 3025784]
[3025788, 3025788]
[3025792, 3025792]
[3025796, 3025796]
[3025800, 3025800]
[3025804, 3025804]
[3025808, 3025808]
[3025812, 3025812]
[3025820, 3025820]
[3025824, 3025824]
[3025828, 3025828]
[3025832, 3025832]
[3025836, 3025836]
[3025840, 3025840]
[3025844, 3025844]
[3025848, 3025848]
[3025856, 3025856]
[3025860, 3025860]
[3025864, 3025864]
[3025868, 3025868]
[3025872, 3025872]
[3025876, 3025876]
[3025880, 3025880]
[3025884, 3025884]
[3025888, 3025888]
[3025892, 3025892]
[3025896, 3025896]
[3025900, 3025900]
[3025904, 3025904]
[3025908, 3025908]
[3025912, 3025912]
[3025916, 3025916]
[3025920, 3025920]
[3025924, 3025924]
[3025936, 3025936]
[3025940, 3025940]
[3025944, 3025944]
[3025948, 3025948]
[3025952, 3025952]
[3025956, 3025956]
[3025960, 3025960]
[3025964, 3025964]
[3025968, 3025968]
[3025972, 3025972]
[3025976, 3025976]
[3025980, 3025980]
[3025984, 3025984]
[3025988, 3025988]
[3025992, 3025992]
[3025996, 3025996]
[3026000, 3026000]
[3026004, 3026004]
[3026008, 3026008]
[3026012, 3026012]
[3026016, 3026016]
[3026020, 3026020]
[3026024, 3026024]
[3026028, 3026028]
[3031416, 3031416]
[3031436, 3031436]
[3031444, 3031444]
[3031448, 3031448]
[3031452, 3031452]
[3031456, 3031456]
[3031580, 3031580]
[3031600, 3031600]
[3031772, 3031772]
[3031776, 3031776]
[3031780, 3031780]
[3031784, 3031784]
[3031792, 3031792]
[3031796, 3031796]
[3031800, 3031800]
[3031804, 3031804]
[3031808, 3031808]
[3031812, 3031812]
[3031816, 3031816]
[3031820, 3031820]
[3031824, 3031824]
[3031828, 3031828]
[3031836, 3031836]
[3031840, 3031840]
[3031844, 3031844]
[3031848, 3031848]
[3031852, 3031852]
[3031856, 3031856]
[3031860, 3031860]
[3031864, 3031864]
[3031872, 3031872]
[3031888, 3031888]
[3031892, 3031892]
[3031896, 3031896]
[3031904, 3031904]
[3031908, 3031908]
[3031912, 3031912]
[3031916, 3031916]
[3037304, 3037304]
[3037324, 3037324]
[3037336, 3037336]
[3037340, 3037340]
[3037344, 3037344]
[3037348, 3037348]
[3037492, 3037492]
[3037512, 3037512]
[3037684, 3037684]
[3037688, 3037688]
[3037692, 3037692]
[3037700, 3037700]
[3037704, 3037704]
[3037708, 3037708]
[3037712, 3037712]
[3037716, 3037716]
[3037720, 3037720]
[3037724, 3037724]
[3037728, 3037728]
[3037732, 3037732]
[3037740, 3037740]
[3037744, 3037744]
[3037748, 3037748]
[3037752, 3037752]
[3037756, 3037756]
[3037760, 3037760]
[3037764, 3037764]
[3037768, 3037768]
[3037776, 3037776]
[3037792, 3037792]
[3037796, 3037796]
[3037800, 3037800]
[3037808, 3037808]
[3037812, 3037812]
[3037816, 3037816]
[3037820, 3037820]
[3043208, 3043208]
[3043228, 3043228]
[3043240, 3043240]
[3043244, 3043244]
[3043248, 3043248]
[3043252, 3043252]
[3043396, 3043396]
[3043416, 3043416]
[3043588, 3043588]
[3043592, 3043592]
[3043596, 3043596]
[3043604, 3043604]
[3043608, 3043608]
[3043612, 3043612]
[3043616, 3043616]
[3043620, 3043620]
[3043624, 3043624]
[3043628, 3043628]
[3043632, 3043632]
[3043636, 3043636]
[3043644, 3043644]
[3043648, 3043648]
[3043652, 3043652]
[3043656, 3043656]
[3043660, 3043660]
[3043664, 3043664]
[3043668, 3043668]
[3043672, 3043672]
[3043676, 3043676]
[3043680, 3043680]
[3043688, 3043688]
[3043692, 3043692]
[3043708, 3043708]
[3043712, 3043712]
[3043716, 3043716]
[3043724, 3043724]
[3043728, 3043728]
[3043732, 3043732]
[3043736, 3043736]
[3049124, 3049124]
[3049144, 3049144]
[3049156, 3049156]
[3049160, 3049160]
[3049164, 3049164]
[3049168, 3049168]
[3049292, 3049292]
[3049312, 3049312]
[3049484, 3049484]
[3049488, 3049488]
[3049492, 3049492]
[3049500, 3049500]
[3049504, 3049504]
[3049508, 3049508]
[3049512, 3049512]
[3049516, 3049516]
[3049520, 3049520]
[3049524, 3049524]
[3049528, 3049528]
[3049536, 3049536]
[3049540, 3049540]
[3049544, 3049544]
[3049548, 3049548]
[3049552, 3049552]
[3049556, 3049556]
[3049560, 3049560]
[3049564, 3049564]
[3049568, 3049568]
[3049572, 3049572]
[3049580, 3049580]
[3049584, 3049584]
[3049600, 3049600]
[3049604, 3049604]
[3049608, 3049608]
[3049616, 3049616]
[3049620, 3049620]
[3049624, 3049624]
[3049628, 3049628]
[3055016, 3055016]
[3055036, 3055036]
[3055048, 3055048]
[3055052, 3055052]
[3055056, 3055056]
[3055060, 3055060]
[3055192, 3055192]
[3055212, 3055212]
[3055384, 3055384]
[3055388, 3055388]
[3055396, 3055396]
[3055400, 3055400]
[3055404, 3055404]
[3055408, 3055408]
[3055412, 3055412]
[3055416, 3055416]
[3055420, 3055420]
[3055424, 3055424]
[3055432, 3055432]
[3055436, 3055436]
[3055440, 3055440]
[3055444, 3055444]
[3055448, 3055448]
[3055452, 3055452]
[3055456, 3055456]
[3055460, 3055460]
[3055464, 3055464]
[3055468, 3055468]
[3055472, 3055472]
[3055476, 3055476]
[3055484, 3055484]
[3055488, 3055488]
[3055492, 3055492]
[3055508, 3055508]
[3055512, 3055512]
[3055516, 3055516]
[3055524, 3055524]
[3055528, 3055528]
[3055532, 3055532]
[3055536, 3055536]
[3060924, 3060924]
[3060932, 3060932]
[3060948, 3060948]
[3060960, 3060960]
[3060964, 3060964]
[3060968, 3060968]
[3060972, 3060972]
[3061096, 3061096]
[3061116, 3061116]
[3061288, 3061288]
[3061296, 3061296]
[3061300, 3061300]
[3061304, 3061304]
[3061308, 3061308]
[3061312, 3061312]
[3061316, 3061316]
[3061324, 3061324]
[3061328, 3061328]
[3061332, 3061332]
[3061336, 3061336]
[3061340, 3061340]
[3061344, 3061344]
[3061348, 3061348]
[3061352, 3061352]
[3061356, 3061356]
[3061360, 3061360]
[3061364, 3061364]
[3061372, 3061372]
[3061376, 3061376]
[3061380, 3061380]
[3061396, 3061396]
[3061400, 3061400]
[3061404, 3061404]
[3061412, 3061412]
[3061416, 3061416]
[3061420, 3061420]
[3061424, 3061424]
[3066816, 3066816]
[3066832, 3066832]
[3066844, 3066844]
[3066848, 3066848]
[3066852, 3066852]
[3066856, 3066856]
[3066980, 3066980]
[3067000, 3067000]
[3067172, 3067172]
[3067180, 3067180]
[3067184, 3067184]
[3067188, 3067188]
[3067192, 3067192]
[3067196, 3067196]
[3067200, 3067200]
[3067208, 3067208]
[3067212, 3067212]
[3067216, 3067216]
[3067220, 3067220]
[3067224, 3067224]
[3067228, 3067228]
[3067232, 3067232]
[3067236, 3067236]
[3067240, 3067240]
[3067244, 3067244]
[3067248, 3067248]
[3067256, 3067256]
[3067260, 3067260]
[3067264, 3067264]
[3067268, 3067268]
[3067272, 3067272]
[3067288, 3067288]
[3067292, 3067292]
[3067296, 3067296]
[3067304, 3067304]
[3067308, 3067308]
[3067312, 3067312]
[3067316, 3067316]
[3072708, 3072708]
[3072724, 3072724]
[3072736, 3072736]
[3072740, 3072740]
[3072744, 3072744]
[3072748, 3072748]
[3072872, 3072872]
[3072892, 3072892]
[3073064, 3073064]
[3073072, 3073072]
[3073076, 3073076]
[3073080, 3073080]
[3073084, 3073084]
[3073088, 3073088]
[3073092, 3073092]
[3073100, 3073100]
[3073104, 3073104]
[3073108, 3073108]
[3073112, 3073112]
[3073116, 3073116]
[3073120, 3073120]
[3073124, 3073124]
[3073128, 3073128]
[3073132, 3073132]
[3073136, 3073136]
[3073140, 3073140]
[3073148, 3073148]
[3073152, 3073152]
[3073156, 3073156]
[3073160, 3073160]
[3073164, 3073164]
[3073168, 3073168]
[3073184, 3073184]
[3073188, 3073188]
[3073192, 3073192]
[3073200, 3073200]
[3073204, 3073204]
[3073208, 3073208]
[3073212, 3073212]
[3078604, 3078604]
[3078620, 3078620]
[3078632, 3078632]
[3078636, 3078636]
[3078640, 3078640]
[3078644, 3078644]
[3078768, 3078768]
[3078788, 3078788]
[3078960, 3078960]
[3078968, 3078968]
[3078972, 3078972]
[3078976, 3078976]
[3078980, 3078980]
[3078988, 3078988]
[3078992, 3078992]
[3078996, 3078996]
[3079000, 3079000]
[3079004, 3079004]
[3079008, 3079008]
[3079012, 3079012]
[3079016, 3079016]
[3079020, 3079020]
[3079024, 3079024]
[3079028, 3079028]
[3079036, 3079036]
[3079040, 3079040]
[3079044, 3079044]
[3079048, 3079048]
[3079052, 3079052]
[3079056, 3079056]
[3079060, 3079060]
[3079076, 3079076]
[3079080, 3079080]
[3079084, 3079084]
[3079092, 3079092]
[3079096, 3079096]
[3079100, 3079100]
[3079104, 3079104]
[3084496, 3084496]
[3084512, 3084512]
[3084524, 3084524]
[3084528, 3084528]
[3084532, 3084532]
[3084536, 3084536]
[3084660, 3084660]
[3084680, 3084680]
[3084852, 3084852]
[3084860, 3084860]
[3084864, 3084864]
[3084868, 3084868]
[3084876, 3084876]
[3084880, 3084880]
[3084884, 3084884]
[3084888, 3084888]
[3084892, 3084892]
[3084896, 3084896]
[3084900, 3084900]
[3084904, 3084904]
[3084908, 3084908]
[3084912, 3084912]
[3084916, 3084916]
[3084924, 3084924]
[3084928, 3084928]
[3084932, 3084932]
[3084936, 3084936]
[3084940, 3084940]
[3084944, 3084944]
[3084948, 3084948]
[3084952, 3084952]
[3084956, 3084956]
[3084964, 3084964]
[3084976, 3084976]
[3084980, 3084980]
[3084984, 3084984]
[3084992, 3084992]
[3084996, 3084996]
[3085000, 3085000]
[3085004, 3085004]
[3090396, 3090396]
[3090412, 3090412]
[3090424, 3090424]
[3090428, 3090428]
[3090432, 3090432]
[3090436, 3090436]
[3090560, 3090560]
[3090580, 3090580]
[3090752, 3090752]
[3090760, 3090760]
[3090764, 3090764]
[3090772, 3090772]
[3090776, 3090776]
[3090780, 3090780]
[3090784, 3090784]
[3090788, 3090788]
[3090792, 3090792]
[3090796, 3090796]
[3090800, 3090800]
[3090804, 3090804]
[3090812, 3090812]
[3090816, 3090816]
[3090820, 3090820]
[3090824, 3090824]
[3090828, 3090828]
[3090832, 3090832]
[3090836, 3090836]
[3090840, 3090840]
[3090848, 3090848]
[3090860, 3090860]
[3090864, 3090864]
[3090868, 3090868]
[3090876, 3090876]
[3090880, 3090880]
[3090884, 3090884]
[3090888, 3090888]
[3096280, 3096280]
[3096296, 3096296]
[3096308, 3096308]
[3096312, 3096312]
[3096316, 3096316]
[3096320, 3096320]
[3096444, 3096444]
[3096464, 3096464]
[3096636, 3096636]
[3096644, 3096644]
[3096648, 3096648]
[3096652, 3096652]
[3096660, 3096660]
[3096664, 3096664]
[3096668, 3096668]
[3096672, 3096672]
[3096676, 3096676]
[3096680, 3096680]
[3096684, 3096684]
[3096688, 3096688]
[3096692, 3096692]
[3096700, 3096700]
[3096704, 3096704]
[3096708, 3096708]
[3096712, 3096712]
[3096716, 3096716]
[3096720, 3096720]
[3096724, 3096724]
[3096728, 3096728]
[3096732, 3096732]
[3096736, 3096736]
[3096744, 3096744]
[3096748, 3096748]
[3096760, 3096760]
[3096764, 3096764]
[3096768, 3096768]
[3096776, 3096776]
[3096780, 3096780]
[3096784, 3096784]
[3096788, 3096788]
[3102180, 3102180]
[3102196, 3102196]
[3102204, 3102204]
[3102208, 3102208]
[3102212, 3102212]
[3102216, 3102216]
[3102348, 3102348]
[3102368, 3102368]
[3102544, 3102544]
[3102548, 3102548]
[3102552, 3102552]
[3102560, 3102560]
[3102564, 3102564]
[3102568, 3102568]
[3102572, 3102572]
[3102576, 3102576]
[3102580, 3102580]
[3102584, 3102584]
[3102588, 3102588]
[3102596, 3102596]
[3102600, 3102600]
[3102604, 3102604]
[3102608, 3102608]
[3102612, 3102612]
[3102616, 3102616]
[3102620, 3102620]
[3102624, 3102624]
[3102628, 3102628]
[3102632, 3102632]
[3102640, 3102640]
[3102644, 3102644]
[3102656, 3102656]
[3102660, 3102660]
[3102664, 3102664]
[3102672, 3102672]
[3102676, 3102676]
[3102680, 3102680]
[3102684, 3102684]
[3108076, 3108076]
[3108092, 3108092]
[3108100, 3108100]
[3108104, 3108104]
[3108108, 3108108]
[3108112, 3108112]
[3108236, 3108236]
[3108256, 3108256]
[3108432, 3108432]
[3108436, 3108436]
[3108444, 3108444]
[3108448, 3108448]
[3108452, 3108452]
[3108456, 3108456]
[3108460, 3108460]
[3108464, 3108464]
[3108468, 3108468]
[3108472, 3108472]
[3108480, 3108480]
[3108484, 3108484]
[3108488, 3108488]
[3108492, 3108492]
[3108496, 3108496]
[3108500, 3108500]
[3108504, 3108504]
[3108508, 3108508]
[3108512, 3108512]
[3108516, 3108516]
[3108520, 3108520]
[3108528, 3108528]
[3108532, 3108532]
[3108536, 3108536]
[3108548, 3108548]
[3108552, 3108552]
[3108556, 3108556]
[3108564, 3108564]
[3108568, 3108568]
[3108572, 3108572]
[3108576, 3108576]
[3113968, 3113968]
[3113984, 3113984]
[3113992, 3113992]
[3113996, 3113996]
[3114000, 3114000]
[3114004, 3114004]
[3114128, 3114128]
[3114148, 3114148]
[3114324, 3114324]
[3114332, 3114332]
[3114336, 3114336]
[3114340, 3114340]
[3114344, 3114344]
[3114348, 3114348]
[3114352, 3114352]
[3114356, 3114356]
[3114364, 3114364]
[3114368, 3114368]
[3114372, 3114372]
[3114376, 3114376]
[3114380, 3114380]
[3114384, 3114384]
[3114388, 3114388]
[3114392, 3114392]
[3114396, 3114396]
[3114400, 3114400]
[3114404, 3114404]
[3114412, 3114412]
[3114416, 3114416]
[3114420, 3114420]
[3114432, 3114432]
[3114436, 3114436]
[3114440, 3114440]
[3114448, 3114448]
[3114452, 3114452]
[3114456, 3114456]
[3114460, 3114460]
[3119852, 3119852]
[3119868, 3119868]
[3119876, 3119876]
[3119880, 3119880]
[3119884, 3119884]
[3119888, 3119888]
[3120012, 3120012]
[3120032, 3120032]
[3120208, 3120208]
[3120216, 3120216]
[3120220, 3120220]
[3120224, 3120224]
[3120228, 3120228]
[3120232, 3120232]
[3120236, 3120236]
[3120244, 3120244]
[3120248, 3120248]
[3120252, 3120252]
[3120256, 3120256]
[3120260, 3120260]
[3120264, 3120264]
[3120268, 3120268]
[3120272, 3120272]
[3120276, 3120276]
[3120280, 3120280]
[3120284, 3120284]
[3120292, 3120292]
[3120296, 3120296]
[3120300, 3120300]
[3120304, 3120304]
[3120316, 3120316]
[3120320, 3120320]
[3120324, 3120324]
[3120332, 3120332]
[3120336, 3120336]
[3120340, 3120340]
[3120344, 3120344]
[3125736, 3125736]
[3125752, 3125752]
[3125760, 3125760]
[3125764, 3125764]
[3125768, 3125768]
[3125772, 3125772]
[3125896, 3125896]
[3125916, 3125916]
[3126092, 3126092]
[3126100, 3126100]
[3126104, 3126104]
[3126108, 3126108]
[3126112, 3126112]
[3126116, 3126116]
[3126120, 3126120]
[3126128, 3126128]
[3126132, 3126132]
[3126136, 3126136]
[3126140, 3126140]
[3126144, 3126144]
[3126148, 3126148]
[3126152, 3126152]
[3126156, 3126156]
[3126160, 3126160]
[3126164, 3126164]
[3126168, 3126168]
[3126172, 3126172]
[3126180, 3126180]
[3126184, 3126184]
[3126188, 3126188]
[3126192, 3126192]
[3126196, 3126196]
[3126200, 3126200]
[3126212, 3126212]
[3126216, 3126216]
[3126220, 3126220]
[3126228, 3126228]
[3126232, 3126232]
[3126236, 3126236]
[3126240, 3126240]
[3131632, 3131632]
[3131648, 3131648]
[3131656, 3131656]
[3131660, 3131660]
[3131664, 3131664]
[3131668, 3131668]
[3131792, 3131792]
[3131812, 3131812]
[3131988, 3131988]
[3131996, 3131996]
[3132000, 3132000]
[3132004, 3132004]
[3132008, 3132008]
[3132016, 3132016]
[3132020, 3132020]
[3132024, 3132024]
[3132028, 3132028]
[3132032, 3132032]
[3132036, 3132036]
[3132040, 3132040]
[3132044, 3132044]
[3132048, 3132048]
[3132052, 3132052]
[3132056, 3132056]
[3132064, 3132064]
[3132068, 3132068]
[3132072, 3132072]
[3132076, 3132076]
[3132080, 3132080]
[3132084, 3132084]
[3132088, 3132088]
[3132100, 3132100]
[3132104, 3132104]
[3132108, 3132108]
[3132116, 3132116]
[3132120, 3132120]
[3132124, 3132124]
[3132128, 3132128]
[3137520, 3137520]
[3137536, 3137536]
[3137544, 3137544]
[3137548, 3137548]
[3137552, 3137552]
[3137556, 3137556]
[3137680, 3137680]
[3137700, 3137700]
[3137876, 3137876]
[3137884, 3137884]
[3137888, 3137888]
[3137892, 3137892]
[3137900, 3137900]
[3137904, 3137904]
[3137908, 3137908]
[3137912, 3137912]
[3137916, 3137916]
[3137920, 3137920]
[3137924, 3137924]
[3137928, 3137928]
[3137932, 3137932]
[3137936, 3137936]
[3137944, 3137944]
[3137948, 3137948]
[3137952, 3137952]
[3137956, 3137956]
[3137960, 3137960]
[3137964, 3137964]
[3137968, 3137968]
[3137972, 3137972]
[3137984, 3137984]
[3137988, 3137988]
[3137992, 3137992]
[3138000, 3138000]
[3138004, 3138004]
[3138008, 3138008]
[3138012, 3138012]
[3143404, 3143404]
[3143420, 3143420]
[3143428, 3143428]
[3143432, 3143432]
[3143436, 3143436]
[3143440, 3143440]
[3143572, 3143572]
[3143592, 3143592]
[3143768, 3143768]
[3143776, 3143776]
[3143780, 3143780]
[3143784, 3143784]
[3143792, 3143792]
[3143796, 3143796]
[3143800, 3143800]
[3143804, 3143804]
[3143808, 3143808]
[3143812, 3143812]
[3143816, 3143816]
[3143820, 3143820]
[3143824, 3143824]
[3143828, 3143828]
[3143836, 3143836]
[3143840, 3143840]
[3143844, 3143844]
[3143848, 3143848]
[3143852, 3143852]
[3143856, 3143856]
[3143860, 3143860]
[3143864, 3143864]
[3143868, 3143868]
[3143876, 3143876]
[3143884, 3143884]
[3143888, 3143888]
[3143892, 3143892]
[3143900, 3143900]
[3143904, 3143904]
[3143908, 3143908]
[3143912, 3143912]
[3149304, 3149304]
[3149320, 3149320]
[3149328, 3149328]
[3149332, 3149332]
[3149336, 3149336]
[3149340, 3149340]
[3149464, 3149464]
[3149484, 3149484]
[3149660, 3149660]
[3149668, 3149668]
[3149672, 3149672]
[3149680, 3149680]
[3149684, 3149684]
[3149688, 3149688]
[3149692, 3149692]
[3149696, 3149696]
[3149700, 3149700]
[3149704, 3149704]
[3149708, 3149708]
[3149712, 3149712]
[3149720, 3149720]
[3149724, 3149724]
[3149728, 3149728]
[3149732, 3149732]
[3149736, 3149736]
[3149740, 3149740]
[3149744, 3149744]
[3149748, 3149748]
[3149752, 3149752]
[3149760, 3149760]
[3149764, 3149764]
[3149772, 3149772]
[3149776, 3149776]
[3149780, 3149780]
[3149788, 3149788]
[3149792, 3149792]
[3149796, 3149796]
[3149800, 3149800]
[3155192, 3155192]
[3155208, 3155208]
[3155216, 3155216]
[3155220, 3155220]
[3155224, 3155224]
[3155228, 3155228]
[3155352, 3155352]
[3155372, 3155372]
[3155548, 3155548]
[3155556, 3155556]
[3155560, 3155560]
[3155568, 3155568]
[3155572, 3155572]
[3155576, 3155576]
[3155580, 3155580]
[3155584, 3155584]
[3155588, 3155588]
[3155592, 3155592]
[3155596, 3155596]
[3155600, 3155600]
[3155608, 3155608]
[3155612, 3155612]
[3155616, 3155616]
[3155620, 3155620]
[3155624, 3155624]
[3155628, 3155628]
[3155632, 3155632]
[3155636, 3155636]
[3155640, 3155640]
[3155648, 3155648]
[3155652, 3155652]
[3155660, 3155660]
[3155664, 3155664]
[3155668, 3155668]
[3155676, 3155676]
[3155680, 3155680]
[3155684, 3155684]
[3155688, 3155688]
[3161080, 3161080]
[3161096, 3161096]
[3161104, 3161104]
[3161108, 3161108]
[3161112, 3161112]
[3161116, 3161116]
[3161240, 3161240]
[3161260, 3161260]
[3161436, 3161436]
[3161444, 3161444]
[3161448, 3161448]
[3161456, 3161456]
[3161460, 3161460]
[3161464, 3161464]
[3161468, 3161468]
[3161472, 3161472]
[3161476, 3161476]
[3161480, 3161480]
[3161484, 3161484]
[3161488, 3161488]
[3161496, 3161496]
[3161500, 3161500]
[3161504, 3161504]
[3161508, 3161508]
[3161512, 3161512]
[3161516, 3161516]
[3161520, 3161520]
[3161524, 3161524]
[3161528, 3161528]
[3161532, 3161532]
[3161536, 3161536]
[3161544, 3161544]
[3161548, 3161548]
[3161556, 3161556]
[3161560, 3161560]
[3161564, 3161564]
[3161572, 3161572]
[3161576, 3161576]
[3161580, 3161580]
[3161584, 3161584]
[3166976, 3166976]
[3166992, 3166992]
[3167000, 3167000]
[3167004, 3167004]
[3167008, 3167008]
[3167012, 3167012]
[3167136, 3167136]
[3167156, 3167156]
[3167336, 3167336]
[3167344, 3167344]
[3167348, 3167348]
[3167352, 3167352]
[3167356, 3167356]
[3167360, 3167360]
[3167364, 3167364]
[3167368, 3167368]
[3167376, 3167376]
[3167380, 3167380]
[3167384, 3167384]
[3167388, 3167388]
[3167392, 3167392]
[3167396, 3167396]
[3167400, 3167400]
[3167404, 3167404]
[3167408, 3167408]
[3167412, 3167412]
[3167416, 3167416]
[3167420, 3167420]
[3167428, 3167428]
[3167432, 3167432]
[3167436, 3167436]
[3167444, 3167444]
[3167448, 3167448]
[3167452, 3167452]
[3167460, 3167460]
[3167464, 3167464]
[3167468, 3167468]
[3167472, 3167472]
[3172864, 3172864]
[3172880, 3172880]
[3172888, 3172888]
[3172892, 3172892]
[3172896, 3172896]
[3172900, 3172900]
[3173024, 3173024]
[3173044, 3173044]
[3173224, 3173224]
[3173232, 3173232]
[3173236, 3173236]
[3173240, 3173240]
[3173244, 3173244]
[3173248, 3173248]
[3173252, 3173252]
[3173260, 3173260]
[3173264, 3173264]
[3173268, 3173268]
[3173272, 3173272]
[3173276, 3173276]
[3173280, 3173280]
[3173284, 3173284]
[3173288, 3173288]
[3173292, 3173292]
[3173296, 3173296]
[3173300, 3173300]
[3173308, 3173308]
[3173312, 3173312]
[3173316, 3173316]
[3173320, 3173320]
[3173328, 3173328]
[3173332, 3173332]
[3173336, 3173336]
[3173344, 3173344]
[3173348, 3173348]
[3173352, 3173352]
[3173356, 3173356]
[3178748, 3178748]
[3178764, 3178764]
[3178772, 3178772]
[3178776, 3178776]
[3178780, 3178780]
[3178784, 3178784]
[3178908, 3178908]
[3178928, 3178928]
[3179108, 3179108]
[3179116, 3179116]
[3179120, 3179120]
[3179124, 3179124]
[3179128, 3179128]
[3179132, 3179132]
[3179136, 3179136]
[3179144, 3179144]
[3179148, 3179148]
[3179152, 3179152]
[3179156, 3179156]
[3179160, 3179160]
[3179164, 3179164]
[3179168, 3179168]
[3179172, 3179172]
[3179176, 3179176]
[3179180, 3179180]
[3179184, 3179184]
[3179188, 3179188]
[3179196, 3179196]
[3179200, 3179200]
[3179204, 3179204]
[3179208, 3179208]
[3179212, 3179212]
[3179216, 3179216]
[3179224, 3179224]
[3179228, 3179228]
[3179232, 3179232]
[3179240, 3179240]
[3179244, 3179244]
[3179248, 3179248]
[3179252, 3179252]
[3184644, 3184644]
[3184660, 3184660]
[3184668, 3184668]
[3184672, 3184672]
[3184676, 3184676]
[3184680, 3184680]
[3184804, 3184804]
[3184824, 3184824]
[3185004, 3185004]
[3185012, 3185012]
[3185016, 3185016]
[3185020, 3185020]
[3185024, 3185024]
[3185032, 3185032]
[3185036, 3185036]
[3185040, 3185040]
[3185044, 3185044]
[3185048, 3185048]
[3185052, 3185052]
[3185056, 3185056]
[3185060, 3185060]
[3185064, 3185064]
[3185068, 3185068]
[3185072, 3185072]
[3185080, 3185080]
[3185084, 3185084]
[3185088, 3185088]
[3185092, 3185092]
[3185096, 3185096]
[3185100, 3185100]
[3185108, 3185108]
[3185112, 3185112]
[3185116, 3185116]
[3185124, 3185124]
[3185128, 3185128]
[3185132, 3185132]
[3185136, 3185136]
[3190528, 3190528]
[3190544, 3190544]
[3190552, 3190552]
[3190556, 3190556]
[3190560, 3190560]
[3190564, 3190564]
[3190696, 3190696]
[3190716, 3190716]
[3190896, 3190896]
[3190904, 3190904]
[3190908, 3190908]
[3190912, 3190912]
[3190920, 3190920]
[3190924, 3190924]
[3190928, 3190928]
[3190932, 3190932]
[3190936, 3190936]
[3190940, 3190940]
[3190944, 3190944]
[3190948, 3190948]
[3190952, 3190952]
[3190956, 3190956]
[3190960, 3190960]
[3190968, 3190968]
[3190972, 3190972]
[3190976, 3190976]
[3190980, 3190980]
[3190984, 3190984]
[3190988, 3190988]
[3190992, 3190992]
[3190996, 3190996]
[3191004, 3191004]
[3191008, 3191008]
[3191012, 3191012]
[3191020, 3191020]
[3191024, 3191024]
[3191028, 3191028]
[3191032, 3191032]
[3196424, 3196424]
[3196440, 3196440]
[3196448, 3196448]
[3196452, 3196452]
[3196456, 3196456]
[3196460, 3196460]
[3196588, 3196588]
[3196608, 3196608]
[3196788, 3196788]
[3196796, 3196796]
[3196800, 3196800]
[3196804, 3196804]
[3196812, 3196812]
[3196816, 3196816]
[3196820, 3196820]
[3196824, 3196824]
[3196828, 3196828]
[3196832, 3196832]
[3196836, 3196836]
[3196840, 3196840]
[3196844, 3196844]
[3196848, 3196848]
[3196856, 3196856]
[3196860, 3196860]
[3196864, 3196864]
[3196868, 3196868]
[3196872, 3196872]
[3196876, 3196876]
[3196880, 3196880]
[3196884, 3196884]
[3196888, 3196888]
[3196896, 3196896]
[3196900, 3196900]
[3196904, 3196904]
[3196908, 3196908]
[3196916, 3196916]
[3196920, 3196920]
[3196924, 3196924]
[3196928, 3196928]
[3202320, 3202320]
[3202336, 3202336]
[3202344, 3202344]
[3202348, 3202348]
[3202352, 3202352]
[3202356, 3202356]
[3202484, 3202484]
[3202504, 3202504]
[3202684, 3202684]
[3202692, 3202692]
[3202696, 3202696]
[3202704, 3202704]
[3202708, 3202708]
[3202712, 3202712]
[3202716, 3202716]
[3202720, 3202720]
[3202724, 3202724]
[3202728, 3202728]
[3202732, 3202732]
[3202736, 3202736]
[3202744, 3202744]
[3202748, 3202748]
[3202752, 3202752]
[3202756, 3202756]
[3202760, 3202760]
[3202764, 3202764]
[3202768, 3202768]
[3202772, 3202772]
[3202776, 3202776]
[3202784, 3202784]
[3202788, 3202788]
[3202792, 3202792]
[3202796, 3202796]
[3202804, 3202804]
[3202808, 3202808]
[3202812, 3202812]
[3202816, 3202816]
[3208208, 3208208]
[3208224, 3208224]
[3208232, 3208232]
[3208236, 3208236]
[3208240, 3208240]
[3208244, 3208244]
[3208372, 3208372]
[3208392, 3208392]
[3208572, 3208572]
[3208580, 3208580]
[3208584, 3208584]
[3208592, 3208592]
[3208596, 3208596]
[3208600, 3208600]
[3208604, 3208604]
[3208608, 3208608]
[3208612, 3208612]
[3208616, 3208616]
[3208620, 3208620]
[3208624, 3208624]
[3208632, 3208632]
[3208636, 3208636]
[3208640, 3208640]
[3208644, 3208644]
[3208648, 3208648]
[3208652, 3208652]
[3208656, 3208656]
[3208660, 3208660]
[3208664, 3208664]
[3208668, 3208668]
[3208676, 3208676]
[3208680, 3208680]
[3208684, 3208684]
[3208688, 3208688]
[3208692, 3208692]
[3208700, 3208700]
[3208704, 3208704]
[3208708, 3208708]
[3208712, 3208712]
[3214104, 3214104]
[3214120, 3214120]
[3214128, 3214128]
[3214132, 3214132]
[3214136, 3214136]
[3214140, 3214140]
[3214268, 3214268]
[3214288, 3214288]
[3214468, 3214468]
[3214476, 3214476]
[3214484, 3214484]
[3214488, 3214488]
[3214492, 3214492]
[3214496, 3214496]
[3214500, 3214500]
[3214504, 3214504]
[3214508, 3214508]
[3214512, 3214512]
[3214516, 3214516]
[3214524, 3214524]
[3214528, 3214528]
[3214532, 3214532]
[3214536, 3214536]
[3214540, 3214540]
[3214544, 3214544]
[3214548, 3214548]
[3214552, 3214552]
[3214556, 3214556]
[3214560, 3214560]
[3214568, 3214568]
[3214572, 3214572]
[3214576, 3214576]
[3214580, 3214580]
[3214584, 3214584]
[3214592, 3214592]
[3214596, 3214596]
[3214600, 3214600]
[3214604, 3214604]
[3219996, 3219996]
[3220012, 3220012]
[3220020, 3220020]
[3220024, 3220024]
[3220028, 3220028]
[3220032, 3220032]
[3220160, 3220160]
[3220180, 3220180]
[3220360, 3220360]
[3220372, 3220372]
[3220376, 3220376]
[3220380, 3220380]
[3220384, 3220384]
[3220388, 3220388]
[3220392, 3220392]
[3220396, 3220396]
[3220400, 3220400]
[3220408, 3220408]
[3220412, 3220412]
[3220416, 3220416]
[3220420, 3220420]
[3220424, 3220424]
[3220428, 3220428]
[3220432, 3220432]
[3220436, 3220436]
[3220440, 3220440]
[3220444, 3220444]
[3220448, 3220448]
[3220452, 3220452]
[3220460, 3220460]
[3220464, 3220464]
[3220468, 3220468]
[3220472, 3220472]
[3220476, 3220476]
[3220480, 3220480]
[3220488, 3220488]
[3220492, 3220492]
[3220496, 3220496]
[3220500, 3220500]
[3225892, 3225892]
[3225908, 3225908]
[3225916, 3225916]
[3225920, 3225920]
[3225924, 3225924]
[3225928, 3225928]
[3226056, 3226056]
[3226076, 3226076]
[3226256, 3226256]
[3226268, 3226268]
[3226272, 3226272]
[3226276, 3226276]
[3226280, 3226280]
[3226284, 3226284]
[3226288, 3226288]
[3226296, 3226296]
[3226300, 3226300]
[3226304, 3226304]
[3226308, 3226308]
[3226312, 3226312]
[3226316, 3226316]
[3226320, 3226320]
[3226324, 3226324]
[3226328, 3226328]
[3226332, 3226332]
[3226336, 3226336]
[3226344, 3226344]
[3226348, 3226348]
[3226352, 3226352]
[3226356, 3226356]
[3226360, 3226360]
[3226364, 3226364]
[3226368, 3226368]
[3226376, 3226376]
[3226380, 3226380]
[3226384, 3226384]
[3226388, 3226388]
[3231780, 3231780]
[3231796, 3231796]
[3231804, 3231804]
[3231808, 3231808]
[3231812, 3231812]
[3231816, 3231816]
[3231944, 3231944]
[3231964, 3231964]
[3232144, 3232144]
[3232152, 3232152]
[3232160, 3232160]
[3232164, 3232164]
[3232168, 3232168]
[3232172, 3232172]
[3232176, 3232176]
[3232180, 3232180]
[3232188, 3232188]
[3232192, 3232192]
[3232196, 3232196]
[3232200, 3232200]
[3232204, 3232204]
[3232208, 3232208]
[3232212, 3232212]
[3232216, 3232216]
[3232220, 3232220]
[3232224, 3232224]
[3232228, 3232228]
[3232236, 3232236]
[3232240, 3232240]
[3232244, 3232244]
[3232248, 3232248]
[3232252, 3232252]
[3232256, 3232256]
[3232260, 3232260]
[3232264, 3232264]
[3232272, 3232272]
[3232276, 3232276]
[3232280, 3232280]
[3232284, 3232284]
[3237676, 3237676]
[3237692, 3237692]
[3237700, 3237700]
[3237704, 3237704]
[3237708, 3237708]
[3237712, 3237712]
[3237848, 3237848]
[3237868, 3237868]
[3238060, 3238060]
[3238068, 3238068]
[3238072, 3238072]
[3238076, 3238076]
[3238080, 3238080]
[3238084, 3238084]
[3238092, 3238092]
[3238096, 3238096]
[3238100, 3238100]
[3238104, 3238104]
[3238108, 3238108]
[3238112, 3238112]
[3238116, 3238116]
[3238120, 3238120]
[3238124, 3238124]
[3238128, 3238128]
[3238132, 3238132]
[3238140, 3238140]
[3238144, 3238144]
[3238148, 3238148]
[3238152, 3238152]
[3238156, 3238156]
[3238160, 3238160]
[3238164, 3238164]
[3238168, 3238168]
[3238172, 3238172]
[3238180, 3238180]
[3238184, 3238184]
[3238188, 3238188]
[3238192, 3238192]
[3243584, 3243584]
[3243600, 3243600]
[3243608, 3243608]
[3243612, 3243612]
[3243616, 3243616]
[3243620, 3243620]
[3243748, 3243748]
[3243768, 3243768]
[3243956, 3243956]
[3243964, 3243964]
[3243968, 3243968]
[3243972, 3243972]
[3243976, 3243976]
[3243984, 3243984]
[3243988, 3243988]
[3243992, 3243992]
[3243996, 3243996]
[3244000, 3244000]
[3244004, 3244004]
[3244008, 3244008]
[3244012, 3244012]
[3244016, 3244016]
[3244020, 3244020]
[3244024, 3244024]
[3244032, 3244032]
[3244036, 3244036]
[3244040, 3244040]
[3244044, 3244044]
[3244048, 3244048]
[3244052, 3244052]
[3244056, 3244056]
[3244060, 3244060]
[3244064, 3244064]
[3244068, 3244068]
[3244076, 3244076]
[3244080, 3244080]
[3244084, 3244084]
[3244088, 3244088]
[3249480, 3249480]
[3249496, 3249496]
[3249504, 3249504]
[3249508, 3249508]
[3249512, 3249512]
[3249516, 3249516]
[3249644, 3249644]
[3249664, 3249664]
[3249828, 3249828]
[3249832, 3249832]
[3249836, 3249836]
[3249844, 3249844]
[3249848, 3249848]
[3249852, 3249852]
[3249856, 3249856]
[3249876, 3249876]
[3249880, 3249880]
[3249884, 3249884]
[3249892, 3249892]
[3249896, 3249896]
[3249900, 3249900]
[3249904, 3249904]
[3249932, 3249932]
[3249940, 3249940]
[3249944, 3249944]
[3249948, 3249948]
[3249956, 3249956]
[3249960, 3249960]
[3249964, 3249964]
[3249968, 3249968]
[3249972, 3249972]
[3249976, 3249976]
[3249980, 3249980]
[3249984, 3249984]
[3249988, 3249988]
[3249992, 3249992]
[3249996, 3249996]
[3250004, 3250004]
[3250008, 3250008]
[3250012, 3250012]
[3250016, 3250016]
[3250020, 3250020]
[3250024, 3250024]
[3250028, 3250028]
[3250032, 3250032]
[3250036, 3250036]
[3250040, 3250040]
[3250044, 3250044]
[3250048, 3250048]
[3250056, 3250056]
[3250060, 3250060]
[3250064, 3250064]
[3250068, 3250068]
[3255460, 3255460]
[3255476, 3255476]
[3255484, 3255484]
[3255488, 3255488]
[3255492, 3255492]
[3255496, 3255496]
[3255624, 3255624]
[3255644, 3255644]
[3255808, 3255808]
[3255812, 3255812]
[3255816, 3255816]
[3255820, 3255820]
[3255832, 3255832]
[3255836, 3255836]
[3255840, 3255840]
[3255844, 3255844]
[3255848, 3255848]
[3255852, 3255852]
[3255856, 3255856]
[3255860, 3255860]
[3255868, 3255868]
[3255872, 3255872]
[3255876, 3255876]
[3255880, 3255880]
[3255884, 3255884]
[3255888, 3255888]
[3255900, 3255900]
[3255904, 3255904]
[3255908, 3255908]
[3255912, 3255912]
[3255916, 3255916]
[3255920, 3255920]
[3255924, 3255924]
[3255928, 3255928]
[3255952, 3255952]
[3255960, 3255960]
[3255964, 3255964]
[3255972, 3255972]
[3255976, 3255976]
[3255980, 3255980]
[3255984, 3255984]
[3255988, 3255988]
[3255992, 3255992]
[3255996, 3255996]
[3256000, 3256000]
[3256004, 3256004]
[3256012, 3256012]
[3256016, 3256016]
[3256020, 3256020]
[3256024, 3256024]
[3256028, 3256028]
[3256032, 3256032]
[3256036, 3256036]
[3256040, 3256040]
[3256044, 3256044]
[3256048, 3256048]
[3256052, 3256052]
[3256056, 3256056]
[3256060, 3256060]
[3256068, 3256068]
[3256072, 3256072]
[3256076, 3256076]
[3256080, 3256080]
[3256088, 3256088]
[3261476, 3261476]
[3261492, 3261492]
[3261500, 3261500]
[3261504, 3261504]
[3261508, 3261508]
[3261512, 3261512]
[3261640, 3261640]
[3261660, 3261660]
[3261820, 3261820]
[3261824, 3261824]
[3261832, 3261832]
[3261836, 3261836]
[3261840, 3261840]
[3261844, 3261844]
[3261848, 3261848]
[3261852, 3261852]
[3261856, 3261856]
[3261860, 3261860]
[3261868, 3261868]
[3261872, 3261872]
[3261876, 3261876]
[3261888, 3261888]
[3261892, 3261892]
[3261896, 3261896]
[3261900, 3261900]
[3261904, 3261904]
[3261908, 3261908]
[3261912, 3261912]
[3261916, 3261916]
[3261920, 3261920]
[3261924, 3261924]
[3261928, 3261928]
[3261932, 3261932]
[3261956, 3261956]
[3261964, 3261964]
[3261968, 3261968]
[3261976, 3261976]
[3261980, 3261980]
[3261984, 3261984]
[3261988, 3261988]
[3261992, 3261992]
[3261996, 3261996]
[3262000, 3262000]
[3262004, 3262004]
[3262008, 3262008]
[3262016, 3262016]
[3262020, 3262020]
[3262024, 3262024]
[3262028, 3262028]
[3262032, 3262032]
[3262036, 3262036]
[3262040, 3262040]
[3262044, 3262044]
[3262048, 3262048]
[3262052, 3262052]
[3262056, 3262056]
[3262060, 3262060]
[3262064, 3262064]
[3262072, 3262072]
[3262076, 3262076]
[3262080, 3262080]
[3262084, 3262084]
[3262092, 3262092]
[3262096, 3262096]
[3267484, 3267484]
[3267500, 3267500]
[3267508, 3267508]
[3267512, 3267512]
[3267516, 3267516]
[3267520, 3267520]
[3267648, 3267648]
[3267668, 3267668]
[3267828, 3267828]
[3267832, 3267832]
[3267840, 3267840]
[3267844, 3267844]
[3267848, 3267848]
[3267852, 3267852]
[3267856, 3267856]
[3267860, 3267860]
[3267864, 3267864]
[3267868, 3267868]
[3267876, 3267876]
[3267880, 3267880]
[3267884, 3267884]
[3267892, 3267892]
[3267896, 3267896]
[3267900, 3267900]
[3267904, 3267904]
[3267908, 3267908]
[3267912, 3267912]
[3267916, 3267916]
[3267920, 3267920]
[3267944, 3267944]
[3267952, 3267952]
[3267960, 3267960]
[3267964, 3267964]
[3267968, 3267968]
[3267972, 3267972]
[3267976, 3267976]
[3267980, 3267980]
[3267984, 3267984]
[3267988, 3267988]
[3267992, 3267992]
[3268000, 3268000]
[3268004, 3268004]
[3268008, 3268008]
[3268012, 3268012]
[3268016, 3268016]
[3268020, 3268020]
[3268024, 3268024]
[3268028, 3268028]
[3268032, 3268032]
[3268036, 3268036]
[3268040, 3268040]
[3268044, 3268044]
[3268048, 3268048]
[3268056, 3268056]
[3268060, 3268060]
[3268064, 3268064]
[3268068, 3268068]
[3268076, 3268076]
[3268080, 3268080]
[3273468, 3273468]
[3273484, 3273484]
[3273492, 3273492]
[3273496, 3273496]
[3273500, 3273500]
[3273504, 3273504]
[3273632, 3273632]
[3273652, 3273652]
[3273812, 3273812]
[3273816, 3273816]
[3273824, 3273824]
[3273828, 3273828]
[3273832, 3273832]
[3273836, 3273836]
[3273844, 3273844]
[3273848, 3273848]
[3273852, 3273852]
[3273860, 3273860]
[3273864, 3273864]
[3273868, 3273868]
[3273872, 3273872]
[3273896, 3273896]
[3273908, 3273908]
[3273912, 3273912]
[3273916, 3273916]
[3273920, 3273920]
[3273924, 3273924]
[3273928, 3273928]
[3273932, 3273932]
[3273936, 3273936]
[3273944, 3273944]
[3273948, 3273948]
[3273952, 3273952]
[3273956, 3273956]
[3273960, 3273960]
[3273964, 3273964]
[3273968, 3273968]
[3273972, 3273972]
[3273976, 3273976]
[3273980, 3273980]
[3273984, 3273984]
[3273988, 3273988]
[3273992, 3273992]
[3273996, 3273996]
[3274004, 3274004]
[3274008, 3274008]
[3274012, 3274012]
[3274016, 3274016]
[3274024, 3274024]
[3274028, 3274028]
[3274032, 3274032]
[3279420, 3279420]
[3279436, 3279436]
[3279444, 3279444]
[3279448, 3279448]
[3279452, 3279452]
[3279456, 3279456]
[3279584, 3279584]
[3279604, 3279604]
[3279764, 3279764]
[3279768, 3279768]
[3279776, 3279776]
[3279780, 3279780]
[3279784, 3279784]
[3279788, 3279788]
[3279796, 3279796]
[3279800, 3279800]
[3279804, 3279804]
[3279812, 3279812]
[3279816, 3279816]
[3279820, 3279820]
[3279824, 3279824]
[3279848, 3279848]
[3279860, 3279860]
[3279864, 3279864]
[3279868, 3279868]
[3279872, 3279872]
[3279876, 3279876]
[3279880, 3279880]
[3279884, 3279884]
[3279892, 3279892]
[3279896, 3279896]
[3279900, 3279900]
[3279904, 3279904]
[3279908, 3279908]
[3279912, 3279912]
[3279916, 3279916]
[3279920, 3279920]
[3279924, 3279924]
[3279928, 3279928]
[3279932, 3279932]
[3279936, 3279936]
[3279940, 3279940]
[3279944, 3279944]
[3279952, 3279952]
[3279956, 3279956]
[3279960, 3279960]
[3279964, 3279964]
[3279972, 3279972]
[3279976, 3279976]
[3279980, 3279980]
[3285368, 3285368]
[3285384, 3285384]
[3285392, 3285392]
[3285396, 3285396]
[3285400, 3285400]
[3285404, 3285404]
[3285540, 3285540]
[3285560, 3285560]
[3285720, 3285720]
[3285724, 3285724]
[3285732, 3285732]
[3285736, 3285736]
[3285740, 3285740]
[3285744, 3285744]
[3285752, 3285752]
[3285756, 3285756]
[3285760, 3285760]
[3285768, 3285768]
[3285772, 3285772]
[3285776, 3285776]
[3285780, 3285780]
[3285804, 3285804]
[3285816, 3285816]
[3285820, 3285820]
[3285824, 3285824]
[3285828, 3285828]
[3285832, 3285832]
[3285836, 3285836]
[3285844, 3285844]
[3285848, 3285848]
[3285852, 3285852]
[3285856, 3285856]
[3285860, 3285860]
[3285864, 3285864]
[3285868, 3285868]
[3285872, 3285872]
[3285876, 3285876]
[3285880, 3285880]
[3285884, 3285884]
[3285888, 3285888]
[3285892, 3285892]
[3285896, 3285896]
[3285900, 3285900]
[3285908, 3285908]
[3285912, 3285912]
[3285916, 3285916]
[3285920, 3285920]
[3285928, 3285928]
[3285932, 3285932]
[3285936, 3285936]
[3285940, 3285940]
[3285944, 3285944]
[3291332, 3291332]
[3291340, 3291340]
[3291352, 3291352]
[3291360, 3291360]
[3291364, 3291364]
[3291368, 3291368]
[3291372, 3291372]
[3291500, 3291500]
[3291520, 3291520]
[3291680, 3291680]
[3291684, 3291684]
[3291692, 3291692]
[3291696, 3291696]
[3291700, 3291700]
[3291704, 3291704]
[3291712, 3291712]
[3291716, 3291716]
[3291720, 3291720]
[3291728, 3291728]
[3291732, 3291732]
[3291736, 3291736]
[3291740, 3291740]
[3291764, 3291764]
[3291776, 3291776]
[3291780, 3291780]
[3291784, 3291784]
[3291788, 3291788]
[3291792, 3291792]
[3291800, 3291800]
[3291804, 3291804]
[3291808, 3291808]
[3291812, 3291812]
[3291816, 3291816]
[3291820, 3291820]
[3291824, 3291824]
[3291828, 3291828]
[3291832, 3291832]
[3291836, 3291836]
[3291840, 3291840]
[3291844, 3291844]
[3291848, 3291848]
[3291852, 3291852]
[3291860, 3291860]
[3291864, 3291864]
[3291868, 3291868]
[3291872, 3291872]
[3291880, 3291880]
[3291884, 3291884]
[3291888, 3291888]
[3291892, 3291892]
[3291896, 3291896]
[3291900, 3291900]
[3297292, 3297292]
[3297304, 3297304]
[3297308, 3297308]
[3297320, 3297320]
[3297324, 3297324]
[3297328, 3297328]
[3297332, 3297332]
[3297336, 3297336]
[3297340, 3297340]
[3297344, 3297344]
[3297348, 3297348]
[3297488, 3297488]
[3297508, 3297508]
[3297668, 3297668]
[3297672, 3297672]
[3297680, 3297680]
[3297684, 3297684]
[3297688, 3297688]
[3297692, 3297692]
[3297700, 3297700]
[3297704, 3297704]
[3297708, 3297708]
[3297716, 3297716]
[3297720, 3297720]
[3297724, 3297724]
[3297728, 3297728]
[3297752, 3297752]
[3297764, 3297764]
[3297768, 3297768]
[3297772, 3297772]
[3297776, 3297776]
[3297784, 3297784]
[3297788, 3297788]
[3297792, 3297792]
[3297796, 3297796]
[3297800, 3297800]
[3297804, 3297804]
[3297808, 3297808]
[3297812, 3297812]
[3297816, 3297816]
[3297820, 3297820]
[3297824, 3297824]
[3297828, 3297828]
[3297832, 3297832]
[3297836, 3297836]
[3297840, 3297840]
[3297844, 3297844]
[3297848, 3297848]
[3297860, 3297860]
[3297864, 3297864]
[3297868, 3297868]
[3297872, 3297872]
[3297876, 3297876]
[3297880, 3297880]
[3297884, 3297884]
[3297888, 3297888]
[3297896, 3297896]
[3297900, 3297900]
[3297904, 3297904]
[3297908, 3297908]
[3297912, 3297912]
[3297916, 3297916]
[3297920, 3297920]
[3303312, 3303312]
[3303320, 3303320]
[3303328, 3303328]
[3303332, 3303332]
[3303336, 3303336]
[3303340, 3303340]
[3303356, 3303356]
[3303360, 3303360]
[3303372, 3303372]
[3303376, 3303376]
[3303380, 3303380]
[3303384, 3303384]
[3303388, 3303388]
[3303392, 3303392]
[3303396, 3303396]
[3303400, 3303400]
[3303640, 3303640]
[3303684, 3303684]
[3303920, 3303920]
[3303924, 3303924]
[3303932, 3303932]
[3303936, 3303936]
[3303940, 3303940]
[3303944, 3303944]
[3303948, 3303948]
[3303952, 3303952]
[3303960, 3303960]
[3303964, 3303964]
[3303968, 3303968]
[3303976, 3303976]
[3303980, 3303980]
[3303984, 3303984]
[3303988, 3303988]
[3303992, 3303992]
[3303996, 3303996]
[3304020, 3304020]
[3304028, 3304028]
[3304036, 3304036]
[3304040, 3304040]
[3304044, 3304044]
[3304052, 3304052]
[3304056, 3304056]
[3304060, 3304060]
[3304064, 3304064]
[3304068, 3304068]
[3304072, 3304072]
[3304076, 3304076]
[3304080, 3304080]
[3304084, 3304084]
[3304088, 3304088]
[3304092, 3304092]
[3304096, 3304096]
[3304100, 3304100]
[3304108, 3304108]
[3304112, 3304112]
[3304116, 3304116]
[3304120, 3304120]
[3304128, 3304128]
[3304132, 3304132]
[3304136, 3304136]
[3304140, 3304140]
[3304144, 3304144]
[3304148, 3304148]
[3304152, 3304152]
[3304156, 3304156]
[3304160, 3304160]
[3304164, 3304164]
[3304168, 3304168]
[3304172, 3304172]
[3304176, 3304176]
[3304180, 3304180]
[3304192, 3304192]
[3304196, 3304196]
[3304200, 3304200]
[3304204, 3304204]
[3304208, 3304208]
[3304212, 3304212]
[3304216, 3304216]
[3304220, 3304220]
[3304232, 3304232]
[3304236, 3304236]
[3304240, 3304240]
[3304244, 3304244]
[3309632, 3309632]
[3309636, 3309636]
[3309648, 3309648]
[3309652, 3309652]
[3309656, 3309656]
[3309660, 3309660]
[3309664, 3309664]
[3309668, 3309668]
[3309672, 3309672]
[3309676, 3309676]
[3309692, 3309692]
[3309696, 3309696]
[3309704, 3309704]
[3309708, 3309708]
[3309712, 3309712]
[3309716, 3309716]
[3310160, 3310160]
[3310180, 3310180]
[3310184, 3310184]
[3310316, 3310316]
[3310320, 3310320]
[3310376, 3310376]
[3310380, 3310380]
[3310384, 3310384]
[3310388, 3310388]
[3310392, 3310392]
[3310396, 3310396]
[3310408, 3310408]
[3310412, 3310412]
[3310420, 3310420]
[3310424, 3310424]
[3310428, 3310428]
[3310432, 3310432]
[3310440, 3310440]
[3310444, 3310444]
[3310448, 3310448]
[3310456, 3310456]
[3310460, 3310460]
[3310464, 3310464]
[3310468, 3310468]
[3310476, 3310476]
[3310480, 3310480]
[3310484, 3310484]
[3310488, 3310488]
[3310512, 3310512]
[3310520, 3310520]
[3310524, 3310524]
[3310528, 3310528]
[3310536, 3310536]
[3310540, 3310540]
[3310544, 3310544]
[3310548, 3310548]
[3310552, 3310552]
[3310556, 3310556]
[3310560, 3310560]
[3310564, 3310564]
[3310568, 3310568]
[3310572, 3310572]
[3310580, 3310580]
[3310584, 3310584]
[3310588, 3310588]
[3310592, 3310592]
[3310596, 3310596]
[3310600, 3310600]
[3310604, 3310604]
[3310608, 3310608]
[3310612, 3310612]
[3310616, 3310616]
[3310620, 3310620]
[3310624, 3310624]
[3310632, 3310632]
[3310636, 3310636]
[3310640, 3310640]
[3310648, 3310648]
[3310652, 3310652]
[3310656, 3310656]
[3310660, 3310660]
[3316048, 3316048]
[3316052, 3316052]
[3316056, 3316056]
[3316060, 3316060]
[3316076, 3316076]
[3316080, 3316080]
[3316084, 3316084]
[3316088, 3316088]
[3316092, 3316092]
[3316096, 3316096]
[3316100, 3316100]
[3316104, 3316104]
[3316108, 3316108]
[3316112, 3316112]
[3316116, 3316116]
[3316120, 3316120]
[3316152, 3316152]
[3316156, 3316156]
[3316160, 3316160]
[3316164, 3316164]
[3316172, 3316172]
[3316176, 3316176]
[3316180, 3316180]
[3316184, 3316184]
[3316220, 3316220]
[3316224, 3316224]
[3316228, 3316228]
[3316232, 3316232]
[3316424, 3316424]
[3316428, 3316428]
[3316432, 3316432]
[3316436, 3316436]
[3316588, 3316588]
[3316592, 3316592]
[3316596, 3316596]
[3316600, 3316600]
[3316688, 3316688]
[3316692, 3316692]
[3316696, 3316696]
[3316700, 3316700]
[3316772, 3316772]
[3316776, 3316776]
[3316780, 3316780]
[3316784, 3316784]
[3316788, 3316788]
[3316792, 3316792]
[3316840, 3316840]
[3316844, 3316844]
[3316848, 3316848]
[3316852, 3316852]
[3316856, 3316856]
[3316860, 3316860]
[3316868, 3316868]
[3316872, 3316872]
[3316884, 3316884]
[3316888, 3316888]
[3316892, 3316892]
[3316896, 3316896]
[3316900, 3316900]
[3316904, 3316904]
[3316908, 3316908]
[3316912, 3316912]
[3316928, 3316928]
[3316932, 3316932]
[3316936, 3316936]
[3316940, 3316940]
[3316944, 3316944]
[3316948, 3316948]
[3316964, 3316964]
[3316968, 3316968]
[3316972, 3316972]
[3316976, 3316976]
[3316980, 3316980]
[3316984, 3316984]
[3316988, 3316988]
[3316992, 3316992]
[3316996, 3316996]
[3317000, 3317000]
[3317004, 3317004]
[3317020, 3317020]
[3317024, 3317024]
[3317028, 3317028]
[3317032, 3317032]
[3317036, 3317036]
[3317040, 3317040]
[3317048, 3317048]
[3317052, 3317052]
[3317056, 3317056]
[3317060, 3317060]
[3317068, 3317068]
[3317072, 3317072]
[3317076, 3317076]
[3317080, 3317080]
[3317084, 3317084]
[3317088, 3317088]
[3317096, 3317096]
[3317100, 3317100]
[3317104, 3317104]
[3317108, 3317108]
[3317116, 3317116]
[3317120, 3317120]
[3317124, 3317124]
[3317128, 3317128]
[3317136, 3317136]
[3317140, 3317140]
[3317144, 3317144]
[3317148, 3317148]
[3317156, 3317156]
[3317160, 3317160]
[3317164, 3317164]
[3317168, 3317168]
[3317172, 3317172]
[3317180, 3317180]
[3317184, 3317184]
[3317188, 3317188]
[3317192, 3317192]
[3317196, 3317196]
[3317200, 3317200]
[3317208, 3317208]
[3317212, 3317212]
[3317216, 3317216]
[3317220, 3317220]
[3317224, 3317224]
[3317228, 3317228]
[3317232, 3317232]
[3317236, 3317236]
[3317240, 3317240]
[3317244, 3317244]
[3317248, 3317248]
[3317252, 3317252]
[3317256, 3317256]
[3317260, 3317260]
[3317268, 3317268]
[3317272, 3317272]
[3317276, 3317276]
[3317280, 3317280]
[3317284, 3317284]
[3317288, 3317288]
[3317292, 3317292]
[3317296, 3317296]
[3317300, 3317300]
[3317304, 3317304]
[3317308, 3317308]
[3317312, 3317312]
[3317316, 3317316]
[3317320, 3317320]
[3317324, 3317324]
[3317332, 3317332]
[3317336, 3317336]
[3317340, 3317340]
[3317344, 3317344]
[3317348, 3317348]
[3317352, 3317352]
[3317356, 3317356]
[3317360, 3317360]
[3317376, 3317376]
[3317380, 3317380]
[3317384, 3317384]
[3317388, 3317388]
[3317392, 3317392]
[3317396, 3317396]
[3317400, 3317400]
[3317404, 3317404]
[3317408, 3317408]
[3317412, 3317412]
[3317416, 3317416]
[3317420, 3317420]
[3322808, 3322808]
[3322812, 3322812]
[3322824, 3322824]
[3322828, 3322828]
[3322832, 3322832]
[3322836, 3322836]
[3322840, 3322840]
[3322844, 3322844]
[3322848, 3322848]
[3322852, 3322852]
[3322868, 3322868]
[3322872, 3322872]
[3322876, 3322876]
[3322880, 3322880]
[3322888, 3322888]
[3322892, 3322892]
[3322896, 3322896]
[3322900, 3322900]
[3322928, 3322928]
[3322932, 3322932]
[3322936, 3322936]
[3322940, 3322940]
[3323116, 3323116]
[3323120, 3323120]
[3323124, 3323124]
[3323128, 3323128]
[3323292, 3323292]
[3323296, 3323296]
[3323300, 3323300]
[3323304, 3323304]
[3323308, 3323308]
[3323440, 3323440]
[3323444, 3323444]
[3323452, 3323452]
[3323456, 3323456]
[3323460, 3323460]
[3323464, 3323464]
[3323468, 3323468]
[3323472, 3323472]
[3323476, 3323476]
[3323480, 3323480]
[3323532, 3323532]
[3323536, 3323536]
[3323540, 3323540]
[3323544, 3323544]
[3323556, 3323556]
[3323560, 3323560]
[3323564, 3323564]
[3323568, 3323568]
[3323572, 3323572]
[3323576, 3323576]
[3323588, 3323588]
[3323592, 3323592]
[3323600, 3323600]
[3323604, 3323604]
[3323616, 3323616]
[3323620, 3323620]
[3323624, 3323624]
[3323628, 3323628]
[3323640, 3323640]
[3323644, 3323644]
[3323648, 3323648]
[3323652, 3323652]
[3323668, 3323668]
[3323672, 3323672]
[3323680, 3323680]
[3323684, 3323684]
[3323696, 3323696]
[3323700, 3323700]
[3323704, 3323704]
[3323712, 3323712]
[3323716, 3323716]
[3323724, 3323724]
[3323728, 3323728]
[3323732, 3323732]
[3323736, 3323736]
[3323740, 3323740]
[3323744, 3323744]
[3323756, 3323756]
[3323760, 3323760]
[3323764, 3323764]
[3323768, 3323768]
[3323776, 3323776]
[3323780, 3323780]
[3323784, 3323784]
[3323792, 3323792]
[3323796, 3323796]
[3323800, 3323800]
[3323804, 3323804]
[3323812, 3323812]
[3323816, 3323816]
[3323820, 3323820]
[3323828, 3323828]
[3323832, 3323832]
[3323836, 3323836]
[3323840, 3323840]
[3323848, 3323848]
[3323852, 3323852]
[3323856, 3323856]
[3323860, 3323860]
[3323864, 3323864]
[3323868, 3323868]
[3323880, 3323880]
[3323884, 3323884]
[3323888, 3323888]
[3323892, 3323892]
[3323896, 3323896]
[3323900, 3323900]
[3323904, 3323904]
[3323908, 3323908]
[3323916, 3323916]
[3323920, 3323920]
[3323924, 3323924]
[3323932, 3323932]
[3323936, 3323936]
[3323940, 3323940]
[3323944, 3323944]
[3323948, 3323948]
[3323952, 3323952]
[3323960, 3323960]
[3323964, 3323964]
[3323968, 3323968]
[3323972, 3323972]
[3323976, 3323976]
[3323984, 3323984]
[3323988, 3323988]
[3323992, 3323992]
[3323996, 3323996]
[3324000, 3324000]
[3324008, 3324008]
[3324012, 3324012]
[3324016, 3324016]
[3324020, 3324020]
[3324024, 3324024]
[3324028, 3324028]
[3324032, 3324032]
[3324036, 3324036]
[3324040, 3324040]
[3324044, 3324044]
[3324048, 3324048]
[3324052, 3324052]
[3324056, 3324056]
[3324064, 3324064]
[3324068, 3324068]
[3324072, 3324072]
[3324076, 3324076]
[3324080, 3324080]
[3324084, 3324084]
[3324088, 3324088]
[3324092, 3324092]
[3324096, 3324096]
[3324100, 3324100]
[3324104, 3324104]
[3324108, 3324108]
[3324112, 3324112]
[3324120, 3324120]
[3324124, 3324124]
[3324128, 3324128]
[3324132, 3324132]
[3324136, 3324136]
[3324140, 3324140]
[3324152, 3324152]
[3324156, 3324156]
[3324160, 3324160]
[3324164, 3324164]
[3324168, 3324168]
[3324172, 3324172]
[3324176, 3324176]
[3324180, 3324180]
[3329568, 3329568]
[3329572, 3329572]
[3329588, 3329588]
[3329592, 3329592]
[3329596, 3329596]
[3329600, 3329600]
[3329604, 3329604]
[3329608, 3329608]
[3329612, 3329612]
[3329616, 3329616]
[3329620, 3329620]
[3329624, 3329624]
[3329628, 3329628]
[3329632, 3329632]
[3329648, 3329648]
[3329652, 3329652]
[3329656, 3329656]
[3329660, 3329660]
[3329664, 3329664]
[3329668, 3329668]
[3329672, 3329672]
[3329676, 3329676]
[3329696, 3329696]
[3329700, 3329700]
[3329704, 3329704]
[3329708, 3329708]
[3329712, 3329712]
[3329716, 3329716]
[3329720, 3329720]
[3329724, 3329724]
[3329816, 3329816]
[3329820, 3329820]
[3329824, 3329824]
[3329828, 3329828]
[3329832, 3329832]
[3329836, 3329836]
[3329840, 3329840]
[3329844, 3329844]
[3330092, 3330092]
[3330096, 3330096]
[3330100, 3330100]
[3330104, 3330104]
[3330108, 3330108]
[3330112, 3330112]
[3330116, 3330116]
[3330120, 3330120]
[3330288, 3330288]
[3330292, 3330292]
[3330296, 3330296]
[3330300, 3330300]
[3330304, 3330304]
[3330308, 3330308]
[3330312, 3330312]
[3330316, 3330316]
[3330320, 3330320]
[3330324, 3330324]
[3330408, 3330408]
[3330412, 3330412]
[3330416, 3330416]
[3330420, 3330420]
[3330424, 3330424]
[3330428, 3330428]
[3330448, 3330448]
[3330452, 3330452]
[3330456, 3330456]
[3330460, 3330460]
[3330464, 3330464]
[3330468, 3330468]
[3330472, 3330472]
[3330476, 3330476]
[3330480, 3330480]
[3330484, 3330484]
[3330488, 3330488]
[3330492, 3330492]
[3330496, 3330496]
[3330500, 3330500]
[3330504, 3330504]
[3330508, 3330508]
[3330552, 3330552]
[3330556, 3330556]
[3330560, 3330560]
[3330564, 3330564]
[3330572, 3330572]
[3330576, 3330576]
[3330580, 3330580]
[3330584, 3330584]
[3330588, 3330588]
[3330592, 3330592]
[3330596, 3330596]
[3330600, 3330600]
[3330604, 3330604]
[3330624, 3330624]
[3330628, 3330628]
[3330632, 3330632]
[3330636, 3330636]
[3330640, 3330640]
[3330644, 3330644]
[3330648, 3330648]
[3330652, 3330652]
[3330656, 3330656]
[3330660, 3330660]
[3330664, 3330664]
[3330668, 3330668]
[3330672, 3330672]
[3330676, 3330676]
[3330684, 3330684]
[3330688, 3330688]
[3330692, 3330692]
[3330696, 3330696]
[3330700, 3330700]
[3330704, 3330704]
[3330708, 3330708]
[3330712, 3330712]
[3330716, 3330716]
[3330724, 3330724]
[3330728, 3330728]
[3330732, 3330732]
[3330736, 3330736]
[3330740, 3330740]
[3330744, 3330744]
[3330748, 3330748]
[3330752, 3330752]
[3330756, 3330756]
[3330760, 3330760]
[3330764, 3330764]
[3330768, 3330768]
[3330772, 3330772]
[3330776, 3330776]
[3330784, 3330784]
[3330788, 3330788]
[3330792, 3330792]
[3330796, 3330796]
[3330800, 3330800]
[3330804, 3330804]
[3330808, 3330808]
[3330812, 3330812]
[3330816, 3330816]
[3330820, 3330820]
[3330824, 3330824]
[3330828, 3330828]
[3330832, 3330832]
[3330836, 3330836]
[3330840, 3330840]
[3330844, 3330844]
[3330848, 3330848]
[3330852, 3330852]
[3330856, 3330856]
[3330860, 3330860]
[3330864, 3330864]
[3330868, 3330868]
[3330872, 3330872]
[3330876, 3330876]
[3330880, 3330880]
[3330884, 3330884]
[3330888, 3330888]
[3330892, 3330892]
[3330896, 3330896]
[3330900, 3330900]
[3330904, 3330904]
[3330908, 3330908]
[3330912, 3330912]
[3330916, 3330916]
[3330920, 3330920]
[3330924, 3330924]
[3330932, 3330932]
[3330936, 3330936]
[3330940, 3330940]
[3330944, 3330944]
[3330948, 3330948]
[3330952, 3330952]
[3330956, 3330956]
[3330960, 3330960]
[3330964, 3330964]
[3330968, 3330968]
[3330972, 3330972]
[3330976, 3330976]
[3330980, 3330980]
[3330984, 3330984]
[3330988, 3330988]
[3330992, 3330992]
[3330996, 3330996]
[3331000, 3331000]
[3331004, 3331004]
[3331008, 3331008]
[3331012, 3331012]
[3331016, 3331016]
[3331020, 3331020]
[3331024, 3331024]
[3331028, 3331028]
[3331032, 3331032]
[3331036, 3331036]
[3331040, 3331040]
[3331044, 3331044]
[3331048, 3331048]
[3331052, 3331052]
[3331056, 3331056]
[3331060, 3331060]
[3331064, 3331064]
[3331068, 3331068]
[3331072, 3331072]
[3331076, 3331076]
[3331080, 3331080]
[3331084, 3331084]
[3331088, 3331088]
[3331092, 3331092]
[3331096, 3331096]
[3331100, 3331100]
[3331108, 3331108]
[3331112, 3331112]
[3331116, 3331116]
[3331120, 3331120]
[3331124, 3331124]
[3331128, 3331128]
[3331132, 3331132]
[3331148, 3331148]
[3331152, 3331152]
[3331156, 3331156]
[3331160, 3331160]
[3331164, 3331164]
[3331168, 3331168]
[3331172, 3331172]
[3331176, 3331176]
[3331180, 3331180]
[3331184, 3331184]
[3331188, 3331188]
[3331192, 3331192]
[3336576, 3336576]
[3336580, 3336580]
[3336584, 3336584]
[3336592, 3336592]
[3336612, 3336612]
[3336616, 3336616]
[3336620, 3336620]
[3336624, 3336624]
[3336628, 3336628]
[3336632, 3336632]
[3336636, 3336636]
[3336640, 3336640]
[3336644, 3336644]
[3336648, 3336648]
[3336652, 3336652]
[3336656, 3336656]
[3336660, 3336660]
[3336664, 3336664]
[3336668, 3336668]
[3336672, 3336672]
[3336676, 3336676]
[3336680, 3336680]
[3336684, 3336684]
[3336688, 3336688]
[3336692, 3336692]
[3336696, 3336696]
[3336784, 3336784]
[3336796, 3336796]
[3336800, 3336800]
[3336804, 3336804]
[3336824, 3336824]
[3336828, 3336828]
[3336832, 3336832]
[3336836, 3336836]
[3336840, 3336840]
[3336844, 3336844]
[3336848, 3336848]
[3336852, 3336852]
[3336856, 3336856]
[3336860, 3336860]
[3336864, 3336864]
[3336868, 3336868]
[3336872, 3336872]
[3336876, 3336876]
[3336880, 3336880]
[3336884, 3336884]
[3336888, 3336888]
[3336892, 3336892]
[3336896, 3336896]
[3336900, 3336900]
[3336904, 3336904]
[3336908, 3336908]
[3336912, 3336912]
[3336916, 3336916]
[3336920, 3336920]
[3336924, 3336924]
[3336928, 3336928]
[3336932, 3336932]
[3336936, 3336936]
[3336940, 3336940]
[3336944, 3336944]
[3336948, 3336948]
[3336952, 3336952]
[3336956, 3336956]
[3336960, 3336960]
[3336964, 3336964]
[3336968, 3336968]
[3336972, 3336972]
[3336976, 3336976]
[3336980, 3336980]
[3337196, 3337196]
[3337212, 3337212]
[3337216, 3337216]
[3337220, 3337220]
[3337224, 3337224]
[3337228, 3337228]
[3337232, 3337232]
[3337236, 3337236]
[3337240, 3337240]
[3337244, 3337244]
[3337248, 3337248]
[3337252, 3337252]
[3337256, 3337256]
[3337260, 3337260]
[3337264, 3337264]
[3337268, 3337268]
[3337272, 3337272]
[3337276, 3337276]
[3337280, 3337280]
[3337284, 3337284]
[3337288, 3337288]
[3337292, 3337292]
[3337296, 3337296]
[3337300, 3337300]
[3337304, 3337304]
[3337308, 3337308]
[3337312, 3337312]
[3337316, 3337316]
[3337320, 3337320]
[3337324, 3337324]
[3337328, 3337328]
[3337332, 3337332]
[3337336, 3337336]
[3337340, 3337340]
[3337344, 3337344]
[3337696, 3337696]
[3337720, 3337720]
[3337724, 3337724]
[3337728, 3337728]
[3337732, 3337732]
[3337736, 3337736]
[3337740, 3337740]
[3337744, 3337744]
[3337748, 3337748]
[3337752, 3337752]
[3337756, 3337756]
[3337760, 3337760]
[3337764, 3337764]
[3337768, 3337768]
[3337772, 3337772]
[3337776, 3337776]
[3337780, 3337780]
[3337784, 3337784]
[3337788, 3337788]
[3337792, 3337792]
[3337796, 3337796]
[3337800, 3337800]
[3337804, 3337804]
[3337808, 3337808]
[3337812, 3337812]
[3337816, 3337816]
[3337820, 3337820]
[3337824, 3337824]
[3337828, 3337828]
[3337832, 3337832]
[3337836, 3337836]
[3337840, 3337840]
[3337844, 3337844]
[3337848, 3337848]
[3337852, 3337852]
[3338260, 3338260]
[3338292, 3338292]
[3338296, 3338296]
[3338300, 3338300]
[3338304, 3338304]
[3338308, 3338308]
[3338312, 3338312]
[3338316, 3338316]
[3338320, 3338320]
[3338324, 3338324]
[3338328, 3338328]
[3338332, 3338332]
[3338336, 3338336]
[3338340, 3338340]
[3338344, 3338344]
[3338348, 3338348]
[3338352, 3338352]
[3338356, 3338356]
[3338360, 3338360]
[3338364, 3338364]
[3338368, 3338368]
[3338372, 3338372]
[3338376, 3338376]
[3338380, 3338380]
[3338384, 3338384]
[3338388, 3338388]
[3338392, 3338392]
[3338396, 3338396]
[3338400, 3338400]
[3338404, 3338404]
[3338408, 3338408]
[3338412, 3338412]
[3338416, 3338416]
[3338420, 3338420]
[3338424, 3338424]
[3338748, 3338748]
[3338752, 3338752]
[3338756, 3338756]
[3338760, 3338760]
[3338764, 3338764]
[3338768, 3338768]
[3338772, 3338772]
[3338776, 3338776]
[3338780, 3338780]
[3338784, 3338784]
[3338788, 3338788]
[3338792, 3338792]
[3338796, 3338796]
[3338800, 3338800]
[3338804, 3338804]
[3338808, 3338808]
[3338812, 3338812]
[3338816, 3338816]
[3338820, 3338820]
[3338824, 3338824]
[3338828, 3338828]
[3338832, 3338832]
[3338836, 3338836]
[3338840, 3338840]
[3338844, 3338844]
[3338848, 3338848]
[3338852, 3338852]
[3338856, 3338856]
[3338860, 3338860]
[3338864, 3338864]
[3338868, 3338868]
[3338872, 3338872]
[3338876, 3338876]
[3338880, 3338880]
[3339136, 3339136]
[3339140, 3339140]
[3339144, 3339144]
[3339164, 3339164]
[3339168, 3339168]
[3339172, 3339172]
[3339176, 3339176]
[3339180, 3339180]
[3339184, 3339184]
[3339188, 3339188]
[3339192, 3339192]
[3339196, 3339196]
[3339200, 3339200]
[3339204, 3339204]
[3339208, 3339208]
[3339212, 3339212]
[3339216, 3339216]
[3339220, 3339220]
[3339224, 3339224]
[3339228, 3339228]
[3339232, 3339232]
[3339236, 3339236]
[3339240, 3339240]
[3339488, 3339488]
[3339492, 3339492]
[3339496, 3339496]
[3339508, 3339508]
[3339512, 3339512]
[3339516, 3339516]
[3339520, 3339520]
[3339524, 3339524]
[3339528, 3339528]
[3339532, 3339532]
[3339536, 3339536]
[3339540, 3339540]
[3339544, 3339544]
[3339604, 3339604]
[3339608, 3339608]
[3339612, 3339612]
[3339620, 3339620]
[3339624, 3339625]
[3339628, 3339628]
[3339632, 3339632]
[3339636, 3339636]
[3339640, 3339640]
[3339644, 3339644]
[3339648, 3339648]
[3339652, 3339652]
[3339656, 3339656]
[3339688, 3339688]
[3339692, 3339692]
[3339696, 3339696]
[3339700, 3339700]
[3339704, 3339704]
[3339708, 3339708]
[3339712, 3339712]
[3339716, 3339716]
[3339720, 3339720]
[3339724, 3339724]
[3339728, 3339728]
[3339732, 3339732]
[3339736, 3339736]
[3339740, 3339740]
[3339744, 3339744]
[3339748, 3339748]
[3339752, 3339752]
[3339756, 3339756]
[3339760, 3339760]
[3339764, 3339764]
[3339768, 3339768]
[3339772, 3339772]
[3339776, 3339776]
[3339908, 3339908]
[3339912, 3339912]
[3339920, 3339920]
[3339924, 3339924]
[3339928, 3339928]
[3339932, 3339932]
[3339936, 3339936]
[3339940, 3339940]
[3339944, 3339944]
[3339948, 3339948]
[3339952, 3339952]
[3339956, 3339956]
[3339960, 3339960]
[3339964, 3339964]
[3339968, 3339968]
[3339972, 3339972]
[3339976, 3339976]
[3339980, 3339980]
[3339984, 3339984]
[3339988, 3339988]
[3339992, 3339992]
[3339996, 3339996]
[3340000, 3340000]
[3340004, 3340004]
[3340008, 3340008]
[3340012, 3340012]
[3340016, 3340016]
[3340020, 3340020]
[3340024, 3340024]
[3340028, 3340028]
[3340032, 3340032]
[3340036, 3340036]
[3340040, 3340040]
[3340044, 3340044]
[3340048, 3340048]
[3340052, 3340052]
[3340056, 3340056]
[3340060, 3340060]
[3340064, 3340064]
[3340068, 3340068]
[3340072, 3340072]
[3340076, 3340076]
[3340080, 3340080]
[3340084, 3340084]
[3340088, 3340088]
[3340092, 3340092]
[3340096, 3340096]
[3340264, 3340264]
[3340268, 3340268]
[3340272, 3340272]
[3340276, 3340276]
[3340280, 3340280]
[3340284, 3340284]
[3340288, 3340288]
[3340292, 3340292]
[3340296, 3340296]
[3340300, 3340300]
[3340304, 3340304]
[3340308, 3340308]
[3340312, 3340312]
[3340316, 3340316]
[3340320, 3340320]
[3340324, 3340324]
[3340328, 3340328]
[3340332, 3340332]
[3340336, 3340336]
[3340340, 3340340]
[3340344, 3340344]
[3340348, 3340348]
[3340352, 3340352]
[3340356, 3340356]
[3340360, 3340360]
[3340364, 3340364]
[3340368, 3340368]
[3340372, 3340372]
[3340376, 3340376]
[3340380, 3340380]
[3340384, 3340384]
[3340388, 3340388]
[3340392, 3340392]
[3340396, 3340396]
[3340400, 3340400]
[3340404, 3340404]
[3340408, 3340408]
[3340412, 3340412]
[3340416, 3340416]
[3340420, 3340420]
[3340424, 3340424]
[3340428, 3340428]
[3340432, 3340432]
[3340436, 3340436]
[3340440, 3340440]
[3340444, 3340444]
[3340448, 3340448]
[3340452, 3340452]
[3340456, 3340456]
[3340460, 3340460]
[3340464, 3340464]
[3340468, 3340468]
[3340472, 3340472]
[3340476, 3340476]
[3340480, 3340480]
[3340484, 3340484]
[3340488, 3340488]
[3340492, 3340492]
[3340496, 3340496]
[3340500, 3340500]
[3340504, 3340504]
[3340508, 3340508]
[3340512, 3340512]
[3340516, 3340516]
[3340520, 3340520]
[3340524, 3340524]
[3340528, 3340528]
[3340532, 3340532]
[3340536, 3340536]
[3340540, 3340540]
[3340544, 3340544]
[3340548, 3340548]
[3340552, 3340552]
[3340556, 3340556]
[3340560, 3340560]
[3340564, 3340564]
[3340568, 3340568]
[3340572, 3340572]
[3340576, 3340576]
[3340580, 3340580]
[3340584, 3340584]
[3340588, 3340588]
[3340592, 3340592]
[3340596, 3340596]
[3340600, 3340600]
[3340604, 3340604]
[3340608, 3340608]
[3340612, 3340612]
[3340616, 3340616]
[3340620, 3340620]
[3340624, 3340624]
[3340628, 3340628]
[3340632, 3340632]
[3340636, 3340636]
[3340640, 3340640]
[3340644, 3340644]
[3340648, 3340648]
[3340652, 3340652]
[3340656, 3340656]
[3340804, 3340804]
[3340808, 3340808]
[3340812, 3340812]
[3340816, 3340816]
[3340820, 3340820]
[3340824, 3340824]
[3340828, 3340828]
[3340832, 3340832]
[3340836, 3340836]
[3340840, 3340840]
[3340844, 3340844]
[3340848, 3340848]
[3340852, 3340852]
[3340856, 3340856]
[3340860, 3340860]
[3340864, 3340864]
[3340868, 3340868]
[3340872, 3340872]
[3340876, 3340876]
[3340880, 3340880]
[3340884, 3340884]
[3340888, 3340888]
[3340892, 3340892]
[3340896, 3340896]
[3340900, 3340901]
[3340904, 3340904]
[3340908, 3340908]
[3340912, 3340912]
[3340916, 3340916]
[3340920, 3340920]
[3340924, 3340924]
[3340928, 3340928]
[3340932, 3340932]
[3340936, 3340936]
[3340940, 3340940]
[3340944, 3340944]
[3340948, 3340948]
[3340952, 3340952]
[3340956, 3340956]
[3340960, 3340960]
[3340964, 3340964]
[3340968, 3340968]
[3340972, 3340972]
[3340976, 3340976]
[3340980, 3340980]
[3340984, 3340984]
[3340988, 3340988]
[3340992, 3340992]
[3340996, 3340996]
[3341000, 3341000]
[3341004, 3341004]
[3341008, 3341008]
[3341012, 3341012]
[3341016, 3341016]
[3341020, 3341020]
[3341024, 3341024]
[3341028, 3341028]
[3341032, 3341032]
[3341036, 3341036]
[3341040, 3341040]
[3341044, 3341044]
[3341048, 3341048]
[3341052, 3341052]
[3341056, 3341056]
[3341060, 3341060]
[3341064, 3341064]
[3341068, 3341068]
[3341072, 3341072]
[3341076, 3341076]
[3341080, 3341080]
[3341084, 3341084]
[3341088, 3341088]
[3341092, 3341092]
[3341096, 3341096]
[3341100, 3341100]
[3341104, 3341104]
[3341108, 3341108]
[3341112, 3341112]
[3341116, 3341116]
[3341120, 3341120]
[3341124, 3341124]
[3341128, 3341128]
[3341132, 3341132]
[3341136, 3341136]
[3341140, 3341140]
[3341144, 3341144]
[3341148, 3341148]
[3341152, 3341152]
[3341156, 3341156]
[3341160, 3341160]
[3341164, 3341164]
[3341168, 3341168]
[3341172, 3341172]
[3341320, 3341320]
[3341324, 3341324]
[3341328, 3341328]
[3341332, 3341332]
[3341336, 3341336]
[3341340, 3341340]
[3341344, 3341344]
[3341348, 3341348]
[3341352, 3341352]
[3341356, 3341356]
[3341360, 3341360]
[3341364, 3341364]
[3341368, 3341368]
[3341372, 3341372]
[3341376, 3341377]
[3341380, 3341380]
[3341384, 3341384]
[3341388, 3341388]
[3341392, 3341392]
[3341396, 3341396]
[3341400, 3341400]
[3341404, 3341404]
[3341408, 3341408]
[3341412, 3341412]
[3341416, 3341416]
[3341420, 3341420]
[3341424, 3341424]
[3341428, 3341428]
[3341432, 3341432]
[3341436, 3341436]
[3341440, 3341440]
[3341456, 3341456]
[3341460, 3341460]
[3341464, 3341464]
[3341468, 3341468]
[3341472, 3341472]
[3341476, 3341476]
[3341480, 3341480]
[3341484, 3341484]
[3341488, 3341488]
[3341492, 3341492]
[3341496, 3341496]
[3341500, 3341500]
[3341504, 3341504]
[3341508, 3341508]
[3341512, 3341512]
[3341516, 3341516]
[3341520, 3341520]
[3341524, 3341524]
[3341528, 3341528]
[3341532, 3341532]
[3341536, 3341536]
[3341540, 3341540]
[3341544, 3341544]
[3341548, 3341548]
[3341552, 3341552]
[3341556, 3341556]
[3341560, 3341560]
[3341564, 3341564]
[3341568, 3341568]
[3341572, 3341572]
[3341576, 3341576]
[3341580, 3341580]
[3341584, 3341584]
[3341588, 3341588]
[3341592, 3341592]
[3341596, 3341596]
[3341744, 3341744]
[3341748, 3341748]
[3341752, 3341752]
[3341756, 3341756]
[3341760, 3341760]
[3341764, 3341764]
[3341768, 3341768]
[3341772, 3341772]
[3341776, 3341776]
[3341780, 3341780]
[3341784, 3341784]
[3341788, 3341788]
[3341792, 3341792]
[3341796, 3341796]
[3341800, 3341800]
[3341816, 3341816]
[3341820, 3341820]
[3341824, 3341824]
[3341828, 3341828]
[3341832, 3341832]
[3341836, 3341836]
[3341840, 3341840]
[3341844, 3341844]
[3341848, 3341848]
[3341852, 3341852]
[3341856, 3341856]
[3341860, 3341860]
[3341864, 3341864]
[3341868, 3341868]
[3341872, 3341872]
[3341876, 3341876]
[3341880, 3341880]
[3341884, 3341884]
[3341888, 3341888]
[3341892, 3341892]
[3341896, 3341896]
[3341900, 3341900]
[3347336, 3347336]
[3347340, 3347340]
[3347344, 3347344]
[3347360, 3347360]
[3347364, 3347364]
[3347368, 3347368]
[3347372, 3347372]
[3347376, 3347376]
[3347380, 3347380]
[3347384, 3347384]
[3347388, 3347388]
[3347392, 3347392]
[3347396, 3347396]
[3347400, 3347400]
[3347404, 3347404]
[3347408, 3347408]
[3347412, 3347412]
[3347416, 3347416]
[3347420, 3347420]
[3347424, 3347424]
[3347428, 3347428]
[3347432, 3347432]
[3347436, 3347436]
[3347440, 3347440]
[3347444, 3347444]
[3347448, 3347448]
[3347452, 3347452]
[3347456, 3347456]
[3347460, 3347460]
[3347464, 3347464]
[3347468, 3347468]
[3347472, 3347472]
[3347476, 3347476]
[3347480, 3347480]
[3347484, 3347484]
[3347488, 3347488]
[3347492, 3347492]
[3347496, 3347496]
[3347500, 3347500]
[3347504, 3347504]
[3347508, 3347508]
[3347644, 3347644]
[3347648, 3347648]
[3347652, 3347652]
[3347656, 3347656]
[3347660, 3347660]
[3347664, 3347664]
[3347668, 3347668]
[3347672, 3347672]
[3347676, 3347676]
[3347680, 3347680]
[3347684, 3347684]
[3347688, 3347689]
[3347692, 3347692]
[3347696, 3347696]
[3347700, 3347700]
[3347704, 3347704]
[3347708, 3347708]
[3347712, 3347712]
[3347716, 3347716]
[3347720, 3347720]
[3347724, 3347724]
[3347728, 3347728]
[3347732, 3347732]
[3347736, 3347736]
[3347740, 3347740]
[3347744, 3347744]
[3347748, 3347748]
[3347752, 3347752]
[3347756, 3347756]
[3347760, 3347760]
[3347764, 3347764]
[3347768, 3347768]
[3347772, 3347772]
[3347776, 3347776]
[3347780, 3347780]
[3347784, 3347784]
[3347788, 3347788]
[3347792, 3347792]
[3347796, 3347796]
[3347800, 3347800]
[3347804, 3347804]
[3347808, 3347808]
[3347812, 3347812]
[3347816, 3347816]
[3347820, 3347820]
[3347824, 3347824]
[3347828, 3347828]
[3347832, 3347832]
[3347836, 3347836]
[3347840, 3347840]
[3347844, 3347844]
[3347848, 3347848]
[3347852, 3347852]
[3347856, 3347856]
[3347860, 3347860]
[3347864, 3347864]
[3347868, 3347868]
[3347872, 3347872]
[3347876, 3347876]
[3347880, 3347880]
[3347884, 3347884]
[3347888, 3347888]
[3347892, 3347892]
[3347896, 3347896]
[3347900, 3347900]
[3347904, 3347904]
[3347908, 3347908]
[3347912, 3347912]
[3347916, 3347916]
[3347920, 3347920]
[3347924, 3347924]
[3347928, 3347928]
[3347932, 3347932]
[3347936, 3347936]
[3347940, 3347940]
[3347944, 3347944]
[3347948, 3347948]
[3347952, 3347952]
[3347956, 3347956]
[3347960, 3347960]
[3347964, 3347964]
[3347968, 3347968]
[3347972, 3347972]
[3347976, 3347976]
[3347980, 3347980]
[3347984, 3347984]
[3347988, 3347988]
[3347992, 3347992]
[3347996, 3347996]
[3348000, 3348000]
[3348004, 3348004]
[3348008, 3348008]
[3348012, 3348012]
[3348016, 3348016]
[3348020, 3348020]
[3348024, 3348024]
[3348028, 3348028]
[3348032, 3348032]
[3348036, 3348036]
[3348040, 3348040]
[3348044, 3348044]
[3348048, 3348048]
[3348052, 3348052]
[3348056, 3348056]
[3348060, 3348060]
[3348464, 3348464]
[3348480, 3348480]
[3348484, 3348484]
[3348488, 3348488]
[3348492, 3348492]
[3348496, 3348496]
[3348500, 3348500]
[3348504, 3348504]
[3348508, 3348508]
[3348512, 3348512]
[3348516, 3348516]
[3348520, 3348520]
[3348524, 3348524]
[3348528, 3348528]
[3348532, 3348532]
[3348536, 3348536]
[3348540, 3348540]
[3348544, 3348544]
[3348548, 3348548]
[3348552, 3348552]
[3348556, 3348556]
[3348560, 3348560]
[3348564, 3348564]
[3348568, 3348568]
[3348572, 3348572]
[3348576, 3348576]
[3348580, 3348580]
[3348584, 3348584]
[3348588, 3348588]
[3348592, 3348592]
[3348596, 3348596]
[3348600, 3348600]
[3348604, 3348604]
[3348608, 3348608]
[3348612, 3348612]
[3348616, 3348616]
[3348620, 3348620]
[3348624, 3348625]
[3348628, 3348628]
[3348632, 3348632]
[3348636, 3348636]
[3348640, 3348640]
[3348644, 3348644]
[3348648, 3348648]
[3348652, 3348652]
[3348656, 3348656]
[3348660, 3348660]
[3348664, 3348664]
[3348668, 3348668]
[3348672, 3348672]
[3348676, 3348676]
[3348680, 3348680]
[3348684, 3348684]
[3348688, 3348688]
[3348692, 3348692]
[3348696, 3348696]
[3348700, 3348700]
[3348704, 3348704]
[3348708, 3348708]
[3348712, 3348712]
[3348716, 3348716]
[3348720, 3348720]
[3348724, 3348724]
[3348728, 3348728]
[3348732, 3348732]
[3348736, 3348736]
[3348740, 3348740]
[3348744, 3348744]
[3348748, 3348748]
[3348752, 3348752]
[3348756, 3348756]
[3348760, 3348760]
[3348764, 3348764]
[3348768, 3348768]
[3348772, 3348772]
[3348776, 3348776]
[3348780, 3348780]
[3348784, 3348784]
[3348788, 3348788]
[3348792, 3348792]
[3348796, 3348796]
[3348800, 3348800]
[3348804, 3348804]
[3348808, 3348808]
[3348812, 3348812]
[3348816, 3348816]
[3348820, 3348820]
[3348824, 3348824]
[3348828, 3348828]
[3349272, 3349272]
[3349276, 3349276]
[3349280, 3349280]
[3349284, 3349284]
[3349288, 3349288]
[3349292, 3349292]
[3349296, 3349296]
[3349300, 3349300]
[3349304, 3349304]
[3349308, 3349308]
[3349312, 3349312]
[3349316, 3349316]
[3349320, 3349320]
[3349324, 3349324]
[3349328, 3349328]
[3349332, 3349332]
[3349336, 3349336]
[3349340, 3349340]
[3349344, 3349344]
[3349348, 3349348]
[3349352, 3349352]
[3349356, 3349356]
[3349360, 3349360]
[3349364, 3349364]
[3349368, 3349368]
[3349372, 3349372]
[3349376, 3349376]
[3349380, 3349380]
[3349384, 3349384]
[3349388, 3349388]
[3349392, 3349392]
[3349396, 3349396]
[3349400, 3349400]
[3349404, 3349404]
[3349408, 3349408]
[3349412, 3349412]
[3349416, 3349416]
[3349420, 3349420]
[3349424, 3349424]
[3349428, 3349428]
[3349432, 3349432]
[3349436, 3349436]
[3349440, 3349440]
[3349444, 3349444]
[3349448, 3349448]
[3349452, 3349452]
[3349456, 3349456]
[3349460, 3349460]
[3349464, 3349464]
[3349468, 3349468]
[3349472, 3349472]
[3349476, 3349476]
[3349480, 3349480]
[3349484, 3349484]
[3349488, 3349488]
[3349492, 3349492]
[3349496, 3349496]
[3349500, 3349500]
[3349504, 3349504]
[3349508, 3349508]
[3349512, 3349512]
[3349516, 3349516]
[3349520, 3349520]
[3349524, 3349524]
[3349528, 3349528]
[3349532, 3349532]
[3349536, 3349536]
[3349540, 3349540]
[3349544, 3349544]
[3349548, 3349548]
[3349552, 3349552]
[3349556, 3349556]
[3349560, 3349560]
[3349564, 3349564]
[3349568, 3349568]
[3349572, 3349572]
[3349576, 3349576]
[3349580, 3349580]
[3349584, 3349584]
[3349588, 3349588]
[3349592, 3349592]
[3349596, 3349596]
[3349600, 3349600]
[3349604, 3349604]
[3349608, 3349608]
[3349612, 3349612]
[3349616, 3349616]
[3349620, 3349620]
[3350112, 3350112]
[3350116, 3350116]
[3350120, 3350120]
[3350124, 3350124]
[3350128, 3350128]
[3350132, 3350132]
[3350136, 3350136]
[3350140, 3350140]
[3350144, 3350144]
[3350148, 3350149]
[3350152, 3350152]
[3350156, 3350156]
[3350160, 3350160]
[3350164, 3350164]
[3350168, 3350168]
[3350172, 3350172]
[3350176, 3350176]
[3350180, 3350180]
[3350184, 3350184]
[3350188, 3350188]
[3350192, 3350192]
[3350196, 3350196]
[3350200, 3350200]
[3350204, 3350204]
[3350208, 3350208]
[3350212, 3350212]
[3350216, 3350216]
[3350220, 3350220]
[3350224, 3350224]
[3350228, 3350228]
[3350232, 3350232]
[3350236, 3350236]
[3350240, 3350240]
[3350244, 3350244]
[3350248, 3350248]
[3350252, 3350252]
[3350256, 3350256]
[3350260, 3350260]
[3350264, 3350264]
[3350268, 3350268]
[3350272, 3350272]
[3350276, 3350276]
[3350280, 3350280]
[3350284, 3350284]
[3350288, 3350288]
[3350292, 3350292]
[3350296, 3350296]
[3350300, 3350300]
[3350304, 3350304]
[3350308, 3350308]
[3350312, 3350312]
[3350316, 3350316]
[3350320, 3350320]
[3350324, 3350324]
[3350328, 3350328]
[3350332, 3350332]
[3350336, 3350336]
[3350340, 3350340]
[3350344, 3350344]
[3350348, 3350348]
[3350352, 3350352]
[3350356, 3350356]
[3350360, 3350360]
[3350364, 3350364]
[3350368, 3350368]
[3350372, 3350372]
[3350376, 3350376]
[3350380, 3350380]
[3350384, 3350384]
[3350388, 3350388]
[3350392, 3350392]
[3350396, 3350396]
[3350400, 3350400]
[3350404, 3350404]
[3350408, 3350408]
[3350412, 3350412]
[3350416, 3350416]
[3350420, 3350420]
[3350424, 3350424]
[3350428, 3350428]
[3350432, 3350432]
[3350436, 3350436]
[3350440, 3350440]
[3350444, 3350444]
[3350448, 3350448]
[3350452, 3350452]
[3350456, 3350456]
[3350460, 3350460]
[3350916, 3350916]
[3350928, 3350928]
[3350932, 3350932]
[3350936, 3350936]
[3350940, 3350940]
[3350944, 3350944]
[3350948, 3350948]
[3350952, 3350952]
[3350956, 3350956]
[3350960, 3350960]
[3350964, 3350964]
[3350968, 3350968]
[3350972, 3350972]
[3350976, 3350976]
[3350980, 3350980]
[3350984, 3350984]
[3350988, 3350988]
[3350992, 3350992]
[3350996, 3350996]
[3351000, 3351000]
[3351004, 3351004]
[3351008, 3351008]
[3351012, 3351012]
[3351016, 3351016]
[3351020, 3351020]
[3351024, 3351024]
[3351028, 3351028]
[3351032, 3351032]
[3351036, 3351036]
[3351040, 3351040]
[3351044, 3351044]
[3351048, 3351048]
[3351052, 3351052]
[3351056, 3351056]
[3351060, 3351060]
[3351064, 3351064]
[3351068, 3351068]
[3351072, 3351072]
[3351076, 3351076]
[3351080, 3351080]
[3351084, 3351084]
[3351088, 3351088]
[3351092, 3351092]
[3351096, 3351096]
[3351100, 3351100]
[3351104, 3351104]
[3351108, 3351108]
[3351112, 3351112]
[3351116, 3351116]
[3351120, 3351120]
[3351124, 3351124]
[3351128, 3351128]
[3351132, 3351132]
[3351136, 3351136]
[3351140, 3351140]
[3351144, 3351144]
[3351148, 3351148]
[3351152, 3351152]
[3351156, 3351156]
[3351160, 3351160]
[3351164, 3351164]
[3351168, 3351168]
[3351172, 3351172]
[3351176, 3351176]
[3351180, 3351180]
[3351184, 3351184]
[3351188, 3351188]
[3351192, 3351192]
[3351196, 3351196]
[3351200, 3351200]
[3351204, 3351204]
[3351208, 3351208]
[3351212, 3351212]
[3351216, 3351216]
[3351220, 3351220]
[3351224, 3351224]
[3351228, 3351228]
[3351232, 3351232]
[3351236, 3351236]
[3351240, 3351240]
[3351244, 3351244]
[3351248, 3351248]
[3351252, 3351252]
[3351256, 3351256]
[3351260, 3351260]
[3351264, 3351264]
[3351268, 3351268]
[3351272, 3351272]
[3351276, 3351276]
[3351736, 3351736]
[3351740, 3351740]
[3351744, 3351744]
[3351748, 3351748]
[3351752, 3351752]
[3351756, 3351756]
[3351760, 3351760]
[3351776, 3351776]
[3351780, 3351780]
[3351784, 3351784]
[3351788, 3351788]
[3351792, 3351792]
[3351796, 3351796]
[3351800, 3351800]
[3351804, 3351804]
[3351808, 3351808]
[3351812, 3351812]
[3351816, 3351816]
[3351820, 3351820]
[3351824, 3351824]
[3351828, 3351828]
[3351832, 3351832]
[3351836, 3351836]
[3351840, 3351840]
[3351844, 3351844]
[3351848, 3351848]
[3351852, 3351852]
[3351856, 3351856]
[3351860, 3351860]
[3351864, 3351864]
[3351868, 3351868]
[3351872, 3351872]
[3351876, 3351876]
[3351880, 3351880]
[3351884, 3351884]
[3351888, 3351888]
[3351892, 3351892]
[3351896, 3351896]
[3351900, 3351900]
[3351904, 3351904]
[3351908, 3351908]
[3351912, 3351912]
[3351916, 3351916]
[3351920, 3351920]
[3351924, 3351924]
[3351928, 3351928]
[3351932, 3351932]
[3351936, 3351936]
[3351940, 3351940]
[3351944, 3351944]
[3351948, 3351948]
[3351952, 3351952]
[3351956, 3351956]
[3351960, 3351960]
[3351964, 3351964]
[3351968, 3351968]
[3351972, 3351972]
[3351976, 3351976]
[3351980, 3351980]
[3351984, 3351984]
[3351988, 3351988]
[3351992, 3351992]
[3351996, 3351996]
[3352000, 3352000]
[3352004, 3352004]
[3352008, 3352008]
[3352012, 3352012]
[3352016, 3352016]
[3352020, 3352020]
[3352024, 3352024]
[3352028, 3352028]
[3352032, 3352032]
[3352036, 3352036]
[3352040, 3352040]
[3352044, 3352044]
[3352048, 3352048]
[3352052, 3352052]
[3352056, 3352056]
[3352060, 3352060]
[3352064, 3352064]
[3352068, 3352068]
[3352072, 3352072]
[3352076, 3352076]
[3352080, 3352080]
[3352084, 3352084]
[3352088, 3352088]
[3352092, 3352092]
[3352096, 3352096]
[3352100, 3352100]
[3352104, 3352104]
[3352108, 3352108]
[3352428, 3352428]
[3352432, 3352432]
[3352436, 3352436]
[3352440, 3352440]
[3352444, 3352444]
[3352452, 3352452]
[3352464, 3352464]
[3352468, 3352468]
[3352472, 3352472]
[3352476, 3352476]
[3352480, 3352480]
[3352484, 3352484]
[3352488, 3352488]
[3352492, 3352492]
[3352496, 3352496]
[3352500, 3352500]
[3352504, 3352504]
[3352508, 3352508]
[3352568, 3352568]
[3352572, 3352572]
[3352576, 3352576]
[3352580, 3352580]
[3352584, 3352584]
[3352588, 3352588]
[3352600, 3352600]
[3352604, 3352605]
[3352608, 3352608]
[3352612, 3352612]
[3352616, 3352616]
[3352620, 3352620]
[3352624, 3352624]
[3352628, 3352628]
[3352632, 3352632]
[3352636, 3352636]
[3352640, 3352640]
[3352644, 3352644]
[3352668, 3352668]
[3352672, 3352672]
[3352676, 3352676]
[3352680, 3352680]
[3352684, 3352684]
[3352688, 3352688]
[3352692, 3352692]
[3352696, 3352696]
[3352700, 3352700]
[3352704, 3352704]
[3352708, 3352708]
[3352712, 3352712]
[3352716, 3352716]
[3352720, 3352720]
[3352724, 3352724]
[3352728, 3352728]
[3352732, 3352732]
[3352736, 3352736]
[3352740, 3352740]
[3352744, 3352744]
[3352748, 3352748]
[3352752, 3352752]
[3352756, 3352756]
[3352760, 3352760]
[3352764, 3352764]
[3352768, 3352768]
[3352772, 3352772]
[3352776, 3352776]
[3352780, 3352780]
[3352784, 3352784]
[3352788, 3352788]
[3352792, 3352792]
[3352796, 3352796]
[3352800, 3352800]
[3352804, 3352804]
[3352808, 3352808]
[3352812, 3352812]
[3352816, 3352816]
[3352820, 3352820]
[3352824, 3352824]
[3352828, 3352828]
[3352832, 3352832]
[3352836, 3352836]
[3352840, 3352840]
[3352844, 3352844]
[3352848, 3352848]
[3352852, 3352852]
[3352856, 3352856]
[3352860, 3352860]
[3352864, 3352864]
[3352868, 3352868]
[3352872, 3352872]
[3352876, 3352876]
[3352880, 3352880]
[3352884, 3352884]
[3352888, 3352888]
[3352892, 3352892]
[3352896, 3352896]
[3352900, 3352900]
[3352904, 3352904]
[3352908, 3352908]
[3352912, 3352912]
[3352916, 3352916]
[3352920, 3352920]
[3352924, 3352924]
[3352928, 3352928]
[3352932, 3352932]
[3352936, 3352936]
[3352940, 3352940]
[3352944, 3352944]
[3352948, 3352948]
[3352952, 3352952]
[3352956, 3352956]
[3352960, 3352960]
[3352964, 3352964]
[3352968, 3352968]
[3353296, 3353296]
[3353300, 3353300]
[3353304, 3353304]
[3353316, 3353316]
[3353320, 3353320]
[3353324, 3353324]
[3353328, 3353328]
[3353332, 3353332]
[3353336, 3353336]
[3353340, 3353340]
[3353344, 3353344]
[3353348, 3353348]
[3353352, 3353352]
[3353356, 3353356]
[3353360, 3353360]
[3353364, 3353364]
[3353368, 3353368]
[3353372, 3353372]
[3353376, 3353376]
[3353380, 3353380]
[3353384, 3353384]
[3353388, 3353388]
[3353392, 3353392]
[3353396, 3353396]
[3353400, 3353400]
[3353404, 3353405]
[3353408, 3353408]
[3353412, 3353412]
[3353416, 3353416]
[3353420, 3353420]
[3353424, 3353424]
[3353428, 3353428]
[3353432, 3353432]
[3353436, 3353436]
[3353440, 3353440]
[3353444, 3353444]
[3353448, 3353448]
[3353452, 3353452]
[3353456, 3353456]
[3353460, 3353460]
[3353464, 3353464]
[3353468, 3353468]
[3353472, 3353472]
[3353476, 3353476]
[3353480, 3353480]
[3353484, 3353484]
[3353488, 3353488]
[3353492, 3353492]
[3353496, 3353496]
[3353500, 3353500]
[3353504, 3353504]
[3353508, 3353508]
[3353512, 3353512]
[3353516, 3353516]
[3353520, 3353520]
[3353524, 3353524]
[3353528, 3353528]
[3353532, 3353532]
[3353536, 3353536]
[3353540, 3353540]
[3353544, 3353544]
[3353548, 3353548]
[3353552, 3353552]
[3353556, 3353556]
[3353560, 3353560]
[3353968, 3353968]
[3353972, 3353972]
[3353976, 3353976]
[3353980, 3353980]
[3353988, 3353988]
[3353992, 3353992]
[3353996, 3353996]
[3354000, 3354000]
[3354004, 3354004]
[3354008, 3354008]
[3354012, 3354012]
[3354016, 3354016]
[3354020, 3354020]
[3354024, 3354024]
[3354028, 3354028]
[3354032, 3354032]
[3354036, 3354036]
[3354040, 3354040]
[3354044, 3354044]
[3354048, 3354048]
[3354052, 3354052]
[3354056, 3354056]
[3354060, 3354060]
[3354064, 3354064]
[3354068, 3354068]
[3354072, 3354072]
[3354076, 3354076]
[3354080, 3354080]
[3354084, 3354084]
[3354088, 3354088]
[3354092, 3354092]
[3354096, 3354096]
[3354100, 3354100]
[3354104, 3354104]
[3354108, 3354108]
[3354112, 3354112]
[3354116, 3354116]
[3354120, 3354120]
[3354124, 3354124]
[3354128, 3354128]
[3354132, 3354132]
[3354136, 3354136]
[3354140, 3354140]
[3354144, 3354144]
[3354148, 3354148]
[3354152, 3354152]
[3354156, 3354156]
[3354160, 3354160]
[3354164, 3354164]
[3354168, 3354168]
[3354172, 3354172]
[3354176, 3354176]
[3354180, 3354180]
[3354184, 3354184]
[3354188, 3354188]
[3354192, 3354192]
[3354196, 3354196]
[3354200, 3354200]
[3354204, 3354204]
[3354208, 3354208]
[3354212, 3354212]
[3354216, 3354216]
[3354220, 3354220]
[3354224, 3354224]
[3354228, 3354228]
[3354232, 3354232]
[3354236, 3354236]
[3354240, 3354240]
[3354244, 3354244]
[3354248, 3354248]
[3354252, 3354252]
[3354256, 3354256]
[3354260, 3354260]
[3354264, 3354264]
[3354268, 3354268]
[3354272, 3354272]
[3354276, 3354276]
[3354280, 3354280]
[3354284, 3354284]
[3354288, 3354288]
[3354292, 3354292]
[3354296, 3354296]
[3354300, 3354300]
[3354304, 3354304]
[3354308, 3354308]
[3354312, 3354312]
[3354316, 3354316]
[3354684, 3354684]
[3354688, 3354688]
[3354692, 3354692]
[3354696, 3354696]
[3354700, 3354700]
[3354708, 3354708]
[3354712, 3354712]
[3354716, 3354716]
[3354720, 3354720]
[3354724, 3354724]
[3354728, 3354728]
[3354732, 3354732]
[3354736, 3354736]
[3354740, 3354740]
[3354744, 3354744]
[3354748, 3354748]
[3354752, 3354752]
[3354756, 3354756]
[3354760, 3354760]
[3354764, 3354764]
[3354768, 3354768]
[3354772, 3354772]
[3354776, 3354776]
[3354780, 3354780]
[3354784, 3354784]
[3354788, 3354788]
[3354792, 3354792]
[3354796, 3354796]
[3354800, 3354800]
[3354804, 3354804]
[3354808, 3354808]
[3354812, 3354812]
[3354816, 3354817]
[3354820, 3354820]
[3354824, 3354824]
[3354828, 3354828]
[3354832, 3354832]
[3354836, 3354836]
[3354840, 3354840]
[3354844, 3354844]
[3354848, 3354848]
[3354852, 3354852]
[3354856, 3354856]
[3354860, 3354860]
[3354864, 3354864]
[3354868, 3354868]
[3354872, 3354872]
[3354876, 3354876]
[3354880, 3354880]
[3354884, 3354884]
[3354888, 3354888]
[3354892, 3354892]
[3354896, 3354896]
[3354900, 3354900]
[3354904, 3354904]
[3354908, 3354908]
[3354912, 3354912]
[3354916, 3354916]
[3354920, 3354920]
[3354924, 3354924]
[3354928, 3354928]
[3354932, 3354932]
[3354936, 3354936]
[3354940, 3354940]
[3354944, 3354944]
[3354948, 3354948]
[3354952, 3354952]
[3354956, 3354956]
[3354960, 3354960]
[3354964, 3354964]
[3354968, 3354968]
[3354972, 3354972]
[3354976, 3354976]
[3354980, 3354980]
[3354984, 3354984]
[3354988, 3354988]
[3354992, 3354992]
[3354996, 3354996]
[3355000, 3355000]
[3355004, 3355004]
[3355008, 3355008]
[3355376, 3355376]
[3355380, 3355380]
[3355384, 3355385]
[3355388, 3355388]
[3355392, 3355392]
[3355396, 3355396]
[3355400, 3355400]
[3355404, 3355404]
[3355408, 3355408]
[3355412, 3355412]
[3355416, 3355416]
[3355420, 3355420]
[3355424, 3355424]
[3355428, 3355428]
[3355432, 3355432]
[3355436, 3355436]
[3355440, 3355440]
[3355444, 3355444]
[3355448, 3355448]
[3355452, 3355452]
[3355456, 3355456]
[3355460, 3355460]
[3355464, 3355464]
[3355468, 3355468]
[3355472, 3355472]
[3355476, 3355476]
[3355480, 3355480]
[3355484, 3355484]
[3355488, 3355488]
[3355492, 3355492]
[3355496, 3355496]
[3355500, 3355500]
[3355504, 3355504]
[3355508, 3355508]
[3355512, 3355512]
[3355516, 3355516]
[3355520, 3355520]
[3355524, 3355524]
[3355528, 3355528]
[3355532, 3355532]
[3355536, 3355536]
[3355540, 3355540]
[3355544, 3355544]
[3355548, 3355548]
[3355552, 3355552]
[3355556, 3355556]
[3355560, 3355560]
[3355564, 3355564]
[3355568, 3355568]
[3355572, 3355572]
[3355576, 3355576]
[3355580, 3355580]
[3355584, 3355584]
[3355588, 3355588]
[3355592, 3355592]
[3355596, 3355596]
[3355600, 3355600]
[3355604, 3355604]
[3355608, 3355608]
[3355612, 3355612]
[3355616, 3355616]
[3355620, 3355620]
[3355624, 3355624]
[3355628, 3355628]
[3355632, 3355632]
[3355636, 3355636]
[3355640, 3355640]
[3355644, 3355644]
[3355648, 3355648]
[3355652, 3355652]
[3355656, 3355656]
[3355660, 3355660]
[3355664, 3355664]
[3355668, 3355668]
[3355672, 3355672]
[3355676, 3355676]
[3355680, 3355680]
[3355684, 3355684]
[3355688, 3355688]
[3355692, 3355692]
[3355696, 3355696]
[3355700, 3355700]
[3355704, 3355704]
[3355708, 3355708]
[3355712, 3355712]
[3355716, 3355716]
[3355720, 3355720]
[3355724, 3355724]
[3355728, 3355728]
[3355732, 3355732]
[3355736, 3355736]
[3355740, 3355740]
[3355744, 3355744]
[3355748, 3355748]
[3355752, 3355752]
[3355756, 3355756]
[3355760, 3355760]
[3355764, 3355764]
[3355768, 3355768]
[3355772, 3355772]
[3355776, 3355776]
[3355780, 3355780]
[3356108, 3356108]
[3356140, 3356140]
[3356144, 3356144]
[3356148, 3356148]
[3356152, 3356152]
[3356156, 3356156]
[3356160, 3356160]
[3356164, 3356164]
[3356168, 3356168]
[3356172, 3356172]
[3356176, 3356176]
[3356180, 3356180]
[3356184, 3356184]
[3356188, 3356188]
[3356192, 3356192]
[3356196, 3356196]
[3356200, 3356200]
[3356204, 3356204]
[3356208, 3356208]
[3356212, 3356212]
[3356216, 3356216]
[3356220, 3356220]
[3356224, 3356224]
[3356228, 3356228]
[3356232, 3356232]
[3356236, 3356236]
[3356240, 3356240]
[3356244, 3356244]
[3356256, 3356256]
[3356260, 3356260]
[3356264, 3356264]
[3356268, 3356268]
[3356272, 3356272]
[3356276, 3356276]
[3356280, 3356280]
[3356284, 3356284]
[3356288, 3356288]
[3356292, 3356292]
[3356296, 3356296]
[3356300, 3356300]
[3356304, 3356304]
[3356308, 3356308]
[3356312, 3356312]
[3356316, 3356316]
[3356320, 3356320]
[3356324, 3356324]
[3356328, 3356328]
[3356332, 3356332]
[3356336, 3356336]
[3356340, 3356340]
[3361824, 3361824]
[3361832, 3361832]
[3361836, 3361836]
[3361844, 3361844]
[3361856, 3361856]
[3361860, 3361860]
[3361864, 3361864]
[3361868, 3361868]
[3361872, 3361872]
[3361876, 3361876]
[3361880, 3361880]
[3361884, 3361884]
[3361888, 3361888]
[3361892, 3361892]
[3361896, 3361896]
[3361900, 3361900]
[3361984, 3361984]
[3361988, 3361988]
[3361992, 3361992]
[3362000, 3362000]
[3362012, 3362012]
[3362016, 3362016]
[3362020, 3362020]
[3362024, 3362024]
[3362028, 3362028]
[3362032, 3362032]
[3362036, 3362036]
[3362040, 3362040]
[3362044, 3362044]
[3362048, 3362048]
[3362052, 3362052]
[3362056, 3362056]
[3362060, 3362060]
[3362064, 3362064]
[3362068, 3362068]
[3362072, 3362072]
[3362076, 3362076]
[3362080, 3362080]
[3362084, 3362084]
[3362088, 3362088]
[3362092, 3362092]
[3362096, 3362096]
[3362100, 3362100]
[3362104, 3362104]
[3362108, 3362108]
[3362112, 3362112]
[3362116, 3362116]
[3362120, 3362120]
[3362248, 3362248]
[3362252, 3362252]
[3362256, 3362256]
[3362264, 3362264]
[3362276, 3362276]
[3362280, 3362280]
[3362284, 3362284]
[3362288, 3362288]
[3362292, 3362292]
[3362296, 3362296]
[3362300, 3362300]
[3362304, 3362304]
[3362308, 3362308]
[3362312, 3362312]
[3362316, 3362316]
[3362320, 3362320]
[3362324, 3362324]
[3362328, 3362328]
[3362332, 3362332]
[3362336, 3362336]
[3362340, 3362340]
[3362344, 3362344]
[3362348, 3362348]
[3362352, 3362352]
[3362356, 3362356]
[3362360, 3362360]
[3362364, 3362364]
[3362368, 3362368]
[3362372, 3362372]
[3362376, 3362376]
[3362380, 3362380]
[3362384, 3362384]
[3362388, 3362388]
[3362392, 3362392]
[3362396, 3362396]
[3362400, 3362400]
[3362404, 3362404]
[3362408, 3362408]
[3362412, 3362412]
[3362416, 3362416]
[3362420, 3362420]
[3362424, 3362424]
[3362568, 3362568]
[3362572, 3362572]
[3362576, 3362576]
[3362580, 3362580]
[3362584, 3362584]
[3362592, 3362592]
[3362604, 3362604]
[3362608, 3362608]
[3362612, 3362612]
[3362616, 3362616]
[3362620, 3362620]
[3362624, 3362624]
[3362628, 3362628]
[3362632, 3362632]
[3362636, 3362636]
[3362640, 3362640]
[3362644, 3362644]
[3362648, 3362648]
[3362652, 3362652]
[3362656, 3362656]
[3362660, 3362660]
[3362664, 3362664]
[3362668, 3362668]
[3362672, 3362672]
[3362676, 3362676]
[3362680, 3362680]
[3362684, 3362684]
[3362688, 3362688]
[3362692, 3362692]
[3362696, 3362696]
[3362700, 3362700]
[3362704, 3362704]
[3362708, 3362708]
[3362712, 3362712]
[3362716, 3362716]
[3362720, 3362720]
[3362724, 3362724]
[3362728, 3362728]
[3362732, 3362732]
[3362736, 3362736]
[3362740, 3362740]
[3362744, 3362744]
[3362748, 3362748]
[3362752, 3362752]
[3362896, 3362896]
[3362900, 3362900]
[3362904, 3362904]
[3362908, 3362908]
[3362912, 3362912]
[3362920, 3362920]
[3362932, 3362932]
[3362944, 3362944]
[3362948, 3362948]
[3362952, 3362952]
[3362956, 3362956]
[3362960, 3362961]
[3362964, 3362964]
[3362968, 3362968]
[3362972, 3362972]
[3362976, 3362976]
[3362980, 3362980]
[3362984, 3362984]
[3362988, 3362988]
[3362992, 3362992]
[3362996, 3362996]
[3363000, 3363000]
[3363004, 3363004]
[3363008, 3363008]
[3363012, 3363012]
[3363016, 3363016]
[3363020, 3363020]
[3363024, 3363024]
[3363028, 3363028]
[3363032, 3363032]
[3363036, 3363036]
[3363040, 3363040]
[3363044, 3363044]
[3363048, 3363048]
[3363052, 3363052]
[3363056, 3363056]
[3363060, 3363060]
[3363064, 3363064]
[3363068, 3363068]
[3363072, 3363072]
[3363076, 3363076]
[3363080, 3363080]
[3363084, 3363084]
[3363088, 3363088]
[3363092, 3363092]
[3363236, 3363236]
[3363240, 3363240]
[3363244, 3363244]
[3363248, 3363248]
[3363252, 3363252]
[3363256, 3363256]
[3363260, 3363260]
[3363272, 3363272]
[3363276, 3363276]
[3363280, 3363280]
[3363284, 3363284]
[3363288, 3363288]
[3363292, 3363292]
[3363296, 3363296]
[3363300, 3363300]
[3363304, 3363304]
[3363308, 3363308]
[3363312, 3363312]
[3363316, 3363316]
[3363320, 3363320]
[3363324, 3363324]
[3363328, 3363328]
[3363332, 3363332]
[3363336, 3363336]
[3363340, 3363340]
[3363344, 3363344]
[3363348, 3363348]
[3363352, 3363352]
[3363356, 3363356]
[3363360, 3363360]
[3363364, 3363364]
[3363368, 3363368]
[3363372, 3363372]
[3363376, 3363376]
[3363380, 3363380]
[3363384, 3363384]
[3363388, 3363388]
[3363392, 3363392]
[3363396, 3363396]
[3363400, 3363400]
[3363404, 3363404]
[3363408, 3363408]
[3363412, 3363412]
[3363416, 3363416]
[3363420, 3363420]
[3363564, 3363564]
[3363568, 3363568]
[3363572, 3363572]
[3363576, 3363576]
[3363580, 3363580]
[3363584, 3363584]
[3363588, 3363588]
[3363592, 3363592]
[3363608, 3363608]
[3363612, 3363612]
[3363616, 3363616]
[3363620, 3363620]
[3363624, 3363624]
[3363628, 3363628]
[3363632, 3363632]
[3363636, 3363636]
[3363640, 3363640]
[3363644, 3363644]
[3363648, 3363648]
[3363652, 3363652]
[3363656, 3363656]
[3363660, 3363660]
[3363664, 3363664]
[3363668, 3363668]
[3363672, 3363672]
[3363676, 3363676]
[3363680, 3363680]
[3363684, 3363684]
[3363688, 3363688]
[3363692, 3363692]
[3363796, 3363796]
[3363800, 3363800]
[3363804, 3363804]
[3363808, 3363808]
[3363812, 3363812]
[3363820, 3363820]
[3363824, 3363824]
[3363828, 3363828]
[3363832, 3363832]
[3363836, 3363836]
[3363840, 3363840]
[3363904, 3363904]
[3363908, 3363908]
[3363912, 3363912]
[3363916, 3363916]
[3363920, 3363920]
[3363928, 3363928]
[3363932, 3363932]
[3363936, 3363936]
[3363940, 3363940]
[3363944, 3363944]
[3363948, 3363948]
[3363980, 3363980]
[3363984, 3363984]
[3363988, 3363988]
[3363992, 3363992]
[3363996, 3363996]
[3364000, 3364000]
[3364012, 3364012]
[3364016, 3364016]
[3364020, 3364020]
[3364024, 3364024]
[3364028, 3364028]
[3364032, 3364032]
[3364036, 3364036]
[3364040, 3364040]
[3364044, 3364044]
[3364048, 3364048]
[3364052, 3364052]
[3364056, 3364056]
[3364060, 3364060]
[3364064, 3364064]
[3364068, 3364068]
[3364072, 3364072]
[3364076, 3364076]
[3364080, 3364080]
[3364084, 3364084]
[3364088, 3364088]
[3364092, 3364092]
[3364096, 3364096]
[3364100, 3364100]
[3364104, 3364104]
[3364228, 3364228]
[3364232, 3364232]
[3364236, 3364236]
[3364244, 3364244]
[3364248, 3364248]
[3364252, 3364252]
[3364256, 3364256]
[3364260, 3364260]
[3364264, 3364264]
[3364268, 3364268]
[3364272, 3364272]
[3364276, 3364276]
[3364280, 3364280]
[3364284, 3364284]
[3364288, 3364288]
[3364292, 3364292]
[3364296, 3364296]
[3364300, 3364300]
[3364304, 3364304]
[3364308, 3364308]
[3364312, 3364312]
[3364316, 3364316]
[3364320, 3364320]
[3364324, 3364324]
[3364328, 3364328]
[3364332, 3364332]
[3364336, 3364336]
[3364340, 3364340]
[3364344, 3364344]
[3364348, 3364348]
[3364352, 3364352]
[3364356, 3364356]
[3364360, 3364360]
[3364364, 3364364]
[3364368, 3364368]
[3364372, 3364372]
[3364376, 3364376]
[3364380, 3364380]
[3364384, 3364384]
[3364552, 3364552]
[3364556, 3364556]
[3364560, 3364560]
[3364568, 3364568]
[3364572, 3364572]
[3364576, 3364576]
[3364580, 3364580]
[3364584, 3364584]
[3364588, 3364588]
[3364592, 3364592]
[3364596, 3364596]
[3364600, 3364600]
[3364604, 3364604]
[3364608, 3364608]
[3364612, 3364612]
[3364616, 3364616]
[3364620, 3364620]
[3364624, 3364624]
[3364628, 3364628]
[3364632, 3364632]
[3364636, 3364636]
[3364640, 3364640]
[3364644, 3364644]
[3364648, 3364648]
[3364652, 3364652]
[3364656, 3364656]
[3364660, 3364660]
[3364664, 3364664]
[3364668, 3364668]
[3364672, 3364672]
[3364676, 3364676]
[3364680, 3364680]
[3364684, 3364684]
[3364688, 3364688]
[3364692, 3364692]
[3364696, 3364696]
[3364700, 3364700]
[3364704, 3364704]
[3364708, 3364708]
[3364856, 3364856]
[3364860, 3364860]
[3364864, 3364864]
[3364872, 3364872]
[3364876, 3364876]
[3364880, 3364880]
[3364884, 3364884]
[3364888, 3364888]
[3364892, 3364893]
[3364896, 3364896]
[3364900, 3364900]
[3364904, 3364904]
[3364908, 3364908]
[3364912, 3364912]
[3364916, 3364916]
[3364920, 3364920]
[3364924, 3364924]
[3364928, 3364928]
[3364932, 3364932]
[3364936, 3364936]
[3364940, 3364940]
[3364944, 3364944]
[3364948, 3364948]
[3364952, 3364952]
[3364956, 3364956]
[3364960, 3364960]
[3364964, 3364964]
[3364968, 3364968]
[3364972, 3364972]
[3364976, 3364976]
[3364980, 3364980]
[3364984, 3364984]
[3364988, 3364988]
[3364992, 3364992]
[3364996, 3364996]
[3365000, 3365000]
[3365004, 3365004]
[3365008, 3365008]
[3365012, 3365012]
[3365168, 3365168]
[3365172, 3365172]
[3365176, 3365176]
[3365180, 3365180]
[3365184, 3365184]
[3365188, 3365188]
[3365196, 3365196]
[3365200, 3365200]
[3365204, 3365204]
[3365208, 3365208]
[3365212, 3365212]
[3365216, 3365216]
[3365220, 3365220]
[3365224, 3365224]
[3365228, 3365228]
[3365232, 3365232]
[3365236, 3365236]
[3365240, 3365240]
[3365244, 3365244]
[3365248, 3365248]
[3365252, 3365252]
[3365256, 3365256]
[3365260, 3365260]
[3365264, 3365264]
[3365268, 3365268]
[3365272, 3365272]
[3365276, 3365276]
[3365280, 3365280]
[3365284, 3365284]
[3365288, 3365288]
[3365416, 3365416]
[3365420, 3365420]
[3365424, 3365424]
[3365436, 3365436]
[3365440, 3365440]
[3365444, 3365444]
[3365448, 3365448]
[3365452, 3365452]
[3365456, 3365456]
[3365460, 3365460]
[3365464, 3365464]
[3365468, 3365468]
[3365472, 3365472]
[3365476, 3365476]
[3365500, 3365500]
[3365504, 3365504]
[3365508, 3365508]
[3365512, 3365512]
[3365516, 3365517]
[3365520, 3365520]
[3365524, 3365524]
[3365528, 3365528]
[3365532, 3365532]
[3365536, 3365536]
[3365540, 3365540]
[3365544, 3365544]
[3365548, 3365548]
[3365552, 3365552]
[3365556, 3365556]
[3365560, 3365560]
[3365564, 3365564]
[3365568, 3365568]
[3365572, 3365572]
[3365576, 3365576]
[3365580, 3365580]
[3365584, 3365584]
[3365596, 3365596]
[3365600, 3365600]
[3365604, 3365604]
[3365608, 3365608]
[3365612, 3365612]
[3365616, 3365616]
[3365620, 3365620]
[3365624, 3365624]
[3365628, 3365628]
[3365632, 3365632]
[3365636, 3365636]
[3365640, 3365640]
[4503664, 4503664]
[4503668, 4503668]
[4503672, 4503672]
[4503680, 4503680]
[4503684, 4503684]
[4503688, 4503688]
[4503692, 4503692]
[4503700, 4503700]
[4503704, 4503704]
[4503708, 4503708]
[4558384, 4558384]
[4558392, 4558392]
[4563860, 4563860]
[4563868, 4563868]
[4563872, 4563872]
[4563876, 4563876]
[4563880, 4563880]
[4563888, 4563888]
[4563892, 4563892]
[4569364, 4569364]
[4569376, 4569376]
[4684236, 4684236]
[4684244, 4684244]
[4684248, 4684248]
[4684256, 4684256]
[4689720, 4689720]
[4689728, 4689728]
[4689732, 4689732]
[4689736, 4689736]
[4689740, 4689740]
[4689748, 4689748]
[4689752, 4689752]
[4695216, 4695216]
[4695224, 4695224]
[4695228, 4695228]
[4695236, 4695236]
[4749912, 4749912]
[4749920, 4749920]
[4749924, 4749924]
[4749928, 4749928]
[4749932, 4749932]
[4749940, 4749940]
[4749944, 4749944]
[4755408, 4755408]
[4755416, 4755416]
[4755420, 4755420]
[4755428, 4755428]
[4810104, 4810104]
[4810112, 4810112]
[4810116, 4810116]
[4810124, 4810124]
[4815588, 4815588]
[4815596, 4815596]
[4815600, 4815600]
[4815604, 4815604]
[4815608, 4815608]
[4815616, 4815616]
[4815620, 4815620]
[4870296, 4870296]
[4870304, 4870304]
[4870308, 4870308]
[4870316, 4870316]
[4875780, 4875780]
[4875788, 4875788]
[4875792, 4875792]
[4875796, 4875796]
[4875800, 4875800]
[4875808, 4875808]
[4875812, 4875812]
[4881280, 4881280]
[4881288, 4881288]
[4881292, 4881292]
[5484844, 5484844]
[5484864, 5484864]
[5485028, 5485028]
[5485124, 5485134]
[5485136, 5485156]
[5485165, 5485167]
[5485169, 5485179]
[5485181, 5485187]
[5485190, 5485206]
[5485376, 5485376]
[5494492, 5494492]
